raceId,driverId,stop,lap,time,duration,milliseconds
258,100,1,1,14:01:34,49.111,49111
258,79,1,17,14:20:46,28.482,28482
258,57,1,18,14:22:35,43.745,43745
258,71,1,18,14:23:00,21.992,21992
258,105,1,19,14:24:39,27.693,27693
258,91,1,19,14:24:41,24.806,24806
258,44,1,18,14:25:13,53.89,53890
258,94,1,22,14:28:34,34.437,34437
258,30,1,23,14:28:40,23.342,23342
258,104,1,23,14:29:00,56.753,56753
258,50,1,24,14:29:34,24.689,24689
258,49,1,24,14:30:50,26.081,26081
258,103,1,24,14:31:46,24.9,24900
258,88,1,26,14:33:57,27.417,27417
258,77,1,27,14:34:28,24.334,24334
258,84,1,27,14:34:33,30.57,30570
258,81,1,28,14:34:50,27.201,27201
258,107,1,27,14:35:13,29.481,29481
258,65,1,27,14:35:44,25.154,25154
258,22,1,31,14:39:42,26.15,26150
258,83,1,30,14:39:47,27.335,27335
258,79,2,38,14:49:46,27.961,27961
258,100,2,39,14:50:32,23.841,23841
258,71,2,42,14:53:38,21.411,21411
258,44,2,39,14:53:56,24.235,24235
258,105,2,42,14:54:52,22.694,22694
258,104,2,46,14:59:31,25.039,25039
258,91,2,48,15:02:35,26.491,26491
258,30,2,51,15:04:18,24.181,24181
258,94,2,51,15:06:42,26.896,26896
258,84,2,53,15:07:00,24.524,24524
258,81,2,53,15:07:26,26.23,26230
258,50,2,54,15:09:39,23.846,23846
258,77,2,57,15:11:53,23.066,23066
258,107,2,54,15:12:33,29.39,29390
258,49,2,56,15:12:37,26.863,26863
258,65,2,55,15:13:06,47.273,47273
258,83,2,58,15:17:47,25.566,25566
258,22,2,63,15:19:47,33.985,33985
258,44,3,59,15:20:32,25.894,25894
258,105,3,63,15:22:17,24.276,24276
259,30,1,12,14:11:23,22.226,22226
259,110,1,14,14:13:25,25.751,25751
259,77,1,15,14:14:16,20.219,20219
259,65,1,15,14:14:51,21.721,21721
259,57,1,19,14:20:09,21.705,21705
259,87,1,19,14:20:33,23.713,23713
259,103,1,19,14:20:55,55.371,55371
259,92,1,19,14:21:12,37.006,37006
259,81,1,20,14:21:45,25.398,25398
259,79,1,20,14:23:11,22.256,22256
259,44,1,21,14:23:48,21.326,21326
259,104,1,22,14:24:39,21.193,21193
259,94,1,22,14:24:53,23.669,23669
259,49,1,23,14:26:22,24.356,24356
259,105,1,26,14:31:25,24.607,24607
259,78,1,29,14:34:34,23.539,23539
259,49,2,29,14:35:26,37.857,37857
259,30,2,30,14:35:51,20.358,20358
259,94,2,32,14:40:05,50.388,50388
259,44,2,31,14:40:36,23.308,23308
259,110,2,35,14:44:50,22.262,22262
259,91,1,36,14:45:15,22.260,22260
259,65,2,36,14:46:24,20.800,20800
259,57,2,37,14:46:37,20.763,20763
259,103,2,37,14:48:32,23.291,23291
259,71,1,37,14:48:39,21.532,21532
259,84,1,39,14:49:56,37.899,37899
259,81,2,40,14:51:08,23.392,23392
259,104,2,42,14:53:59,22.823,22823
259,79,2,41,14:54:00,22.107,22107
259,49,3,43,14:56:01,20.493,20493
259,30,3,44,14:56:04,15.946,15946
259,103,3,42,14:56:34,1:09.764,69764
259,105,2,45,15:01:28,23.740,23740
261,103,1,8,14:10:57,33.230,33230
261,57,1,16,14:21:51,32.864,32864
261,14,1,17,14:23:36,1:27.166,87166
261,77,1,17,14:23:52,32.588,32588
261,84,1,18,14:25:07,38.584,38584
261,100,1,18,14:25:10,38.183,38183
261,109,1,19,14:26:34,33.778,33778
261,56,1,19,14:26:36,37.599,37599
261,55,1,20,14:28:02,35.390,35390
261,87,1,20,14:28:06,35.950,35950
261,94,1,20,14:28:38,34.701,34701
261,44,1,20,14:28:53,34.216,34216
261,30,1,22,14:30:17,37.571,37571
261,65,1,21,14:30:18,37.228,37228
261,22,1,22,14:31:04,51.350,51350
261,101,1,22,14:32:39,40.093,40093
261,103,2,23,14:34:15,33.740,33740
261,70,1,24,14:35:08,33.723,33723
261,57,2,31,14:44:05,33.028,33028
261,92,1,30,14:45:20,45.196,45196
261,87,2,37,14:53:46,33.927,33927
261,101,2,36,14:54:58,42.625,42625
261,55,2,39,14:56:44,36.185,36185
261,109,2,41,14:59:11,42.301,42301
261,84,2,41,14:59:26,36.647,36647
261,71,1,42,15:00:20,32.748,32748
261,44,2,41,15:01:05,34.405,34405
261,56,2,42,15:01:06,37.731,37731
261,94,2,42,15:02:06,34.862,34862
261,65,2,42,15:02:25,32.096,32096
261,103,3,43,15:05:03,32.800,32800
261,30,2,46,15:06:23,30.614,30614
261,57,3,46,15:06:27,33.668,33668
261,70,2,45,15:08:20,35.266,35266
261,56,3,49,15:12:23,1:02.740,62740
261,109,3,53,15:17:31,37.067,37067
262,70,1,14,14:21:56,34.735,34735
262,87,1,16,14:22:56,32.880,32880
262,65,1,17,14:26:05,33.429,33429
262,79,1,18,14:27:31,1:03.283,63283
262,57,1,18,14:27:31,34.007,34007
262,100,1,18,14:27:52,34.691,34691
262,110,1,20,14:30:46,37.358,37358
262,92,1,20,14:31:44,1:07.482,67482
262,22,1,21,14:31:59,34.881,34881
262,77,1,22,14:33:29,31.817,31817
262,103,1,22,14:34:38,31.949,31949
262,56,1,23,14:35:08,33.688,33688
262,81,1,24,14:36:37,35.374,35374
262,100,2,27,14:42:07,36.308,36308
262,106,1,30,14:46:25,41.808,41808
262,55,1,31,14:46:55,36.315,36315
262,87,2,32,14:49:15,32.979,32979
262,71,1,33,14:49:56,36.301,36301
262,94,1,33,14:51:03,35.359,35359
262,14,1,34,14:52:01,36.382,36382
262,101,1,33,14:52:31,38.723,38723
262,109,1,35,14:53:54,36.501,36501
262,104,1,36,14:55:10,39.019,39019
262,30,1,40,15:00:10,35.128,35128
262,79,2,39,15:00:28,42.423,42423
262,105,1,39,15:00:47,35.626,35626
262,100,3,39,15:01:12,35.450,35450
262,44,1,40,15:02:46,34.494,34494
262,57,2,43,15:05:52,32.599,32599
262,65,2,43,15:06:36,39.160,39160
262,77,2,44,15:07:21,32.530,32530
262,22,2,45,15:09:00,34.285,34285
262,103,2,45,15:11:41,30.502,30502
262,81,2,50,15:16:55,42.035,42035
262,87,3,51,15:18:39,32.684,32684
262,22,3,52,15:20:10,20.480,20480
262,101,2,54,15:26:37,58.630,58630
263,50,1,12,14:15:25,46.887,46887
263,95,1,19,14:24:27,26.166,26166
263,55,1,20,14:25:49,25.678,25678
263,49,1,21,14:27:44,29.049,29049
263,84,1,21,14:27:45,25.491,25491
263,79,1,21,14:27:57,26.802,26802
263,30,1,21,14:28:23,24.890,24890
263,105,1,21,14:28:23,36.192,36192
263,71,1,21,14:28:24,26.825,26825
263,77,1,21,14:28:37,29.268,29268
263,57,1,22,14:29:08,26.267,26267
263,110,1,22,14:29:17,25.427,25427
263,65,1,23,14:30:51,28.020,28020
263,50,2,23,14:31:16,24.345,24345
263,101,1,23,14:31:22,30.110,30110
263,44,1,24,14:32:06,27.709,27709
263,94,1,24,14:32:09,27.679,27679
263,22,1,25,14:32:54,29.560,29560
263,103,1,26,14:35:17,29.184,29184
263,111,1,27,14:37:44,52.387,52387
263,95,2,30,14:39:59,23.657,23657
263,100,1,31,14:42:20,37.985,37985
263,104,1,32,14:43:23,28.026,28026
263,106,1,33,14:45:20,32.062,32062
263,87,1,33,14:45:28,4:30.350,270350
263,30,2,38,14:50:22,23.026,23026
263,103,2,40,14:55:27,51.739,51739
263,79,2,44,15:00:26,25.753,25753
263,77,2,45,15:00:33,26.677,26677
263,71,2,46,15:01:28,24.232,24232
263,57,2,46,15:02:44,25.523,25523
263,49,2,47,15:04:14,28.151,28151
263,110,2,47,15:04:37,30.953,30953
263,94,2,47,15:04:38,28.978,28978
263,65,2,48,15:06:18,26.907,26907
263,111,2,51,15:12:41,45.164,45164
263,30,3,55,15:14:57,22.851,22851
264,71,1,15,14:22:00,38.997,38997
264,44,1,15,14:22:53,41.375,41375
264,87,1,16,14:24:18,40.720,40720
264,30,1,17,14:24:58,38.654,38654
264,14,1,17,14:25:44,40.234,40234
264,103,1,17,14:26:38,40.315,40315
264,79,1,18,14:27:12,40.842,40842
264,101,1,18,14:28:27,45.298,45298
264,87,2,19,14:29:35,4:01.559,241559
264,22,1,20,14:29:57,40.252,40252
264,50,1,20,14:30:15,41.155,41155
264,44,2,21,14:32:40,47.456,47456
264,77,1,22,14:32:55,38.494,38494
264,106,1,25,14:37:25,46.855,46855
264,30,2,27,14:40:17,35.501,35501
264,94,1,27,14:41:48,42.260,42260
264,65,1,27,14:41:51,42.741,42741
264,55,1,28,14:41:59,44.203,44203
264,57,1,28,14:42:10,40.455,40455
264,49,1,28,14:42:30,42.470,42470
264,111,1,29,14:45:54,48.323,48323
264,104,1,30,14:46:23,42.915,42915
264,105,1,31,14:48:02,46.320,46320
264,44,3,34,14:53:13,40.958,40958
264,71,2,38,14:56:36,39.162,39162
264,30,3,38,14:56:52,38.529,38529
264,79,2,39,14:57:56,40.423,40423
264,101,2,37,14:58:40,44.296,44296
264,14,2,39,14:59:22,40.120,40120
264,103,2,39,15:01:07,40.090,40090
264,22,2,41,15:02:02,40.537,40537
264,50,2,41,15:02:43,41.749,41749
265,14,1,1,14:01:59,1:35.916,95916
265,71,1,1,14:02:05,3:12.227,192227
265,30,1,12,14:21:49,30.019,30019
265,84,1,12,14:22:14,28.948,28948
265,81,1,14,14:26:01,33.080,33080
265,14,2,16,14:30:42,2:09.563,129563
265,106,1,19,14:35:30,34.628,34628
265,100,1,21,14:39:08,37.739,37739
265,101,1,21,14:39:50,43.953,43953
265,44,1,22,14:40:29,30.921,30921
265,104,1,22,14:40:46,32.285,32285
265,111,1,22,14:41:49,1:00.392,60392
265,103,1,23,14:42:26,31.625,31625
265,71,2,22,14:42:45,31.181,31181
265,81,2,29,14:54:09,29.366,29366
266,70,1,5,14:07:28,49.113,49113
266,111,1,9,14:13:24,\N,\N
266,70,2,9,14:14:03,2:47.323,167323
266,110,1,16,14:22:54,30.407,30407
266,100,1,16,14:22:55,31.534,31534
266,30,1,17,14:23:12,28.195,28195
266,84,1,19,14:26:39,30.235,30235
266,106,1,19,14:27:32,31.445,31445
266,14,1,20,14:27:48,29.945,29945
266,81,1,20,14:28:37,31.414,31414
266,112,1,21,14:30:03,\N,\N
266,55,1,24,14:33:41,31.508,31508
266,71,1,25,14:34:30,32.050,32050
266,50,1,25,14:35:18,29.122,29122
266,101,1,25,14:36:02,35.814,35814
266,49,1,26,14:36:43,31.201,31201
266,94,1,26,14:36:50,31.837,31837
266,44,1,27,14:38:08,29.921,29921
266,105,1,29,14:41:21,44.556,44556
266,77,1,32,14:45:05,31.679,31679
266,87,1,33,14:46:47,38.308,38308
266,30,2,37,14:51:14,29.269,29269
266,104,1,37,14:53:50,31.411,31411
266,103,1,38,14:55:19,32.248,32248
266,70,3,36,14:55:59,32.057,32057
266,100,2,41,14:59:29,31.231,31231
266,106,2,45,15:05:19,31.762,31762
266,84,2,47,15:06:28,29.763,29763
266,14,2,48,15:07:50,29.973,29973
266,44,2,50,15:11:06,30.934,30934
266,71,2,51,15:11:13,28.944,28944
266,94,2,50,15:11:23,29.529,29529
266,55,2,51,15:12:09,31.067,31067
266,50,2,51,15:12:15,29.357,29357
266,101,2,51,15:14:15,37.077,37077
266,105,2,54,15:17:33,\N,\N
266,30,3,58,15:20:32,27.962,27962
267,65,1,6,14:13:37,3:15.071,195071
267,104,1,10,14:21:09,36.229,36229
267,57,1,11,14:22:16,34.784,34784
267,87,1,11,14:22:43,34.487,34487
267,71,1,12,14:24:11,36.242,36242
267,84,1,12,14:24:40,35.369,35369
267,14,1,13,14:26:11,35.897,35897
267,30,1,14,14:27:55,35.419,35419
267,79,1,14,14:28:58,35.599,35599
267,94,1,14,14:29:18,35.734,35734
267,50,1,15,14:30:45,35.783,35783
267,56,1,15,14:30:50,35.083,35083
267,105,1,15,14:31:27,35.548,35548
267,101,1,15,14:32:17,40.119,40119
267,103,1,16,14:33:41,35.376,35376
267,65,2,15,14:35:05,34.067,34067
267,44,1,17,14:35:27,39.089,39089
267,110,1,17,14:35:32,41.120,41120
267,22,1,18,14:36:35,38.774,38774
267,81,1,20,14:41:39,39.310,39310
267,111,1,22,14:47:31,41.997,41997
267,104,2,24,14:50:14,49.208,49208
267,57,2,25,14:50:46,36.257,36257
267,30,2,28,14:56:24,34.381,34381
267,71,2,28,14:56:34,34.558,34558
267,87,2,28,14:57:20,34.699,34699
267,94,2,28,14:58:26,34.592,34592
267,14,2,29,14:58:32,34.633,34633
267,103,2,29,15:01:14,34.004,34004
267,50,2,30,15:01:18,35.274,35274
267,56,2,30,15:01:33,35.189,35189
267,101,2,29,15:02:35,40.549,40549
267,65,3,29,15:03:49,34.397,34397
267,44,2,31,15:04:08,52.678,52678
267,105,2,31,15:04:42,41.005,41005
267,14,3,37,15:14:49,48.562,48562
268,44,1,1,14:01:45,50.948,50948
268,87,1,10,14:15:00,36.649,36649
268,79,1,12,14:17:39,41.443,41443
268,109,1,17,14:25:28,26.65,26650
268,22,1,23,14:34:02,26.614,26614
268,77,1,24,14:35:00,29.759,29759
268,101,1,23,14:35:09,30.799,30799
268,44,2,23,14:35:13,48.717,48717
268,84,1,24,14:35:54,25.674,25674
268,94,1,24,14:36:00,25.719,25719
268,109,2,24,14:36:20,30.33,30330
268,71,1,25,14:36:28,25.445,25445
268,14,1,26,14:37:57,24.417,24417
268,100,1,26,14:39:04,26.857,26857
268,56,1,26,14:39:05,27.798,27798
268,103,1,26,14:39:10,25.045,25045
268,105,1,26,14:39:22,30.023,30023
268,57,1,27,14:39:47,25.453,25453
268,104,1,30,14:44:49,25.005,25005
268,87,2,32,14:47:45,22.72,22720
268,79,2,34,14:50:29,22.108,22108
268,109,3,34,14:51:48,24.438,24438
268,44,3,38,14:59:06,24.266,24266
269,94,1,11,14:16:24,57.255,57255
269,101,1,15,14:22:12,45.367,45367
269,14,1,18,14:25:05,29.263,29263
269,81,1,18,14:26:02,30.45,30450
269,71,1,19,14:26:35,28.465,28465
269,87,1,19,14:27:10,28.532,28532
269,50,1,20,14:28:29,27.124,27124
269,84,1,20,14:28:31,27.62,27620
269,79,1,21,14:30:37,30.411,30411
269,101,2,21,14:31:36,31.92,31920
269,65,1,22,14:31:45,29.938,29938
269,103,1,22,14:31:52,28.995,28995
269,55,1,23,14:32:24,29.084,29084
269,57,1,23,14:32:26,28.213,28213
269,56,1,23,14:32:59,28.351,28351
269,44,1,24,14:34:27,27.047,27047
269,109,1,24,14:34:28,27.18,27180
269,111,1,24,14:35:21,32.034,32034
269,22,1,26,14:36:45,29.139,29139
269,113,1,25,14:37:38,32.074,32074
269,114,1,34,14:50:06,40.259,40259
269,104,1,35,14:50:20,31.149,31149
269,94,2,34,14:50:40,28.444,28444
269,110,1,36,14:52:09,32.301,32301
269,105,1,37,14:54:23,32.665,32665
269,84,2,43,15:01:39,28.179,28179
269,81,2,44,15:03:37,29.698,29698
269,14,2,46,15:05:08,28.622,28622
269,103,2,45,15:05:26,31.963,31963
269,50,2,46,15:05:48,28.578,28578
269,71,2,47,15:06:31,27.117,27117
269,57,2,47,15:06:58,26.789,26789
269,87,2,47,15:07:48,28.594,28594
269,56,2,47,15:07:52,29.026,29026
269,44,2,47,15:07:52,25.872,25872
269,65,2,47,15:08:25,29.943,29943
269,109,2,48,15:09:21,29.617,29617
269,111,2,47,15:09:35,32.759,32759
269,22,2,49,15:09:55,27.789,27789
269,113,2,50,15:15:48,30.434,30434
269,111,3,65,15:37:39,41.585,41585
270,104,1,1,14:01:43,1:35.430,95430
270,104,2,12,14:19:28,26.705,26705
270,30,1,15,14:21:26,25.796,25796
270,95,1,15,14:22:08,1:13.542,73542
270,87,1,16,14:23:41,29.698,29698
270,105,1,16,14:23:54,32.024,32024
270,81,1,17,14:25:08,28.419,28419
270,71,1,18,14:25:45,26.953,26953
270,77,1,18,14:26:32,27.074,27074
270,65,1,18,14:26:33,27.959,27959
270,110,1,18,14:26:44,30.865,30865
270,101,1,18,14:27:20,34.177,34177
270,55,1,20,14:29:30,28.002,28002
270,100,1,20,14:29:48,28.956,28956
270,22,1,21,14:30:54,27.827,27827
270,70,1,21,14:31:31,28.502,28502
270,79,1,22,14:32:39,27.022,27022
270,93,1,22,14:34:09,36.760,36760
270,94,1,23,14:34:28,29.398,29398
270,103,1,23,14:34:37,35.850,35850
270,57,1,24,14:35:19,23.777,23777
270,44,1,24,14:35:24,25.848,25848
270,56,1,25,14:36:45,26.910,26910
270,30,2,33,14:47:31,25.577,25577
270,104,3,31,14:47:48,27.648,27648
270,49,1,33,14:48:27,30.351,30351
270,71,2,35,14:50:39,26.977,26977
270,105,2,34,14:51:02,31.449,31449
270,81,2,35,14:51:56,30.151,30151
270,79,2,40,14:59:19,27.541,27541
270,57,2,41,15:00:20,26.411,26411
270,65,2,41,15:00:46,29.412,29412
270,101,2,40,15:01:20,32.099,32099
270,77,2,42,15:01:51,28.426,28426
270,95,2,42,15:02:40,28.521,28521
270,44,2,43,15:03:45,25.455,25455
270,55,2,43,15:03:46,29.075,29075
270,70,2,44,15:06:12,28.268,28268
270,87,2,45,15:06:58,28.339,28339
270,95,3,45,15:07:30,26.889,26889
270,94,2,45,15:07:37,30.570,30570
270,93,2,44,15:08:56,36.380,36380
270,22,2,47,15:09:14,26.480,26480
270,103,2,46,15:10:09,29.336,29336
270,56,2,49,15:12:02,28.223,28223
270,104,4,48,15:13:02,29.089,29089
270,30,3,52,15:15:17,26.934,26934
270,81,3,52,15:17:13,27.027,27027
270,105,3,52,15:18:09,28.946,28946
270,22,3,60,15:29:06,32.503,32503
271,63,1,14,14:03:15,40.99,40990
271,101,1,14,14:03:18,42.822,42822
271,30,1,18,14:12:56,34.569,34569
271,49,1,20,14:17:12,38.93,38930
271,87,1,21,14:19:25,36.414,36414
271,101,2,21,14:20:04,46.126,46126
271,71,1,25,14:26:40,35.113,35113
271,95,1,26,14:29:02,35.665,35665
271,57,1,27,14:31:23,33.63,33630
271,55,1,29,14:34:58,35.69,35690
271,104,1,30,14:37:39,37.541,37541
271,56,1,33,14:43:15,35.977,35977
271,100,1,35,14:48:03,36.863,36863
271,30,2,40,14:56:54,32.831,32831
272,93,1,9,14:12:54,9:47.176,587176
272,87,1,14,14:19:00,23.574,23574
272,104,1,15,14:20:18,23.997,23997
272,55,1,17,14:22:34,23.884,23884
272,70,1,17,14:22:53,25.098,25098
272,30,1,18,14:23:21,22.473,22473
272,71,1,18,14:23:22,22.855,22855
272,109,1,19,14:26:04,27.735,27735
272,44,1,20,14:26:49,26.634,26634
272,101,1,21,14:28:59,31.194,31194
272,84,1,25,14:33:19,25.408,25408
272,49,1,25,14:33:29,26.121,26121
272,95,1,26,14:34:29,25.801,25801
272,63,1,26,14:35:40,34.369,34369
272,94,1,27,14:36:49,25.269,25269
272,116,1,27,14:37:10,25.382,25382
272,57,1,28,14:37:14,25.769,25769
272,22,1,28,14:37:17,22.672,22672
272,98,1,29,14:41:48,27.490,27490
272,77,1,34,14:45:12,23.634,23634
272,104,2,35,14:47:35,24.612,24612
272,44,2,38,14:51:05,23.861,23861
272,70,2,38,14:51:35,24.523,24523
272,55,2,39,14:52:09,1:11.633,71633
272,105,1,40,14:54:41,28.606,28606
272,98,2,39,14:56:33,15.719,15719
272,101,2,46,15:03:43,30.278,30278
272,87,2,48,15:04:58,23.570,23570
272,22,2,50,15:06:53,23.474,23474
272,109,2,49,15:07:35,28.572,28572
272,104,3,51,15:09:22,24.366,24366
272,84,2,52,15:09:41,24.119,24119
272,49,2,53,15:11:28,27.524,27524
272,95,2,54,15:11:47,25.078,25078
272,57,2,54,15:12:06,24.311,24311
272,116,2,54,15:14:31,26.627,26627
272,94,2,55,15:15:00,25.519,25519
272,77,2,57,15:15:43,23.684,23684
272,98,3,53,15:17:10,30.075,30075
272,22,3,58,15:17:49,14.014,14014
272,44,3,58,15:18:06,23.290,23290
272,55,3,59,15:19:39,30.759,30759
272,98,4,56,15:22:08,6:24.951,384951
272,57,3,62,15:23:04,14.020,14020
272,105,2,65,15:29:27,26.798,26798
240,55,1,17,14:23:54,34.456,34456
240,30,1,18,14:24:51,32.323,32323
240,88,1,19,14:26:55,37.088,37088
240,65,1,20,14:28:14,43.376,43376
240,87,1,20,14:28:21,38.853,38853
240,71,1,21,14:28:55,34.316,34316
240,63,1,21,14:29:33,31.557,31557
240,81,1,21,14:29:47,37.818,37818
240,14,1,22,14:30:25,34.174,34174
240,57,1,23,14:32:09,44.698,44698
240,69,1,23,14:33:43,38.891,38891
240,92,1,23,14:33:51,1:04.055,64055
240,91,1,24,14:34:24,33.898,33898
240,77,1,27,14:37:46,45.636,45636
240,85,1,26,14:38:39,1:13.724,73724
240,88,2,32,14:44:24,44.601,44601
240,89,1,32,14:47:15,41.100,41100
240,30,2,35,14:48:35,31.807,31807
240,91,2,38,14:55:07,3:06.605,186605
240,63,2,39,14:55:19,33.690,33690
240,90,1,40,15:00:03,42.278,42278
240,57,2,43,15:00:35,38.170,38170
240,55,2,44,15:02:10,36.548,36548
240,89,2,41,15:02:45,5:26.335,326335
240,81,2,46,15:05:23,35.897,35897
240,87,2,46,15:05:25,36.203,36203
240,77,2,50,15:09:06,32.244,32244
240,30,3,53,15:13:31,31.346,31346
240,85,2,49,15:14:16,45.748,45748
241,56,1,1,14:02:03,59.885,59885
241,44,1,7,14:11:38,29.358,29358
241,93,1,7,14:11:45,36.996,36996
241,94,1,8,14:13:15,35.499,35499
241,88,1,8,14:13:19,46.448,46448
241,89,1,9,14:15:39,40.172,40172
241,90,1,11,14:19:47,55.668,55668
241,63,1,13,14:21:05,40.754,40754
241,77,1,14,14:23:09,1:21.476,81476
241,71,1,16,14:25:03,33.001,33001
241,30,1,17,14:26:57,26.804,26804
241,88,2,17,14:29:07,28.020,28020
241,79,1,20,14:32:57,30.206,30206
241,64,1,19,14:34:45,38.395,38395
241,50,1,22,14:35:57,57.517,57517
241,65,1,23,14:37:13,26.430,26430
241,81,1,23,14:37:37,29.880,29880
241,22,1,24,14:39:12,29.768,29768
241,55,1,26,14:40:58,28.918,28918
241,93,2,25,14:42:00,39.982,39982
241,88,3,27,14:45:21,29.163,29163
241,44,2,30,14:49:11,29.730,29730
241,49,1,32,14:51:35,30.657,30657
241,71,2,34,14:53:16,29.345,29345
241,30,2,35,14:55:23,37.476,37476
241,79,2,34,14:56:06,30.898,30898
241,88,4,35,14:58:47,29.893,29893
241,89,2,35,14:59:43,36.758,36758
241,94,2,36,14:59:45,33.401,33401
241,77,2,37,15:01:03,28.447,28447
241,90,2,34,15:01:13,34.771,34771
241,88,5,38,15:04:23,34.291,34291
241,64,2,37,15:07:52,32.644,32644
241,63,2,43,15:09:29,27.397,27397
241,65,2,47,15:15:43,28.072,28072
241,55,2,49,15:17:16,27.932,27932
241,71,3,50,15:18:45,26.612,26612
241,93,3,48,15:20:29,37.682,37682
241,44,3,51,15:23:20,28.014,28014
241,30,3,53,15:24:10,26.340,26340
241,90,3,50,15:30:13,36.528,36528
241,79,3,56,15:32:21,29.704,29704
242,81,1,1,14:02:55,36.902,36902
242,91,1,3,14:06:38,39.05,39050
242,69,1,3,14:06:46,30.811,30811
242,77,1,6,14:10:58,26.248,26248
242,55,1,8,14:14:49,23.37,23370
242,22,1,8,14:15:03,27.91,27910
242,65,1,9,14:18:01,13.035,13035
242,30,1,10,14:18:04,25.91,25910
242,71,1,10,14:18:09,25.649,25649
242,69,2,9,14:18:47,26.715,26715
242,50,1,10,14:19:05,24.625,24625
242,14,1,11,14:19:52,26.592,26592
242,65,2,11,14:21:55,25.631,25631
242,91,2,12,14:24:41,25.577,25577
242,57,1,16,14:29:22,36.906,36906
242,85,1,15,14:29:50,28.641,28641
242,63,1,18,14:32:49,26.381,26381
242,79,1,19,14:34:23,26.585,26585
242,92,1,19,14:35:55,31.5,31500
242,88,1,20,14:37:58,27.648,27648
242,77,2,22,14:38:04,46.36,46360
242,94,1,21,14:39:09,27.362,27362
242,56,1,22,14:39:12,33.543,33543
242,49,1,23,14:40:59,28.418,28418
242,44,1,23,14:42:00,26.43,26430
242,69,3,22,14:42:05,34.421,34421
242,55,2,26,14:44:24,26.128,26128
242,94,2,24,14:44:50,42.183,42183
242,81,2,25,14:47:19,31.514,31514
242,91,3,25,14:47:21,27.997,27997
242,14,2,28,14:47:34,23.567,23567
242,93,1,26,14:48:01,43.823,43823
242,95,1,28,14:48:59,25.942,25942
242,71,2,30,14:50:32,24.267,24267
242,44,2,30,14:53:36,25.123,25123
242,90,1,28,14:54:20,31.452,31452
242,14,3,36,15:00:21,24.271,24271
242,77,3,37,15:02:14,26.969,26969
242,64,1,33,15:02:32,46.381,46381
242,44,3,39,15:08:00,30.033,30033
242,57,2,40,15:08:09,31.471,31471
242,88,2,40,15:10:21,26.899,26899
242,65,3,41,15:10:44,24.391,24391
242,55,3,43,15:10:59,23.735,23735
242,56,2,42,15:11:15,26.082,26082
242,49,2,42,15:11:25,26.442,26442
242,95,2,43,15:12:38,38.52,38520
242,14,4,44,15:13:04,37.605,37605
242,69,4,41,15:13:30,28.015,28015
242,94,3,42,15:14:47,26.485,26485
242,56,3,44,15:15:06,50.382,50382
242,95,3,44,15:15:40,32.568,32568
242,81,3,43,15:16:43,27.795,27795
242,71,3,47,15:16:43,31.422,31422
243,71,1,13,14:18:43,30.327,30327
243,14,1,14,14:20:14,27.607,27607
243,56,1,15,14:21:54,29.831,29831
243,95,1,15,14:22:22,29.250,29250
243,79,1,15,14:22:24,58.187,58187
243,81,1,15,14:22:25,34.549,34549
243,77,1,16,14:23:07,30.094,30094
243,64,1,15,14:23:58,1:34.331,94331
243,57,1,17,14:24:46,30.376,30376
243,22,1,17,14:24:54,29.227,29227
243,65,1,18,14:26:16,28.088,28088
243,55,1,19,14:27:20,28.080,28080
243,84,1,19,14:28:11,53.691,53691
243,69,1,19,14:28:38,34.483,34483
243,63,1,20,14:29:48,30.571,30571
243,90,1,19,14:29:56,34.645,34645
243,50,1,20,14:29:57,33.385,33385
243,30,1,21,14:30:02,28.369,28369
243,89,1,21,14:31:29,50.561,50561
243,49,1,22,14:32:33,31.522,31522
243,94,1,22,14:33:04,31.604,31604
243,44,1,23,14:34:09,31.622,31622
243,93,1,23,14:34:55,38.743,38743
243,91,1,23,14:34:56,38.260,38260
243,92,1,23,14:35:07,32.511,32511
243,71,2,30,14:43:33,28.245,28245
243,56,2,30,14:44:08,27.858,27858
243,14,2,31,14:45:09,27.616,27616
243,81,2,31,14:46:33,30.965,30965
243,57,2,32,14:46:54,26.510,26510
243,77,2,33,14:48:18,27.590,27590
243,22,2,33,14:48:38,28.905,28905
243,90,2,35,14:55:41,35.927,35927
243,44,2,39,14:57:59,28.868,28868
243,65,2,40,14:58:24,28.209,28209
243,79,2,39,14:58:55,30.274,30274
243,50,2,40,15:00:05,35.514,35514
243,63,2,41,15:01:13,29.914,29914
243,30,2,43,15:02:03,27.628,27628
243,84,2,42,15:02:43,30.266,30266
243,49,2,43,15:03:51,30.620,30620
243,93,2,42,15:04:12,32.600,32600
243,92,2,43,15:06:01,34.627,34627
243,94,2,44,15:06:39,30.691,30691
243,91,2,44,15:06:49,29.075,29075
243,57,3,46,15:07:39,28.026,28026
243,71,3,47,15:08:16,27.959,27959
243,56,3,47,15:09:06,27.606,27606
243,14,3,48,15:10:00,26.889,26889
243,81,3,48,15:12:04,33.261,33261
243,22,3,49,15:12:16,27.961,27961
243,77,3,50,15:13:14,27.887,27887
243,93,3,58,15:29:06,1:21.062,81062
244,81,1,6,14:09:22,1:22.577,82577
244,84,1,13,14:19:12,28.128,28128
244,49,1,13,14:19:24,27.960,27960
244,22,1,14,14:20:48,28.537,28537
244,44,1,14,14:20:50,26.909,26909
244,81,2,16,14:25:25,27.489,27489
244,85,1,18,14:27:31,28.854,28854
244,84,2,20,14:29:56,27.209,27209
244,22,2,22,14:33:03,28.258,28258
244,87,1,23,14:33:58,29.695,29695
244,85,2,22,14:34:02,1:24.772,84772
244,44,2,23,14:34:35,27.752,27752
244,71,1,24,14:34:36,27.682,27682
244,69,1,24,14:35:47,28.220,28220
244,77,1,25,14:36:15,24.715,24715
244,92,1,25,14:38:25,34.122,34122
244,94,1,26,14:38:59,28.392,28392
244,64,1,26,14:41:07,32.159,32159
244,30,1,36,14:51:48,28.376,28376
244,49,2,35,14:52:18,29.240,29240
244,81,3,34,14:52:52,49.944,49944
244,55,1,37,14:53:21,30.747,30747
244,96,1,36,14:54:23,33.739,33739
244,65,1,39,14:57:08,32.239,32239
244,63,1,42,15:03:35,29.156,29156
244,44,3,46,15:09:16,28.261,28261
244,22,3,48,15:12:13,27.869,27869
244,77,2,50,15:13:00,25.302,25302
244,87,2,50,15:14:04,26.325,26325
244,69,2,50,15:14:40,30.134,30134
244,71,2,52,15:15:24,25.068,25068
244,94,2,53,15:19:38,26.133,26133
244,64,2,52,15:21:52,48.630,48630
245,92,1,9,14:14:38,1:28.327,88327
245,94,1,10,14:16:08,29.283,29283
245,79,1,10,14:16:09,28.725,28725
245,63,1,12,14:19:05,29.049,29049
245,79,2,20,14:32:18,37.456,37456
245,94,2,23,14:36:59,29.071,29071
245,92,2,23,14:37:58,34.635,34635
245,94,3,24,14:38:56,32.672,32672
245,63,2,26,14:41:20,30.297,30297
245,79,3,27,14:43:41,30.323,30323
245,56,1,33,14:50:39,38.527,38527
245,90,1,31,14:51:23,34.393,34393
245,55,1,34,14:51:48,38.922,38922
245,71,1,34,14:51:59,38.404,38404
245,69,1,33,14:52:07,38.442,38442
245,22,1,34,14:52:08,39.069,39069
245,44,1,34,14:52:39,37.433,37433
245,81,1,34,14:52:58,45.416,45416
245,77,1,35,14:53:44,1:17.312,77312
245,87,1,35,14:54:37,35.623,35623
245,84,1,36,14:55:50,35.690,35690
245,89,1,36,14:57:03,36.169,36169
245,30,1,38,14:57:34,34.078,34078
245,79,4,41,15:05:52,4:11.174,251174
245,63,3,48,15:15:52,30.830,30830
245,94,4,48,15:16:57,32.885,32885
245,30,2,58,15:29:03,1:32.069,92069
246,77,1,47,15:06:13,27.575,27575
246,96,1,47,15:06:53,28.058,28058
246,63,1,47,15:07:48,26.165,26165
246,84,1,55,15:16:01,24.028,24028
246,85,1,48,15:17:58,28.751,28751
247,64,1,6,14:10:33,3:17.089,197089
247,90,1,10,14:16:45,1:13.215,73215
247,44,1,12,14:18:48,39.455,39455
247,64,2,10,14:20:58,4:23.054,263054
247,14,1,15,14:23:03,41.015,41015
247,22,1,15,14:23:13,40.165,40165
247,55,1,18,14:27:39,42.056,42056
247,85,1,17,14:27:46,42.161,42161
247,63,1,19,14:30:17,40.867,40867
247,77,1,20,14:30:56,42.890,42890
247,96,1,20,14:31:48,45.197,45197
247,65,1,21,14:32:17,39.886,39886
247,22,2,21,14:32:50,49.913,49913
247,71,1,22,14:33:24,40.303,40303
247,87,1,22,14:34:12,40.248,40248
247,92,1,21,14:34:13,44.218,44218
247,44,2,22,14:34:46,41.340,41340
247,90,2,27,14:44:17,47.295,47295
247,97,1,28,14:44:48,46.595,46595
247,49,1,29,14:45:25,43.229,43229
247,30,1,31,14:47:21,43.190,43190
247,94,1,30,14:47:49,45.490,45490
247,69,1,32,14:51:03,45.984,45984
247,55,2,39,15:00:21,42.111,42111
247,63,2,38,15:00:32,52.103,52103
247,65,2,40,15:01:48,40.396,40396
247,22,3,40,15:02:28,52.388,52388
247,71,2,41,15:02:37,40.581,40581
247,96,2,40,15:03:53,43.795,43795
247,87,2,41,15:04:00,38.878,38878
247,92,2,40,15:05:30,1:07.141,67141
247,44,3,42,15:06:06,43.794,43794
247,14,2,43,15:06:28,40.782,40782
247,14,3,51,15:19:13,38.909,38909
248,64,1,4,14:08:07,1:16.386,76386
248,77,1,5,14:08:59,29.858,29858
248,55,1,11,14:20:18,51.443,51443
248,85,1,11,14:21:00,34.554,34554
248,90,1,12,14:23:18,1:10.913,70913
248,44,1,13,14:24:04,36.880,36880
248,79,1,14,14:26:28,32.988,32988
248,22,1,15,14:27:22,31.811,31811
248,88,1,16,14:29:58,33.949,33949
248,86,1,16,14:31:49,36.788,36788
248,30,1,19,14:34:32,29.720,29720
248,90,2,18,14:36:10,59.242,59242
248,57,1,20,14:36:36,34.974,34974
248,49,1,22,14:40:54,33.360,33360
248,56,1,22,14:41:07,38.079,38079
248,69,1,22,14:41:38,33.889,33889
248,14,1,23,14:42:00,35.573,35573
248,77,2,23,14:42:36,37.950,37950
248,65,1,23,14:42:46,34.827,34827
248,96,1,23,14:43:08,35.588,35588
248,88,2,26,14:49:42,39.984,39984
248,56,2,28,14:53:10,33.686,33686
248,85,2,28,14:54:03,32.254,32254
248,79,2,30,14:57:14,31.146,31146
248,30,2,34,15:02:18,27.756,27756
249,14,1,16,14:21:55,31.93,31930
249,71,1,17,14:23:02,29.147,29147
249,30,1,17,14:23:16,26.948,26948
249,77,1,17,14:23:41,27.338,27338
249,84,1,17,14:23:42,28.657,28657
249,56,1,17,14:23:43,28.328,28328
249,44,1,18,14:25:14,29.404,29404
249,55,1,19,14:26:28,27.455,27455
249,65,1,19,14:26:30,28.109,28109
249,97,1,19,14:27:38,33.419,33419
249,85,1,21,14:30:43,34.674,34674
249,69,1,22,14:31:21,52.647,52647
249,49,1,23,14:32:10,29.513,29513
249,79,1,23,14:32:55,30.375,30375
249,64,1,23,14:34:27,32.037,32037
249,87,1,25,14:34:58,30.005,30005
249,22,1,25,14:35:01,29.998,29998
249,63,1,25,14:35:36,30.997,30997
249,83,1,25,14:35:39,38.965,38965
249,30,2,26,14:35:48,27.334,27334
249,96,1,26,14:37:47,29.994,29994
249,56,2,34,14:47:47,28.767,28767
249,14,2,36,14:49:54,28.287,28287
249,77,2,36,14:50:31,28.236,28236
249,65,2,36,14:50:32,30.897,30897
249,84,2,37,14:51:56,28.001,28001
249,71,2,38,14:52:03,27.355,27355
249,44,2,38,14:53:49,29.735,29735
249,55,2,39,14:54:29,27.929,27929
249,97,2,42,15:02:09,37.208,37208
249,30,3,48,15:06:12,29.057,29057
249,87,2,48,15:07:27,30.451,30451
249,22,2,48,15:07:28,30.773,30773
249,77,3,48,15:07:30,28.785,28785
249,85,2,46,15:07:55,31.548,31548
249,49,2,49,15:09:10,28.494,28494
249,69,2,49,15:10:24,31.903,31903
249,63,2,50,15:11:20,28.669,28669
249,96,2,50,15:12:30,33.83,33830
249,83,2,51,15:13:15,33.589,33589
249,56,3,52,15:13:16,29.606,29606
249,14,3,56,15:17:39,27.038,27038
249,84,3,56,15:18:46,28.635,28635
249,71,3,58,15:19:44,26.997,26997
249,65,3,59,15:23:01,28.534,28534
249,44,3,59,15:23:18,29.703,29703
250,55,1,5,14:07:51,55.030,55030
250,22,1,13,14:25:46,39.130,39130
250,65,1,14,14:27:27,34.491,34491
250,63,1,14,14:27:52,39.464,39464
250,71,1,15,14:28:59,36.083,36083
250,77,1,15,14:29:18,37.434,37434
250,56,1,15,14:29:24,38.124,38124
250,87,1,16,14:31:30,36.902,36902
250,79,1,16,14:31:52,38.985,38985
250,30,1,18,14:34:59,35.196,35196
250,22,2,18,14:36:05,43.009,43009
250,90,1,18,14:37:20,49.993,49993
250,86,1,18,14:37:47,45.279,45279
250,49,1,20,14:39:24,41.328,41328
250,77,2,20,14:39:56,4:13.067,253067
250,89,1,20,14:40:28,1:07.267,67267
250,86,2,19,14:40:32,41.908,41908
250,71,2,21,14:41:01,35.240,35240
250,44,1,21,14:41:27,44.662,44662
250,65,2,21,14:41:32,48.118,48118
250,87,2,21,14:41:52,39.650,39650
250,64,1,20,14:42:01,50.975,50975
250,49,2,21,14:42:09,59.004,59004
250,96,1,21,14:42:11,1:16.854,76854
250,69,1,21,14:42:22,42.302,42302
250,90,2,20,14:42:31,44.371,44371
250,84,1,22,14:43:48,43.582,43582
250,83,1,22,14:44:47,44.134,44134
250,96,2,25,14:52:40,34.520,34520
250,71,3,26,14:52:51,38.667,38667
250,44,2,26,14:53:38,35.365,35365
250,87,3,27,14:54:21,19.904,19904
250,65,3,27,14:56:02,39.211,39211
250,96,3,27,14:57:19,38.544,38544
250,87,4,28,14:58:50,34.662,34662
250,86,3,27,15:00:47,1:02.606,62606
250,44,3,29,15:01:10,51.548,51548
250,63,2,29,15:01:11,52.223,52223
250,22,3,29,15:01:21,43.046,43046
250,30,2,30,15:01:59,36.087,36087
250,71,4,30,15:02:25,40.470,40470
250,71,5,33,15:11:07,42.767,42767
251,63,1,12,14:18:26,29.658,29658
251,79,1,15,14:22:52,37.483,37483
251,64,1,22,14:34:25,29.375,29375
251,77,1,25,14:36:39,28.516,28516
251,49,1,25,14:37:15,24.661,24661
251,69,1,25,14:38:00,28.010,28010
251,55,1,26,14:38:12,26.581,26581
251,87,1,26,14:38:43,25.430,25430
251,97,1,26,14:39:33,27.724,27724
251,22,1,27,14:39:54,27.565,27565
251,96,1,27,14:41:21,26.169,26169
251,57,1,28,14:41:22,27.891,27891
251,56,1,28,14:41:38,27.298,27298
251,89,1,28,14:42:50,25.444,25444
251,65,1,30,14:44:19,24.069,24069
251,79,2,29,14:44:51,6:57.635,417635
251,63,2,31,14:47:20,23.569,23569
252,90,1,9,14:14:16,46.62,46620
252,44,1,10,14:14:38,30.65,30650
252,30,1,18,14:25:26,27.689,27689
252,71,1,18,14:25:27,36.095,36095
252,77,1,18,14:25:45,28.667,28667
252,84,1,18,14:25:58,30.904,30904
252,22,1,18,14:26:20,28.995,28995
252,14,1,20,14:26:44,29.899,29899
252,65,1,20,14:27:18,29.14,29140
252,90,2,18,14:29:00,32.823,32823
252,57,1,20,14:29:07,31.465,31465
252,85,1,20,14:30:00,31.571,31571
252,63,1,21,14:31:01,33.503,33503
252,87,1,22,14:32:06,31.527,31527
252,64,1,21,14:32:15,34.107,34107
252,89,1,22,14:33:03,30.45,30450
252,49,1,23,14:33:30,29.931,29931
252,55,1,24,14:34:35,31.14,31140
252,96,1,24,14:35:03,31.051,31051
252,56,1,25,14:36:26,35.075,35075
252,77,2,33,14:47:37,29.496,29496
252,30,2,35,14:49:54,28.277,28277
252,65,2,36,14:52:13,29.976,29976
252,84,2,36,14:52:25,29.864,29864
252,69,1,36,14:53:56,41.894,41894
252,14,2,38,14:54:03,30.544,30544
252,22,2,40,14:58:38,29.685,29685
252,71,2,44,15:03:02,31.663,31663
252,90,3,40,15:03:54,32.849,32849
252,77,3,45,15:05:20,30.676,30676
252,85,2,44,15:06:12,34.931,34931
252,87,2,46,15:07:26,30.625,30625
252,89,2,45,15:07:45,32.243,32243
252,64,2,44,15:08:07,32.238,32238
252,55,2,47,15:08:12,30.419,30419
252,63,2,46,15:08:24,31.079,31079
252,49,2,47,15:08:29,30.793,30793
252,96,2,48,15:10:26,30.069,30069
252,56,2,49,15:11:49,30.58,30580
252,85,3,48,15:12:40,29.522,29522
252,14,3,54,15:17:13,28.374,28374
252,30,3,54,15:17:22,27.312,27312
252,84,3,54,15:18:47,28.793,28793
252,65,3,55,15:19:59,27.784,27784
252,22,3,58,15:25:00,28.305,28305
253,49,1,6,14:10:06,29.935,29935
253,22,1,9,14:15:03,37.499,37499
253,71,1,11,14:17:57,31.090,31090
253,30,1,11,14:17:57,28.164,28164
253,84,1,11,14:18:31,29.925,29925
253,14,1,12,14:19:33,30.128,30128
253,65,1,12,14:19:56,30.244,30244
253,90,1,10,14:21:31,33.276,33276
253,63,1,13,14:21:50,33.710,33710
253,44,1,13,14:21:56,30.989,30989
253,99,1,14,14:24:20,36.115,36115
253,56,1,15,14:24:49,30.286,30286
253,83,1,15,14:25:21,31.227,31227
253,97,1,15,14:25:45,36.153,36153
253,64,1,15,14:26:20,34.351,34351
253,96,1,16,14:26:53,37.129,37129
253,85,1,16,14:27:31,37.387,37387
253,69,1,18,14:30:27,29.611,29611
253,97,2,19,14:32:56,34.209,34209
253,99,2,19,14:34:13,2:56.618,176618
253,77,1,24,14:39:03,32.270,32270
253,98,1,24,14:42:34,42.572,42572
253,65,2,31,14:50:13,1:10.451,70451
253,55,1,34,14:52:54,36.646,36646
253,30,2,34,14:53:32,28.539,28539
253,97,3,32,14:53:50,36.169,36169
253,57,1,35,14:57:02,36.210,36210
253,22,2,38,15:00:05,38.988,38988
253,64,2,36,15:00:30,35.861,35861
253,84,2,38,15:00:55,35.158,35158
253,14,2,39,15:00:56,32.536,32536
253,71,2,40,15:02:07,54.477,54477
253,56,2,40,15:03:13,37.848,37848
253,63,2,41,15:05:27,32.538,32538
253,85,2,42,15:08:04,48.780,48780
253,83,2,44,15:10:15,40.535,40535
253,63,3,45,15:12:27,37.814,37814
253,69,2,47,15:13:20,1:00.186,60186
253,99,3,44,15:15:19,37.276,37276
253,30,3,52,15:18:54,28.496,28496
253,65,3,52,15:21:13,28.337,28337
253,98,2,51,15:26:35,43.646,43646
254,55,1,19,14:24:53,26.001,26001
254,30,1,19,14:24:54,23.285,23285
254,71,1,19,14:24:54,29.315,29315
254,87,1,20,14:26:38,26.043,26043
254,77,1,21,14:27:40,26.209,26209
254,65,1,21,14:27:42,26.270,26270
254,81,1,21,14:28:29,28.639,28639
254,76,1,22,14:29:24,25.763,25763
254,90,1,22,14:30:47,31.494,31494
254,79,1,23,14:31:13,31.428,31428
254,22,1,24,14:32:04,27.970,27970
254,14,1,25,14:32:27,27.477,27477
254,63,1,25,14:33:52,30.367,30367
254,69,1,25,14:33:53,1:01.820,61820
254,56,1,26,14:34:39,26.719,26719
254,49,1,27,14:36:00,27.476,27476
254,44,1,27,14:36:10,29.214,29214
254,83,1,27,14:36:35,29.416,29416
254,64,1,26,14:36:42,30.257,30257
254,30,2,38,14:49:48,25.802,25802
254,71,2,39,14:51:42,26.392,26392
254,65,2,39,14:51:49,25.568,25568
254,55,2,40,14:53:01,26.367,26367
254,87,2,40,14:53:34,25.740,25740
254,77,2,42,14:55:42,24.967,24967
254,90,2,40,14:56:19,30.707,30707
254,76,2,42,14:56:30,25.179,25179
254,64,2,44,15:02:22,29.124,29124
254,81,2,48,15:05:18,29.712,29712
254,14,2,50,15:05:30,27.297,27297
254,69,2,49,15:07:26,28.555,28555
254,22,2,51,15:08:17,27.863,27863
254,56,2,52,15:09:26,29.078,29078
254,63,2,51,15:09:28,28.028,28028
254,83,2,51,15:09:31,27.053,27053
254,49,2,53,15:10:47,25.355,25355
254,79,2,54,15:13:41,28.608,28608
254,44,2,55,15:13:49,28.054,28054
254,55,3,57,15:15:49,25.367,25367
254,77,3,58,15:16:59,26.472,26472
254,30,3,60,15:18:35,24.227,24227
254,71,3,60,15:19:20,25.753,25753
254,90,3,57,15:20:29,27.494,27494
254,87,3,60,15:20:33,27.088,27088
254,65,3,61,15:21:09,25.238,25238
254,76,3,62,15:23:26,25.366,25366
254,64,3,61,15:27:00,27.091,27091
254,56,3,73,15:38:20,26.710,26710
255,55,1,5,14:09:54,29.669,29669
255,77,1,6,14:12:12,22.819,22819
255,55,2,7,14:14:26,32.700,32700
255,22,1,8,14:16:31,32.927,32927
255,65,1,8,14:16:33,32.418,32418
255,44,1,8,14:16:36,43.864,43864
255,71,1,9,14:18:11,34.168,34168
255,49,1,9,14:18:34,34.495,34495
255,63,1,9,14:18:35,35.949,35949
255,30,1,10,14:19:58,32.522,32522
255,14,1,10,14:20:22,33.720,33720
255,79,1,10,14:20:48,37.733,37733
255,57,1,11,14:22:10,32.172,32172
255,56,1,11,14:22:15,33.734,33734
255,83,1,11,14:22:55,38.484,38484
255,87,1,11,14:23:15,32.193,32193
255,91,1,11,14:23:16,40.231,40231
255,64,1,11,14:23:43,42.032,42032
255,69,1,12,14:24:50,36.800,36800
255,85,1,13,14:27:32,42.609,42609
255,89,1,14,14:29:28,50.203,50203
255,49,2,20,14:39:26,48.218,48218
255,56,2,26,14:49:55,48.478,48478
255,65,2,26,14:50:03,32.988,32988
255,64,2,26,14:51:28,45.722,45722
255,57,2,28,14:52:55,38.818,38818
255,44,2,28,14:54:10,39.145,39145
255,89,2,27,14:54:16,42.473,42473
255,30,2,31,14:57:42,36.547,36547
255,63,2,31,14:59:35,36.702,36702
255,87,2,31,14:59:52,36.407,36407
255,14,2,34,15:03:24,35.561,35561
255,69,2,33,15:03:57,37.637,37637
255,71,2,35,15:04:53,34.638,34638
255,83,2,35,15:08:03,43.364,43364
255,71,3,37,15:09:11,57.219,57219
255,56,3,37,15:09:43,33.109,33109
255,91,2,38,15:12:59,35.637,35637
255,65,3,40,15:14:50,32.594,32594
255,91,3,39,15:15:30,48.847,48847
255,49,3,40,15:15:43,1:13.530,73530
256,71,1,19,14:24:54,25.343,25343
256,77,1,19,14:25:20,28.049,28049
256,30,1,22,14:29:08,23.478,23478
256,49,1,22,14:29:35,25.236,25236
256,55,1,23,14:30:48,38.549,38549
256,30,2,24,14:32:15,45.209,45209
256,44,1,24,14:32:57,28.136,28136
256,56,1,25,14:33:47,26.273,26273
256,83,1,25,14:35:28,27.363,27363
256,63,1,26,14:36:15,49.13,49130
256,84,1,27,14:36:45,31.376,31376
256,64,1,26,14:36:57,28.619,28619
256,92,1,26,14:37:28,32.712,32712
256,81,1,28,14:38:31,28.479,28479
256,79,1,28,14:39:25,29.249,29249
256,65,1,31,14:41:45,25.814,25814
256,87,1,33,14:45:38,26.311,26311
256,71,2,40,14:52:56,25.478,25478
256,56,2,41,14:55:51,24.733,24733
256,63,2,51,15:11:17,29.23,29230
256,65,2,54,15:12:58,29.001,29001
256,92,2,51,15:13:38,30.282,30282
256,44,2,54,15:14:07,27.03,27030
256,64,2,52,15:14:23,31.517,31517
256,81,2,54,15:14:29,33.256,33256
256,79,2,53,15:14:54,37.412,37412
256,83,2,54,15:15:43,28.703,28703
256,87,2,56,15:17:30,26.72,26720
256,56,3,58,15:19:15,24.834,24834
256,71,3,60,15:19:56,38.938,38938
256,56,4,62,15:25:05,22.57,22570
256,44,3,70,15:36:11,24.651,24651
224,83,1,9,14:15:23,59.577,59577
224,50,1,14,14:23:00,31.176,31176
224,63,1,16,14:26:04,31.159,31159
224,21,1,18,14:29:57,45.501,45501
224,44,1,19,14:31:01,25.109,25109
224,30,1,20,14:31:47,29.301,29301
224,49,1,20,14:32:36,38.449,38449
224,64,1,20,14:33:07,34.008,34008
224,56,1,22,14:35:17,27.894,27894
224,77,1,24,14:38:55,24.534,24534
224,22,1,25,14:40:31,27.954,27954
224,79,1,27,14:44:23,33.075,33075
224,73,1,28,14:46:27,34.856,34856
224,35,1,30,14:47:33,34.503,34503
224,57,1,30,14:48:31,31.244,31244
224,71,1,32,14:50:43,35.315,35315
224,44,2,31,14:50:45,30.289,30289
224,30,2,32,14:51:39,1:22.736,82736
224,83,2,30,14:51:51,32.663,32663
224,64,2,32,14:53:25,29.773,29773
224,63,2,35,14:57:15,26.727,26727
224,49,2,39,15:04:00,27.796,27796
224,83,3,37,15:05:13,1:49.211,109211
224,77,2,41,15:06:26,25.069,25069
224,56,2,42,15:07:38,26.934,26934
225,69,1,10,14:18:17,47.56,47560
225,14,1,22,14:37:32,50.15,50150
225,30,1,24,14:40:04,47.675,47675
225,49,1,26,14:43:19,45.063,45063
225,44,1,26,14:43:56,47.828,47828
225,65,1,27,14:46:17,45.434,45434
225,57,1,30,14:50:24,47.573,47573
225,84,1,30,14:50:26,48.641,48641
225,79,1,32,14:54:25,48.071,48071
225,83,1,33,14:56:10,48.716,48716
225,22,1,34,14:56:20,47.665,47665
225,56,1,35,14:58:32,45.683,45683
225,63,1,36,15:00:07,47.256,47256
225,64,1,38,15:03:54,48.637,48637
225,71,1,40,15:05:47,46.581,46581
225,30,2,40,15:06:58,44.37,44370
225,69,2,39,15:08:40,53.251,53251
225,55,1,42,15:09:11,46.561,46561
225,44,2,42,15:10:39,44.776,44776
225,79,2,42,15:11:30,30.771,30771
225,22,2,43,15:11:40,44.266,44266
225,63,2,43,15:12:02,44.087,44087
225,57,2,43,15:12:04,42.349,42349
225,56,2,43,15:12:24,41.014,41014
225,64,2,43,15:12:44,42.945,42945
225,84,2,44,15:13:49,52.338,52338
225,79,3,45,15:16:42,45.732,45732
225,83,2,46,15:18:01,51.043,51043
226,63,1,15,14:24:48,3:29.116,209116
226,58,1,16,14:25:23,28.593,28593
226,85,1,17,14:27:32,27.067,27067
226,49,1,20,14:31:14,24.836,24836
226,30,1,21,14:32:05,24.645,24645
226,50,1,21,14:32:46,28.863,28863
226,79,1,21,14:32:58,27.092,27092
226,55,1,22,14:33:37,24.309,24309
226,65,1,22,14:34:36,25.728,25728
226,69,1,22,14:35:43,29.711,29711
226,71,1,24,14:36:31,27.091,27091
226,77,1,24,14:36:43,25.572,25572
226,73,1,23,14:36:47,28.495,28495
226,35,1,25,14:38:31,29.759,29759
226,14,1,26,14:40:22,25.714,25714
226,56,1,26,14:40:26,25.400,25400
226,22,1,28,14:43:42,34.984,34984
226,63,2,25,14:43:51,32.543,32543
226,44,1,28,14:44:12,29.067,29067
226,63,3,26,14:45:59,14:11.244,851244
226,64,1,29,14:46:06,49.885,49885
226,85,2,30,14:47:49,30.506,30506
226,84,1,31,14:47:51,34.030,34030
226,44,2,31,14:51:07,26.855,26855
226,83,1,39,15:05:14,30.206,30206
226,30,2,40,15:06:04,29.269,29269
226,55,2,44,15:12:02,41.887,41887
226,50,2,45,15:14:02,26.724,26724
226,77,2,47,15:16:40,25.888,25888
226,56,2,47,15:17:05,27.296,27296
226,35,2,49,15:19:43,25.728,25728
226,65,2,49,15:20:24,26.058,26058
226,14,2,50,15:21:41,24.067,24067
226,71,2,51,15:22:32,25.308,25308
226,85,3,51,15:26:11,28.251,28251
226,77,3,56,15:30:43,24.507,24507
227,77,1,1,14:01:35,1:09.434,69434
227,49,1,20,14:27:55,28.421,28421
227,50,1,21,14:29:27,30.932,30932
227,83,1,21,14:29:52,30.112,30112
227,71,1,22,14:30:37,42.349,42349
227,84,1,22,14:30:48,30.386,30386
227,65,1,22,14:30:49,29.794,29794
227,77,2,22,14:31:29,29.730,29730
227,30,1,23,14:32:00,28.340,28340
227,14,1,24,14:33:20,31.288,31288
227,22,1,24,14:33:22,33.913,33913
227,73,1,24,14:34:07,32.966,32966
227,21,1,24,14:34:19,33.641,33641
227,57,1,25,14:34:50,26.428,26428
227,79,1,24,14:35:33,29.323,29323
227,35,1,26,14:35:54,30.934,30934
227,63,1,28,14:39:29,27.618,27618
227,64,1,29,14:41:14,34.619,34619
227,57,2,31,14:43:25,31.058,31058
227,49,2,42,14:59:05,28.723,28723
227,71,2,43,15:00:31,28.955,28955
227,63,2,43,15:00:41,28.097,28097
227,30,2,44,15:01:15,29.828,29828
227,57,3,45,15:01:49,28.471,28471
227,83,2,43,15:01:54,30.003,30003
227,77,3,44,15:02:19,40.593,40593
227,22,2,45,15:03:03,32.469,32469
227,65,2,45,15:03:29,29.080,29080
227,35,2,46,15:03:59,29.688,29688
227,73,2,45,15:04:26,31.741,31741
227,14,2,46,15:04:27,28.576,28576
227,79,2,45,15:05:09,30.236,30236
227,84,2,47,15:06:05,28.931,28931
227,21,2,46,15:06:26,31.649,31649
227,57,4,50,15:10:32,31.281,31281
227,49,3,57,15:20:50,27.729,27729
228,35,1,1,14:02:24,30.203,30203
228,44,1,14,14:21:41,24.945,24945
228,21,1,16,14:25:04,25.111,25111
228,69,1,16,14:25:12,24.226,24226
228,50,1,18,14:27:36,35.077,35077
228,57,1,18,14:27:43,23.518,23518
228,79,1,18,14:27:46,22.875,22875
228,55,1,19,14:29:04,34.112,34112
228,14,1,20,14:30:09,23.039,23039
228,69,2,19,14:30:22,24.898,24898
228,49,1,20,14:30:43,23.034,23034
228,73,1,20,14:31:11,26.715,26715
228,83,1,20,14:31:13,20.722,20722
228,30,1,21,14:31:38,24.952,24952
228,84,1,21,14:32:08,30.874,30874
228,64,1,21,14:32:20,24.938,24938
228,22,1,22,14:33:27,27.646,27646
228,65,1,22,14:33:45,24.431,24431
228,63,1,23,14:34:55,21.832,21832
228,84,2,23,14:35:40,25.027,25027
228,65,2,23,14:35:44,35.312,35312
228,83,2,23,14:36:10,27.518,27518
228,77,1,25,14:37:52,22.313,22313
228,65,3,25,14:39:34,2:23.737,143737
228,69,3,25,14:40:09,26.166,26166
228,35,2,26,14:40:25,24.344,24344
228,56,1,27,14:41:08,23.836,23836
228,55,2,27,14:41:48,27.267,27267
228,71,1,30,14:45:09,22.838,22838
228,69,4,31,14:49:57,34.642,34642
228,79,2,39,15:00:11,22.910,22910
228,30,2,40,15:00:25,26.934,26934
228,55,3,40,15:01:47,24.136,24136
228,14,2,41,15:02:12,37.955,37955
228,56,2,41,15:02:33,27.111,27111
228,44,2,41,15:03:17,24.046,24046
228,22,2,42,15:04:01,31.428,31428
228,57,2,42,15:04:50,29.956,29956
228,83,3,41,15:04:50,26.029,26029
228,64,2,42,15:04:52,25.112,25112
228,35,3,43,15:06:20,24.299,24299
228,77,2,44,15:06:53,30.395,30395
228,69,5,46,15:13:55,26.935,26935
228,71,2,50,15:15:17,23.237,23237
228,57,3,53,15:19:05,26.605,26605
228,64,3,52,15:20:43,25.942,25942
229,49,1,18,14:33:50,33.665,33665
229,49,2,26,14:48:15,27.026,27026
229,71,1,28,14:49:55,29.940,29940
229,56,1,28,14:50:57,26.097,26097
229,44,1,28,14:51:05,28.821,28821
229,84,1,28,14:51:13,25.705,25705
229,35,1,29,14:52:43,30.216,30216
229,63,1,29,14:52:43,34.142,34142
229,57,1,29,14:52:52,28.078,28078
229,55,1,30,14:53:39,25.867,25867
229,14,1,30,14:54:19,27.052,27052
229,65,1,30,14:54:22,28.776,28776
229,69,1,30,14:56:40,3:10.775,190775
229,56,2,36,15:04:48,1:45.429,105429
229,55,2,54,15:29:18,25.829,25829
229,49,3,55,15:31:46,26.698,26698
229,55,3,60,15:38:18,50.460,50460
229,56,3,67,15:51:44,24.330,24330
230,30,1,24,14:43:47,28.415,28415
230,55,1,32,14:59:24,32.741,32741
230,77,1,34,15:03:11,33.336,33336
230,49,1,34,15:03:22,31.056,31056
230,50,1,34,15:03:23,37.208,37208
230,35,1,36,15:06:56,31.279,31279
230,64,1,38,15:12:28,31.534,31534
230,30,2,42,15:16:48,30.356,30356
230,22,1,42,15:18:02,30.512,30512
230,57,1,42,15:19:26,32.073,32073
230,22,2,45,15:24:29,10:10.710,610710
231,85,1,16,14:23:16,32.058,32058
231,21,1,20,14:28:43,30.436,30436
231,22,1,21,14:29:35,29.327,29327
231,22,2,22,14:31:27,51.131,51131
231,69,1,22,14:31:52,39.213,39213
231,44,1,24,14:34:06,28.686,28686
231,63,1,24,14:34:13,28.348,28348
231,84,1,25,14:35:07,27.996,27996
231,71,1,28,14:38:49,27.294,27294
231,64,1,34,14:48:24,31.495,31495
231,77,1,35,14:48:59,31.355,31355
231,35,1,36,14:50:02,30.974,30974
231,65,1,36,14:51:05,30.425,30425
231,55,1,37,14:51:43,31.307,31307
231,83,1,36,14:51:54,31.371,31371
231,57,1,37,14:52:17,29.177,29177
231,14,1,41,14:57:39,30.503,30503
231,30,1,41,14:58:16,34.354,34354
231,84,2,45,15:03:24,29.777,29777
231,69,2,44,15:04:25,39.281,39281
231,21,2,45,15:04:59,31.629,31629
231,84,3,46,15:05:14,40.593,40593
231,71,2,50,15:09:23,27.521,27521
232,69,1,14,14:19:31,29.107,29107
232,44,1,18,14:24:35,26.16,26160
232,63,1,18,14:24:43,26.292,26292
232,22,1,20,14:27:18,26.322,26322
232,55,1,21,14:28:04,25.349,25349
232,83,1,22,14:30:51,27.958,27958
232,84,1,23,14:31:14,26.108,26108
232,77,1,24,14:32:11,26.076,26076
232,73,1,24,14:33:23,29.474,29474
232,14,1,25,14:33:56,24.776,24776
232,79,1,25,14:34:16,26.75,26750
232,49,1,26,14:35:34,25.419,25419
232,71,1,27,14:35:54,26.633,26633
232,57,1,27,14:36:07,25.263,25263
232,65,1,28,14:38:40,25.815,25815
232,35,1,30,14:40:06,27.326,27326
232,44,2,36,14:49:10,25.396,25396
232,55,2,42,14:56:30,28.093,28093
232,77,2,46,15:02:00,25.955,25955
232,63,2,45,15:02:01,24.796,24796
232,22,2,46,15:02:56,26.718,26718
232,84,2,48,15:05:27,28.608,28608
232,35,2,49,15:05:37,26.581,26581
232,83,2,47,15:06:21,26.44,26440
232,14,2,49,15:06:29,24.65,24650
232,73,2,48,15:07:18,28.184,28184
232,49,2,50,15:08:41,24.127,24127
232,57,2,51,15:08:45,32.877,32877
232,71,2,53,15:10:47,25.014,25014
232,65,2,52,15:12:09,25.032,25032
232,44,3,54,15:13:33,24.988,24988
233,44,1,15,14:23:28,42.785,42785
233,84,1,17,14:26:06,41.804,41804
233,22,1,19,14:29:05,37.767,37767
233,65,1,22,14:34:16,36.283,36283
233,35,1,23,14:34:34,38.721,38721
233,14,1,23,14:35:20,36.036,36036
233,57,1,27,14:41:06,35.444,35444
233,84,2,28,14:43:33,38.566,38566
233,64,1,28,14:44:05,44.611,44611
233,50,1,29,14:45:18,41.981,41981
233,49,1,30,14:46:48,39.138,39138
233,55,1,31,14:47:08,39.904,39904
233,63,1,31,14:48:23,38.746,38746
233,44,2,31,14:48:55,38.714,38714
233,77,1,33,14:50:20,40.375,40375
233,21,1,32,14:50:46,40.877,40877
233,22,2,38,14:58:29,38.369,38369
233,44,3,37,14:58:51,53.368,53368
233,84,3,40,15:02:14,37.721,37721
233,14,2,41,15:03:17,38.23,38230
233,35,2,42,15:03:45,37.103,37103
233,65,2,41,15:04:09,35.562,35562
233,57,2,44,15:07:23,35.821,35821
234,44,1,4,14:07:29,28.270,28270
234,57,1,13,14:23:42,35.920,35920
234,83,1,13,14:24:25,30.507,30507
234,56,1,14,14:25:30,29.771,29771
234,14,1,16,14:29:07,27.293,27293
234,49,1,16,14:29:30,27.419,27419
234,65,1,16,14:30:12,2:37.087,157087
234,71,1,20,14:36:06,28.486,28486
234,22,1,21,14:38:38,30.808,30808
234,55,1,22,14:39:41,30.259,30259
234,30,1,22,14:40:02,32.523,32523
234,35,1,22,14:40:02,32.123,32123
234,73,1,22,14:41:22,33.246,33246
234,77,1,23,14:41:28,31.283,31283
234,84,1,22,14:42:04,41.784,41784
234,44,2,23,14:42:35,31.626,31626
234,63,1,23,14:42:49,29.304,29304
234,83,2,29,14:55:01,28.387,28387
234,56,2,30,14:55:03,27.899,27899
234,49,2,31,14:57:28,27.163,27163
234,14,2,32,14:58:27,26.737,26737
234,71,2,34,15:01:26,27.192,27192
235,49,1,14,14:19:42,30.077,30077
235,65,1,17,14:23:38,29.89,29890
235,30,1,19,14:25:56,27.016,27016
235,35,1,21,14:28:36,30.961,30961
235,55,1,22,14:30:21,29.388,29388
235,79,1,22,14:31:09,31.879,31879
235,77,1,24,14:33:10,31.75,31750
235,22,1,24,14:33:43,30.63,30630
235,71,1,25,14:34:27,30.5,30500
235,56,1,25,14:34:47,25.929,25929
235,73,1,25,14:35:35,38.743,38743
235,57,1,26,14:36:08,30.847,30847
235,86,1,27,14:39:17,30.717,30717
235,44,1,29,14:40:55,30.693,30693
235,49,2,32,14:45:09,29.032,29032
235,86,2,32,14:47:00,34.586,34586
235,30,2,39,14:53:51,25.015,25015
235,35,2,40,14:54:49,29.82,29820
235,71,2,41,14:56:39,29.23,29230
235,44,2,44,15:02:11,30.989,30989
235,55,2,46,15:04:01,30.792,30792
235,77,2,49,15:08:11,30.938,30938
235,79,2,48,15:08:41,33.725,33725
235,49,3,49,15:09:26,31.233,31233
235,22,2,50,15:10:38,30.606,30606
235,57,2,51,15:11:12,32.209,32209
235,73,2,50,15:11:55,33.756,33756
235,30,3,52,15:12:06,27.907,27907
235,86,3,51,15:15:05,30.632,30632
235,35,3,58,15:19:47,38.521,38521
235,71,3,63,15:26:55,29.227,29227
236,22,1,1,14:02:15,3:25.886,205886
236,50,1,11,14:21:45,1:23.493,83493
236,56,1,13,14:25:24,33.814,33814
236,30,1,14,14:26:51,34.193,34193
236,55,1,14,14:27:08,35.545,35545
236,63,1,14,14:27:30,33.677,33677
236,73,1,14,14:28:13,1:13.293,73293
236,83,1,14,14:28:14,34.652,34652
236,35,1,15,14:29:28,34.738,34738
236,77,1,15,14:29:31,34.685,34685
236,84,1,15,14:29:36,38.395,38395
236,79,1,15,14:29:57,41.313,41313
236,64,1,15,14:30:11,1:04.955,64955
236,71,1,16,14:32:48,35.406,35406
236,22,2,16,14:38:15,38.985,38985
236,14,1,22,14:45:45,36.360,36360
236,57,1,24,14:49:35,35.443,35443
236,56,2,25,14:51:54,35.152,35152
236,79,2,29,14:59:58,34.710,34710
236,30,2,30,15:01:04,33.680,33680
236,55,2,30,15:01:12,33.295,33295
236,63,2,30,15:01:36,33.302,33302
236,83,2,30,15:02:05,31.358,31358
236,73,2,30,15:02:06,36.009,36009
236,84,2,31,15:03:36,32.969,32969
236,77,2,31,15:03:37,32.616,32616
236,35,2,32,15:04:55,33.194,33194
236,71,2,34,15:09:17,32.030,32030
236,83,3,38,15:18:16,31.459,31459
237,79,1,3,14:04:57,58.176,58176
237,57,1,4,14:06:06,31.247,31247
237,35,1,11,14:16:39,21.127,21127
237,79,2,15,14:24:01,21.666,21666
237,50,1,17,14:25:42,21.323,21323
237,35,2,25,14:37:52,19.334,19334
237,73,1,25,14:38:23,24.071,24071
237,64,1,26,14:38:56,23.281,23281
237,84,1,27,14:40:21,22.855,22855
237,65,1,29,14:43:31,21.364,21364
237,55,1,31,14:45:33,20.845,20845
237,22,1,31,14:46:13,21.724,21724
237,30,1,33,14:48:25,20.394,20394
237,57,2,33,14:49:07,21.925,21925
237,50,2,34,14:51:22,21.062,21062
237,79,3,35,14:54:33,26.35,26350
237,35,3,39,14:58:53,20.041,20041
238,44,1,13,14:19:00,32.519,32519
238,79,1,14,14:20:48,30.31,30310
238,22,1,16,14:23:10,28.431,28431
238,65,1,16,14:23:17,27.996,27996
238,50,1,16,14:23:26,31.975,31975
238,64,1,16,14:23:42,32.079,32079
238,71,1,17,14:24:00,28.069,28069
238,84,1,17,14:24:45,27.929,27929
238,35,1,18,14:25:43,27.44,27440
238,30,1,18,14:25:45,27.598,27598
238,77,1,19,14:27:22,29.704,29704
238,56,1,20,14:28:49,28.608,28608
238,14,1,20,14:28:51,30.272,30272
238,73,1,20,14:29:36,31.391,31391
238,57,1,21,14:30:21,27.505,27505
238,63,1,21,14:30:37,28.568,28568
238,55,1,22,14:31:29,29.283,29283
238,49,1,22,14:32:05,28.204,28204
238,83,1,20,14:32:44,28.805,28805
238,86,1,24,14:36:54,30.945,30945
238,22,2,32,14:46:37,28.131,28131
238,71,2,34,14:48:32,27.338,27338
238,50,2,33,14:48:35,28.886,28886
238,84,2,34,14:49:46,27.11,27110
238,35,2,35,14:50:00,27.674,27674
238,30,2,35,14:50:16,27.153,27153
238,65,2,38,14:55:35,27.724,27724
238,44,2,39,14:57:16,27.805,27805
238,79,2,41,15:00:52,31.399,31399
238,64,2,41,15:01:28,28.232,28232
238,56,2,43,15:02:16,28.552,28552
238,63,2,43,15:02:59,45.821,45821
238,55,2,44,15:03:32,28.431,28431
238,30,3,44,15:03:33,26.724,26724
238,57,2,44,15:03:56,26.754,26754
238,73,2,43,15:04:15,31.549,31549
238,49,2,44,15:04:21,28.087,28087
238,77,2,45,15:05:15,28.62,28620
238,14,2,45,15:05:20,27.116,27116
238,57,3,46,15:07:21,35.061,35061
238,14,3,46,15:07:25,35.453,35453
238,71,3,49,15:10:06,28.751,28751
238,14,4,47,15:10:12,32.811,32811
238,35,3,50,15:11:32,27.974,27974
238,83,2,46,15:12:05,27.841,27841
238,84,3,52,15:16:19,28.98,28980
238,86,2,50,15:17:25,30.525,30525
238,65,3,53,15:17:46,26.868,26868
238,14,5,53,15:19:19,30.19,30190
238,44,3,56,15:22:12,27.19,27190
239,14,1,1,14:01:48,40.462,40462
239,77,1,4,14:07:01,34.477,34477
239,35,1,14,14:24:46,35.118,35118
239,22,1,14,14:25:00,32.972,32972
239,79,1,15,14:27:22,32.56,32560
239,30,1,16,14:28:18,31.683,31683
239,84,1,16,14:28:27,33.415,33415
239,49,1,16,14:28:34,32.981,32981
239,14,2,16,14:29:10,31.354,31354
239,83,1,16,14:29:26,31.457,31457
239,44,1,17,14:30:35,31.699,31699
239,65,1,17,14:30:36,32.387,32387
239,71,1,18,14:31:42,35.463,35463
239,57,1,18,14:31:49,31.122,31122
239,56,1,18,14:31:55,31.87,31870
239,77,2,22,14:39:20,29.95,29950
239,79,2,26,14:47:34,44.463,44463
239,73,1,26,14:48:11,36.249,36249
239,73,2,27,14:50:33,38.38,38380
239,49,2,29,14:52:13,32.102,32102
239,50,1,29,14:53:05,34.681,34681
239,44,2,31,14:55:50,33.032,33032
239,30,2,32,14:56:45,31.056,31056
239,57,2,32,14:56:47,31.452,31452
239,35,2,32,14:56:55,35.437,35437
239,22,2,32,14:57:38,32.174,32174
239,56,2,33,14:58:52,31.45,31450
239,65,2,33,14:59:27,33.431,33431
239,71,2,34,15:00:12,32.164,32164
239,14,3,34,15:01:26,34.194,34194
239,84,2,35,15:02:48,32.626,32626
239,77,3,36,15:04:14,30.351,30351
239,83,2,35,15:04:47,31.552,31552
207,64,1,16,14:02:05,3:12.984,192984
207,79,1,17,14:27:28,27.526,27526
207,49,1,18,14:28:01,24.528,24528
207,44,1,18,14:28:32,22.439,22439
207,76,1,18,14:29:02,26.445,26445
207,63,1,19,14:30:37,22.429,22429
207,15,1,19,14:31:15,26.469,26469
207,22,1,22,14:35:01,25.870,25870
207,63,2,24,14:39:09,5:15.377,315377
207,78,1,28,14:44:14,28.896,28896
207,75,1,28,14:45:48,28.294,28294
207,77,1,30,14:47:10,27.867,27867
207,30,1,31,14:48:25,25.591,25591
207,64,2,29,14:50:27,31.984,31984
207,14,1,33,14:51:27,24.178,24178
207,57,1,34,14:53:14,24.246,24246
207,76,2,36,14:58:32,27.991,27991
207,44,2,38,15:00:00,24.494,24494
207,49,2,40,15:02:17,30.845,30845
207,22,2,40,15:03:43,26.631,26631
207,15,2,40,15:05:44,28.456,28456
207,30,2,51,15:19:38,20.498,20498
208,79,1,6,14:01:18,1:57.110,117110
208,65,1,17,14:23:09,28.698,28698
208,63,1,18,14:24:46,30.243,30243
208,50,1,20,14:27:35,31.643,31643
208,14,1,21,14:28:31,28.691,28691
208,77,1,22,14:29:19,31.041,31041
208,78,1,22,14:29:55,29.824,29824
208,55,1,23,14:30:52,30.065,30065
208,57,1,24,14:32:11,28.256,28256
208,56,1,24,14:32:43,28.535,28535
208,21,1,25,14:33:54,32.418,32418
208,35,1,26,14:34:27,30.345,30345
208,30,1,26,14:34:49,28.803,28803
208,23,1,26,14:35:12,30.607,30607
208,79,2,23,14:36:06,31.599,31599
208,49,1,28,14:37:53,30.813,30813
208,44,1,35,14:46:52,32.656,32656
208,15,1,35,14:47:51,33.333,33333
208,56,2,35,14:47:57,1:09.689,69689
208,75,1,37,14:50:44,59.124,59124
208,71,1,38,14:51:20,35.510,35510
208,57,2,39,14:52:25,30.626,30626
208,23,2,39,14:52:53,46.862,46862
208,14,2,40,14:54:02,32.736,32736
208,65,2,41,14:55:23,31.644,31644
208,63,2,43,14:59:04,29.542,29542
208,21,2,44,14:59:31,31.925,31925
208,35,2,45,14:59:55,30.465,30465
208,30,2,45,15:00:29,30.041,30041
208,78,2,45,15:01:06,32.984,32984
208,55,2,46,15:01:51,31.191,31191
208,50,2,46,15:03:23,29.823,29823
208,77,2,48,15:04:03,31.508,31508
208,79,3,44,15:04:46,30.884,30884
209,22,1,1,14:02:02,32.750,32750
209,76,1,2,14:04:08,32.686,32686
209,35,1,21,14:34:46,24.565,24565
209,65,1,21,14:35:10,24.493,24493
209,22,2,21,14:35:37,26.523,26523
209,56,1,23,14:38:08,24.353,24353
209,50,1,23,14:38:38,24.255,24255
209,76,2,24,14:40:19,26.610,26610
209,78,1,25,14:41:53,54.712,54712
209,75,1,26,14:43:48,27.719,27719
209,63,1,27,14:44:58,36.334,36334
209,64,1,33,14:54:08,1:13.985,73985
209,23,1,34,14:54:49,27.987,27987
209,55,1,35,14:56:39,30.318,30318
209,77,1,36,14:58:21,28.826,28826
209,35,2,38,15:00:45,24.929,24929
209,15,1,38,15:02:09,28.339,28339
209,65,2,39,15:02:32,26.076,26076
209,57,1,40,15:04:08,26.021,26021
209,56,2,44,15:09:52,26.262,26262
209,63,2,44,15:11:23,26.501,26501
209,76,3,46,15:13:58,27.538,27538
209,78,2,47,15:15:45,1:47.681,107681
209,75,2,48,15:17:52,28.898,28898
209,35,3,56,15:27:46,24.240,24240
210,64,1,18,14:27:31,26.683,26683
210,44,1,20,14:30:10,22.265,22265
210,30,1,24,14:35:21,23.566,23566
210,56,1,25,14:37:17,23.796,23796
210,21,1,25,14:37:21,22.758,22758
210,78,1,25,14:37:37,24.215,24215
210,35,1,26,14:38:15,25.25,25250
210,49,1,27,14:39:41,25.239,25239
210,50,1,31,14:47:11,26.165,26165
210,55,1,33,14:49:17,27.421,27421
210,79,1,32,14:49:43,54.405,54405
210,63,1,33,14:50:09,24.154,24154
210,44,2,34,14:51:17,24.72,24720
210,78,2,34,14:51:19,11.778,11778
210,14,1,35,14:51:52,25.689,25689
210,57,1,35,14:52:17,26.528,26528
210,64,2,40,15:00:42,14.235,14235
210,64,3,41,15:02:23,27.619,27619
210,49,2,44,15:04:34,22.379,22379
210,21,2,44,15:05:32,22.728,22728
210,30,2,45,15:06:07,21.196,21196
210,78,3,44,15:06:07,24.433,24433
210,56,2,46,15:08:27,22.375,22375
210,78,4,54,15:21:11,11.556,11556
211,35,1,3,14:06:31,26.946,26946
211,78,1,4,14:08:47,29.613,29613
211,49,1,5,14:10:27,26.038,26038
211,78,2,7,14:15:53,2:43.941,163941
211,77,1,10,14:20:37,36.851,36851
211,30,1,32,15:01:13,28.054,28054
211,21,1,35,15:08:28,27.403,27403
211,44,1,37,15:12:18,27.495,27495
211,49,2,37,15:13:35,26.684,26684
211,22,1,39,15:15:41,28.192,28192
211,79,1,40,15:20:31,31.675,31675
211,50,1,41,15:21:28,26.774,26774
211,56,1,45,15:27:53,27.023,27023
211,76,1,45,15:28:47,28.580,28580
211,76,2,46,15:31:11,33.406,33406
212,81,1,10,14:14:29,31.388,31388
212,23,1,12,14:17:23,27.197,27197
212,63,1,13,14:18:56,34.016,34016
212,14,1,14,14:19:47,23.217,23217
212,30,1,14,14:19:50,25.224,25224
212,77,1,14,14:19:59,27.399,27399
212,57,1,15,14:21:14,23.567,23567
212,65,1,15,14:21:18,25.059,25059
212,49,1,16,14:22:42,26.252,26252
212,76,1,17,14:24:42,30.693,30693
212,21,1,18,14:25:36,25.187,25187
212,56,1,19,14:27:08,26.094,26094
212,35,1,20,14:27:49,26.700,26700
212,55,1,21,14:29:34,27.288,27288
212,50,1,21,14:30:18,25.485,25485
212,22,1,21,14:30:19,28.615,28615
212,15,1,21,14:30:37,28.075,28075
212,75,1,22,14:31:28,30.492,30492
212,64,1,22,14:31:46,29.129,29129
212,81,2,22,14:32:07,26.593,26593
212,44,1,25,14:35:25,26.492,26492
212,23,2,25,14:36:17,26.621,26621
212,49,2,26,14:37:14,26.155,26155
212,57,2,27,14:38:25,28.644,28644
212,56,2,28,14:40:21,24.824,24824
212,14,2,29,14:40:53,25.827,25827
212,77,2,29,14:41:38,25.625,25625
212,30,2,30,14:42:36,23.249,23249
212,15,2,31,14:45:35,38.167,38167
212,21,2,32,14:45:43,25.491,25491
212,65,2,33,14:46:53,24.142,24142
212,76,2,38,14:55:21,31.176,31176
212,49,3,39,14:55:58,25.509,25509
212,14,3,40,14:56:45,24.183,24183
212,77,3,40,14:57:40,25.147,25147
212,50,2,41,14:59:14,25.073,25073
212,81,3,41,14:59:44,1:00.841,60841
212,64,2,42,15:00:40,29.555,29555
212,55,2,43,15:00:48,26.723,26723
212,44,2,44,15:02:13,25.677,25677
212,57,3,44,15:02:46,25.477,25477
212,35,2,45,15:03:21,26.614,26614
212,15,3,43,15:03:23,26.538,26538
212,30,3,46,15:05:03,24.801,24801
212,23,3,46,15:06:21,26.212,26212
212,65,3,49,15:09:40,24.296,24296
212,56,3,49,15:10:35,24.167,24167
212,21,3,52,15:14:12,30.294,30294
212,56,4,59,15:25:14,28.893,28893
213,44,1,1,14:01:40,33.338,33338
213,71,1,4,14:05:51,34.006,34006
213,71,2,8,14:12:23,33.201,33201
213,49,1,10,14:15:59,25.417,25417
213,44,2,19,14:28:47,25.752,25752
213,50,1,24,14:35:20,25.066,25066
213,22,1,24,14:35:45,26.517,26517
213,21,1,25,14:36:19,30.301,30301
213,55,1,25,14:36:20,27.405,27405
213,25,1,26,14:37:59,26.844,26844
213,63,1,26,14:38:12,25.637,25637
213,30,1,28,14:40:11,25.231,25231
213,22,2,29,14:42:59,29.069,29069
213,49,2,32,14:46:28,25.187,25187
213,81,1,33,14:48:15,31.081,31081
213,64,1,36,14:52:23,32.018,32018
213,65,1,37,14:53:09,28.503,28503
213,63,2,37,14:53:46,25.703,25703
213,75,1,37,14:53:49,30.541,30541
213,14,1,40,14:56:30,27.988,27988
213,71,3,40,14:58:14,29.435,29435
213,65,2,43,15:01:42,27.942,27942
213,44,3,43,15:02:03,26.901,26901
213,30,2,44,15:02:04,26.927,26927
213,81,2,43,15:02:52,27.182,27182
213,21,2,45,15:04:09,27.030,27030
213,55,2,47,15:06:48,27.970,27970
213,30,3,51,15:12:01,24.203,24203
213,49,3,51,15:12:31,26.120,26120
213,14,2,52,15:13:07,2:11.842,131842
214,71,1,1,14:02:06,45.523,45523
214,64,1,12,14:16:57,58.62,58620
214,82,1,15,14:21:03,25.368,25368
214,79,1,18,14:24:56,26.777,26777
214,30,1,22,14:28:54,26.019,26019
214,55,1,22,14:29:44,29.547,29547
214,49,1,23,14:30:20,28.866,28866
214,56,1,23,14:30:32,26.679,26679
214,14,1,23,14:30:55,26.217,26217
214,63,1,23,14:31:42,25.143,25143
214,25,1,24,14:32:26,26.114,26114
214,35,1,25,14:33:21,25.812,25812
214,23,1,25,14:33:33,26.858,26858
214,22,1,25,14:34:20,26.4,26400
214,15,1,30,14:40:27,25.596,25596
214,76,1,30,14:41:06,26.331,26331
214,82,2,33,14:46:25,29.538,29538
214,21,1,35,14:47:16,28.517,28517
214,65,1,38,14:51:58,28.999,28999
214,82,3,38,14:53:44,57.876,57876
214,71,2,40,14:56:02,36.412,36412
214,56,2,44,14:58:48,27.37,27370
214,30,2,46,15:00:45,26.905,26905
214,49,2,48,15:03:43,25.584,25584
214,79,2,47,15:04:44,28.106,28106
214,14,2,50,15:07:27,25.258,25258
214,63,2,50,15:08:43,25.93,25930
214,25,2,51,15:08:48,37.876,37876
214,35,2,52,15:09:47,25.263,25263
214,15,2,52,15:10:21,26.521,26521
214,23,2,53,15:11:28,25.402,25402
214,55,2,53,15:11:33,28.49,28490
214,64,2,52,15:12:32,29.913,29913
214,65,2,59,15:21:03,24.83,24830
214,71,3,58,15:21:08,48.789,48789
214,79,3,59,15:21:55,26.262,26262
214,14,3,61,15:22:57,24.791,24791
214,23,3,61,15:23:03,26.173,26173
214,55,3,63,15:26:18,25.199,25199
214,21,2,64,15:29:07,26.15,26150
214,56,3,67,15:32:09,25.624,25624
214,35,3,67,15:32:17,26.193,26193
215,50,1,1,14:01:51,1:03.547,63547
215,76,1,14,14:22:25,27.075,27075
215,71,1,15,14:23:45,32.349,32349
215,22,1,16,14:25:23,28.202,28202
215,65,1,17,14:26:35,26.059,26059
215,15,1,18,14:28:18,28.798,28798
215,82,1,19,14:29:51,27.800,27800
215,30,1,21,14:31:55,25.278,25278
215,75,1,21,14:32:32,30.703,30703
215,63,1,21,14:32:56,30.139,30139
215,35,1,22,14:33:21,53.180,53180
215,23,1,22,14:33:55,30.802,30802
215,56,1,22,14:33:56,27.653,27653
215,64,1,23,14:35:41,30.282,30282
215,21,1,27,14:41:14,30.959,30959
215,50,2,29,14:45:19,37.677,37677
215,14,1,30,14:45:42,27.618,27618
215,76,2,30,14:46:35,27.889,27889
215,58,1,30,14:46:48,31.410,31410
215,57,1,33,14:49:55,28.164,28164
215,55,1,36,14:54:25,28.591,28591
215,30,2,37,14:55:13,28.787,28787
215,71,2,37,14:56:29,30.665,30665
215,25,1,38,14:57:20,29.149,29149
215,65,2,38,14:57:22,27.278,27278
215,65,3,39,14:59:16,26.588,26588
215,15,2,39,14:59:51,31.491,31491
215,63,2,39,15:00:06,26.824,26824
215,82,2,40,15:01:27,27.929,27929
215,75,2,41,15:02:12,28.028,28028
215,65,4,41,15:02:39,1:10.807,70807
215,23,2,42,15:03:19,28.158,28158
215,35,2,44,15:05:55,27.434,27434
215,56,2,44,15:06:01,28.455,28455
215,76,3,44,15:07:40,28.371,28371
215,21,2,54,15:21:55,25.601,25601
216,14,1,1,14:02:14,34.059,34059
216,71,1,11,14:20:04,30.241,30241
216,55,1,16,14:28:45,28.345,28345
216,77,1,17,14:30:10,28.614,28614
216,76,1,17,14:31:05,28.484,28484
216,22,1,18,14:32:37,27.911,27911
216,50,1,20,14:37:11,29.595,29595
216,57,1,21,14:37:47,29.705,29705
216,35,1,21,14:37:51,30.207,30207
216,30,1,22,14:39:22,29.522,29522
216,23,1,22,14:39:40,33.523,33523
216,75,1,22,14:40:11,31.392,31392
216,63,1,23,14:42:33,30.443,30443
216,21,1,24,14:42:52,29.478,29478
216,15,1,24,14:43:12,31.149,31149
216,71,2,25,14:46:10,29.784,29784
216,82,1,25,14:46:18,29.788,29788
216,55,2,30,14:54:02,29.251,29251
216,22,2,30,14:54:30,28.817,28817
216,77,2,34,15:00:44,26.735,26735
216,21,2,39,15:10:29,32.519,32519
216,30,2,40,15:11:58,26.048,26048
217,76,1,1,14:01:55,41.252,41252
217,56,1,7,14:09:27,34.906,34906
217,81,1,7,14:09:49,1:12.255,72255
217,30,1,14,14:19:07,27.175,27175
217,50,1,16,14:22:19,37.495,37495
217,64,1,16,14:22:21,38.209,38209
217,63,1,18,14:25:09,36.181,36181
217,79,1,20,14:27:57,37.331,37331
217,58,1,22,14:30:50,1:14.154,74154
217,35,1,24,14:32:21,39.135,39135
217,14,1,24,14:32:29,35.084,35084
217,71,1,25,14:33:34,37.059,37059
217,23,1,25,14:34:20,37.606,37606
217,22,1,25,14:34:22,33.027,33027
217,55,1,25,14:34:38,37.984,37984
217,65,1,26,14:35:23,36.215,36215
217,15,1,26,14:35:44,29.993,29993
217,77,1,26,14:36:20,36.242,36242
217,75,1,27,14:37:01,36.698,36698
217,21,1,28,14:38:18,37.591,37591
217,30,2,33,14:45:09,28.097,28097
217,56,2,35,14:48:10,34.630,34630
217,50,2,41,14:57:27,35.765,35765
217,63,2,42,14:59:20,44.777,44777
217,64,2,44,15:01:12,36.341,36341
217,15,2,45,15:02:19,30.192,30192
217,75,2,47,15:04:36,36.512,36512
217,79,2,47,15:05:16,38.002,38002
217,14,2,50,15:08:12,35.062,35062
217,65,2,50,15:08:35,36.270,36270
217,71,2,51,15:09:09,36.643,36643
217,77,2,50,15:09:32,36.555,36555
217,35,2,51,15:09:34,35.405,35405
217,23,2,51,15:10:04,36.263,36263
217,30,3,51,15:10:09,27.975,27975
217,58,2,50,15:10:42,34.220,34220
217,55,2,51,15:10:56,44.306,44306
217,56,3,56,15:16:58,34.939,34939
217,63,3,57,15:21:00,35.662,35662
217,50,3,60,15:24:15,34.554,34554
217,58,3,72,15:41:30,35.435,35435
218,35,1,6,14:17:10,33.789,33789
218,55,1,7,14:19:25,33.457,33457
218,49,1,8,14:21:58,33.106,33106
218,56,1,8,14:22:08,30.868,30868
218,77,1,9,14:24:07,31.865,31865
218,63,1,9,14:24:28,34.937,34937
218,21,1,10,14:26:01,35.226,35226
218,71,1,10,14:26:13,33.567,33567
218,65,1,11,14:28:23,33.361,33361
218,14,1,11,14:28:29,29.365,29365
218,50,1,11,14:28:33,31.889,31889
218,35,2,11,14:28:41,31.396,31396
218,79,1,11,14:28:50,46.954,46954
218,15,1,10,14:28:58,32.551,32551
218,23,1,11,14:29:24,32.267,32267
218,57,1,12,14:30:32,29.954,29954
218,64,1,12,14:30:36,40.757,40757
218,81,1,12,14:30:53,31.371,31371
218,58,1,12,14:31:02,31.686,31686
218,76,1,13,14:32:55,41.139,41139
218,30,1,14,14:33:45,31.704,31704
218,71,2,16,14:39:42,32.36,32360
218,55,2,23,14:53:00,31.889,31889
218,49,2,24,14:55:19,32.017,32017
218,77,2,24,14:55:29,34.233,34233
218,30,2,29,15:04:06,30.615,30615
218,57,2,29,15:05:00,30.117,30117
218,63,2,29,15:05:50,31.954,31954
218,79,2,29,15:06:54,31.202,31202
218,56,2,30,15:07:30,30.168,30168
218,76,2,30,15:08:09,30.281,30281
218,21,2,31,15:08:50,29.509,29509
218,65,2,31,15:09:07,29.458,29458
218,35,3,31,15:09:11,30.391,30391
218,55,3,32,15:11:04,32.566,32566
218,15,2,30,15:11:20,30.138,30138
218,64,2,33,15:13:26,31.908,31908
218,77,3,34,15:15:24,27.346,27346
218,81,2,34,15:15:47,29.016,29016
218,71,3,34,15:16:30,30.888,30888
218,55,4,38,15:23:15,28.206,28206
220,50,1,17,14:22:00,26.487,26487
220,76,1,26,14:32:20,26.859,26859
220,79,1,26,14:32:49,27.933,27933
220,22,1,28,14:34:45,26.157,26157
220,77,1,32,14:40:17,31.04,31040
220,64,1,33,14:41:29,30.398,30398
220,75,1,34,14:42:44,29.786,29786
220,55,1,36,14:44:41,28.395,28395
220,63,1,36,14:45:23,28.047,28047
220,15,1,37,14:45:24,27.537,27537
220,71,1,39,14:48:21,30.112,30112
220,35,1,40,14:49:07,27.933,27933
220,65,1,40,14:49:42,31.416,31416
220,30,1,42,14:51:50,28.193,28193
220,49,1,42,14:51:55,26.649,26649
220,23,1,42,14:52:02,32.141,32141
220,81,1,42,14:52:36,28.916,28916
220,14,1,43,14:53:09,26.483,26483
220,21,1,45,14:55:44,26.368,26368
220,76,2,47,14:58:24,27.524,27524
220,30,2,50,15:02:02,28.98,28980
220,22,2,50,15:02:03,27.292,27292
220,79,2,49,15:02:17,27.279,27279
220,50,2,50,15:04:17,25.734,25734
221,65,1,16,14:22:08,28.606,28606
221,55,1,20,14:27:21,30.013,30013
221,77,1,21,14:28:57,29.513,29513
221,63,1,22,14:30:40,30.953,30953
221,81,1,23,14:31:52,28.675,28675
221,50,1,24,14:33:31,28.203,28203
221,57,1,28,14:37:31,27.598,27598
221,35,1,28,14:37:46,28.829,28829
221,49,1,30,14:41:12,27.76,27760
221,14,1,31,14:41:46,26.197,26197
221,71,1,36,14:49:23,56.103,56103
221,22,1,37,14:50:23,30.898,30898
221,76,1,39,14:53:29,32.656,32656
221,64,1,39,14:53:32,30.522,30522
221,44,1,40,14:54:55,30.44,30440
221,81,2,40,14:55:21,52.135,52135
221,50,2,40,14:56:00,31.608,31608
221,65,2,42,14:57:51,27.929,27929
221,63,2,42,14:58:35,28.916,28916
221,55,2,44,15:00:17,28.955,28955
221,77,2,45,15:01:42,28.461,28461
221,49,2,47,15:04:22,28.74,28740
221,35,2,49,15:06:27,28.165,28165
222,57,1,13,14:22:06,30.842,30842
222,77,1,13,14:22:12,30.765,30765
222,55,1,14,14:23:50,32.083,32083
222,14,1,14,14:23:59,30.847,30847
222,44,1,15,14:25:49,33.106,33106
222,56,1,16,14:26:53,31.022,31022
222,50,1,16,14:27:55,31.687,31687
222,71,1,17,14:29:11,33.089,33089
222,75,1,17,14:29:22,31.423,31423
222,30,1,18,14:30:28,30.259,30259
222,58,1,18,14:31:12,32.248,32248
222,63,1,18,14:31:25,31.574,31574
222,64,1,19,14:33:01,31.891,31891
222,35,1,20,14:33:49,29.897,29897
222,65,1,20,14:34:05,30.717,30717
222,49,1,21,14:35:33,31.246,31246
222,21,1,21,14:35:54,30.974,30974
222,23,1,22,14:37:48,34.548,34548
222,77,2,26,14:44:32,31.605,31605
222,55,2,27,14:46:00,32.317,32317
222,35,2,30,14:50:57,37.076,37076
222,57,2,30,14:51:01,31.693,31693
222,63,2,31,14:54:15,30.613,30613
222,56,2,32,14:54:17,32.366,32366
222,44,2,32,14:54:52,36.492,36492
222,30,2,33,14:55:50,32.236,32236
222,50,2,33,14:57:43,31.309,31309
222,64,2,34,14:58:56,35.168,35168
222,14,2,35,14:59:51,30.675,30675
222,71,2,36,15:01:58,33.35,33350
222,58,2,36,15:02:39,32.347,32347
222,49,2,37,15:02:43,30.043,30043
222,65,2,37,15:03:03,31.204,31204
222,21,2,37,15:03:16,30.769,30769
222,23,2,38,15:05:21,40.357,40357
222,77,3,39,15:06:45,30.657,30657
222,55,3,40,15:08:08,30.326,30326
223,63,1,15,14:21:52,25.492,25492
223,58,1,15,14:21:57,27.185,27185
223,23,1,17,14:24:42,28.307,28307
223,76,1,19,14:27:11,28.726,28726
223,44,1,20,14:28:56,27.307,27307
223,30,1,22,14:30:56,26.209,26209
223,71,1,22,14:31:21,27.764,27764
223,50,1,22,14:32:09,25.588,25588
223,35,1,23,14:32:26,25.958,25958
223,56,1,24,14:34:13,25.567,25567
223,21,1,24,14:34:53,26.845,26845
223,82,1,24,14:35:03,27.084,27084
223,14,1,25,14:35:33,25.855,25855
223,55,1,25,14:36:11,27.889,27889
223,75,1,25,14:36:18,27.288,27288
223,79,1,25,14:36:32,29.713,29713
223,57,1,26,14:36:59,26.003,26003
223,65,1,27,14:39:07,25.817,25817
223,49,1,28,14:39:48,26.324,26324
223,77,1,29,14:41:23,27.258,27258
223,58,2,33,14:48:18,26.085,26085
223,63,2,34,14:49:33,24.729,24729
223,30,2,43,15:00:59,27.802,27802
223,82,2,42,15:01:29,30.968,30968
223,44,2,43,15:02:13,29.862,29862
223,35,2,44,15:02:26,27.153,27153
223,23,2,43,15:02:40,28.089,28089
223,57,2,44,15:02:46,26.875,26875
223,56,2,44,15:02:49,26.956,26956
223,50,2,43,15:03:10,27.921,27921
223,14,2,45,15:04:12,25.716,25716
223,71,2,45,15:04:26,27.521,27521
223,76,2,45,15:05:04,28.22,28220
223,55,2,45,15:05:05,28.698,28698
223,65,2,46,15:06:32,26.193,26193
223,77,2,47,15:07:08,29.986,29986
223,79,2,46,15:07:35,28.013,28013
223,21,2,47,15:08:24,26.736,26736
223,49,2,48,15:08:31,33.88,33880
223,55,3,47,15:08:39,26.415,26415
223,75,2,48,15:09:49,26.372,26372
223,63,3,51,15:14:22,25.377,25377
223,58,3,51,15:14:47,27.513,27513
191,75,1,8,14:17:38,1:07.593,67593
191,74,1,12,14:23:32,26.182,26182
191,73,1,18,14:33:52,26.533,26533
191,74,2,18,14:33:53,31.836,31836
191,71,1,19,14:34:29,26.976,26976
191,63,1,19,14:34:30,25.448,25448
191,25,1,20,14:36:05,22.398,22398
191,21,1,22,14:39:07,22.885,22885
191,57,1,24,14:41:02,23.546,23546
191,14,1,25,14:42:42,23.319,23319
191,65,1,27,14:47:09,27.977,27977
191,35,1,28,14:48:45,26.102,26102
191,44,1,28,14:49:27,27.245,27245
191,55,1,29,14:50:39,27.278,27278
191,49,1,33,14:56:38,24.314,24314
191,56,1,33,14:56:39,29.968,29968
191,57,2,36,15:00:22,11.242,11242
191,25,2,36,15:02:12,25.529,25529
191,57,3,40,15:06:45,26.981,26981
191,71,2,39,15:07:03,24.907,24907
191,14,2,42,15:09:45,21.931,21931
191,21,2,41,15:09:52,23.775,23775
192,73,1,22,13:34:04,37.063,37063
192,76,1,24,13:36:27,41.362,41362
192,30,1,26,13:38:21,33.656,33656
192,49,1,27,13:39:43,33.455,33455
192,56,1,27,13:39:51,33.938,33938
192,35,1,29,13:42:42,34.602,34602
192,14,1,36,13:51:29,35.893,35893
192,22,1,36,13:52:35,41.078,41078
192,71,1,37,13:54:27,36.749,36749
192,57,1,39,13:55:23,37.402,37402
192,74,1,40,13:59:22,41.452,41452
192,65,1,41,13:59:40,36.519,36519
192,55,1,42,14:00:50,35.265,35265
192,44,1,43,14:02:12,39.871,39871
192,49,2,45,14:04:30,33.532,33532
192,25,1,46,14:05:51,34.914,34914
192,21,1,47,14:07:26,33.805,33805
192,35,2,48,14:08:50,33.185,33185
192,73,2,48,14:11:20,39.146,39146
192,76,2,49,14:11:22,39.58,39580
192,30,2,53,14:15:12,38.45,38450
192,56,2,55,14:18:19,33.307,33307
193,23,1,18,13:31:26,28.306,28306
193,55,1,27,13:43:52,26.044,26044
193,30,1,28,13:44:43,25.999,25999
193,71,1,28,13:45:42,26.698,26698
193,56,1,29,13:46:39,25.762,25762
193,14,1,32,13:51:27,27.649,27649
193,73,1,34,13:56:55,30.424,30424
193,74,1,35,13:57:42,1:01.645,61645
193,35,1,37,13:58:57,29.088,29088
193,21,1,37,13:59:07,27.448,27448
193,49,1,38,14:00:36,55.878,55878
193,68,1,38,14:01:58,30.051,30051
193,65,1,39,14:02:22,27.296,27296
193,75,1,38,14:02:37,36.775,36775
193,15,1,39,14:03:18,27.731,27731
193,25,1,40,14:03:33,27.696,27696
193,22,1,40,14:04:08,34.156,34156
193,57,1,42,14:05:40,26.241,26241
193,44,1,42,14:07:17,27.686,27686
193,49,2,43,14:09:04,28.139,28139
193,22,2,45,14:12:17,31.805,31805
193,71,2,46,14:13:25,35.037,35037
193,55,2,50,14:18:48,25.127,25127
193,30,2,53,14:22:12,24.472,24472
193,56,2,55,14:26:02,24.760,24760
194,71,1,1,14:04:42,32.328,32328
194,76,1,1,14:04:50,31.748,31748
194,25,1,1,14:05:09,59.839,59839
194,63,1,18,14:30:57,29.915,29915
194,73,1,18,14:31:42,27.848,27848
194,68,1,20,14:34:23,25.473,25473
194,75,1,20,14:34:51,33.423,33423
194,23,1,21,14:35:27,29.236,29236
194,55,1,22,14:36:55,24.763,24763
194,15,1,22,14:37:08,25.479,25479
194,74,1,22,14:37:57,28.265,28265
194,44,1,23,14:38:39,24.639,24639
194,71,2,24,14:40:34,27.892,27892
194,14,1,26,14:42:05,24.585,24585
194,30,1,26,14:42:26,25.022,25022
194,35,1,26,14:42:51,28.113,28113
194,56,1,27,14:44:22,24.531,24531
194,49,1,27,14:44:33,25.03,25030
194,63,2,27,14:45:16,54.989,54989
194,63,3,29,14:49:12,30.015,30015
194,23,2,36,14:59:15,31.92,31920
194,73,2,36,15:00:48,26.52,26520
194,55,2,40,15:04:41,26.86,26860
194,49,2,41,15:06:13,26.769,26769
194,44,2,41,15:06:43,25.229,25229
194,71,3,41,15:07:02,29.324,29324
194,14,2,44,15:09:38,24.302,24302
194,74,2,42,15:09:55,28.677,28677
194,56,2,44,15:10:33,23.769,23769
194,35,2,44,15:10:34,28.918,28918
194,30,2,46,15:13:02,23.299,23299
195,49,1,2,14:06:16,35.395,35395
195,44,1,18,14:29:14,27.989,27989
195,76,1,19,14:30:58,29.445,29445
195,23,1,19,14:31:11,28.489,28489
195,68,1,21,14:34:07,28.0,28000
195,49,2,21,14:34:16,29.818,29818
195,74,1,21,14:34:16,30.033,30033
195,22,1,22,14:34:55,27.409,27409
195,65,1,22,14:34:59,26.694,26694
195,71,1,22,14:35:01,27.241,27241
195,25,1,23,14:36:06,28.239,28239
195,75,1,23,14:37:12,29.053,29053
195,15,1,24,14:38:17,26.009,26009
195,55,1,24,14:38:32,25.243,25243
195,56,1,25,14:38:48,26.982,26982
195,21,1,25,14:38:53,27.38,27380
195,57,1,26,14:39:51,27.261,27261
195,14,1,27,14:41:32,25.92,25920
195,30,1,27,14:41:45,26.056,26056
195,35,1,27,14:42:11,27.832,27832
195,15,2,33,14:51:43,31.385,31385
195,55,2,34,14:53:18,27.67,27670
195,74,2,38,14:59:48,29.976,29976
195,30,2,40,15:00:46,28.983,28983
195,49,3,40,15:02:33,29.628,29628
195,68,2,40,15:02:39,28.614,28614
195,75,2,40,15:02:46,31.159,31159
195,44,2,42,15:04:28,27.456,27456
195,23,2,42,15:05:14,27.647,27647
195,76,2,42,15:05:21,29.417,29417
195,74,3,42,15:06:07,28.682,28682
195,22,2,44,15:07:12,28.329,28329
195,65,2,44,15:07:16,26.194,26194
195,57,2,45,15:07:21,30.994,30994
195,71,2,44,15:07:32,27.212,27212
195,35,2,45,15:08:39,28.248,28248
195,14,2,46,15:09:00,25.156,25156
195,25,2,46,15:09:40,26.669,26669
195,30,3,48,15:12:33,25.794,25794
196,44,1,16,14:57:01,26.111,26111
196,68,1,20,15:02:24,26.702,26702
196,30,1,30,15:15:21,24.328,24328
196,55,1,30,15:16:02,24.876,24876
196,21,1,31,15:16:48,27.644,27644
196,57,1,37,15:24:54,26.603,26603
196,15,1,37,15:27:05,30.548,30548
196,30,2,38,15:27:09,4:05.291,245291
196,65,1,38,15:28:30,26.312,26312
196,63,1,41,15:31:40,27.368,27368
196,75,1,40,15:31:59,29.992,29992
196,25,1,42,15:32:47,27.200,27200
196,68,2,42,15:34:57,29.909,29909
196,64,1,43,15:35:36,28.466,28466
196,71,1,43,15:36:00,26.200,26200
196,56,1,45,15:37:23,25.317,25317
196,23,1,44,15:37:41,35.483,35483
196,35,1,54,15:51:30,24.449,24449
196,55,2,55,15:52:03,24.352,24352
197,56,1,1,13:29:06,53.521,53521
197,64,1,14,13:50:21,29.034,29034
197,73,1,15,13:51:19,30.607,30607
197,30,1,20,13:59:10,25.532,25532
197,22,1,21,14:01:22,29.162,29162
197,73,2,21,14:01:33,30.341,30341
197,35,1,23,14:05:04,7:40.133,460133
197,74,1,23,14:05:31,35.029,35029
197,30,2,35,14:21:10,27.034,27034
197,76,1,35,14:21:37,27.799,27799
197,64,2,37,14:25:37,31.445,31445
197,56,2,38,14:25:46,25.540,25540
197,71,1,39,14:26:59,28.182,28182
197,75,1,39,14:27:17,29.094,29094
197,25,1,40,14:28:30,27.997,27997
197,71,2,41,14:30:50,36.699,36699
197,21,1,44,14:33:22,27.419,27419
197,71,3,42,14:33:25,2:52.748,172748
197,22,2,48,14:39:41,25.631,25631
197,30,3,50,14:41:39,24.092,24092
197,56,3,55,14:49:18,23.516,23516
197,73,3,62,15:00:19,25.249,25249
198,15,1,2,14:13:13,1:21.652,81652
198,68,1,15,14:31:04,26.413,26413
198,23,1,16,14:31:47,27.167,27167
198,25,1,17,14:33:09,25.111,25111
198,71,1,17,14:33:35,26.616,26616
198,21,1,18,14:34:40,24.600,24600
198,23,2,18,14:35:49,2:22.308,142308
198,49,1,20,14:37:25,26.576,26576
198,57,1,21,14:38:20,25.830,25830
198,50,1,21,14:39:15,28.725,28725
198,30,1,22,14:39:16,25.905,25905
198,75,1,21,14:39:34,27.796,27796
198,14,1,22,14:39:35,34.293,34293
198,56,1,23,14:40:55,25.451,25451
198,55,1,23,14:41:20,25.883,25883
198,22,1,23,14:41:47,26.668,26668
198,35,1,24,14:42:31,25.997,25997
198,65,1,24,14:42:54,45.659,45659
198,15,2,25,14:45:37,25.814,25814
198,44,1,29,14:50:02,25.631,25631
198,63,1,31,14:53:18,28.109,28109
198,25,2,34,14:56:15,24.101,24101
198,21,2,34,14:56:48,31.547,31547
198,68,2,35,14:58:52,26.723,26723
198,74,1,35,14:59:37,30.959,30959
198,64,1,39,15:04:19,28.578,28578
198,56,2,43,15:07:46,26.628,26628
198,30,2,45,15:09:59,26.537,26537
198,75,2,43,15:10:24,28.192,28192
198,44,2,45,15:12:04,26.239,26239
198,50,2,45,15:12:29,25.816,25816
198,55,2,46,15:12:36,25.378,25378
198,15,3,46,15:14:26,26.539,26539
198,65,2,47,15:14:31,25.848,25848
198,22,2,47,15:14:44,25.654,25654
198,35,2,48,15:14:51,26.031,26031
198,25,3,50,15:17:56,25.114,25114
198,49,2,51,15:19:24,24.759,24759
198,68,3,51,15:21:00,26.467,26467
198,21,3,52,15:21:22,26.386,26386
198,57,2,54,15:22:25,25.698,25698
198,14,2,55,15:23:50,53.598,53598
198,23,3,53,15:25:35,25.176,25176
198,14,3,56,15:25:59,31.297,31297
198,14,4,63,15:35:38,27.156,27156
199,23,1,13,14:24:31,30.004,30004
199,50,1,16,14:31:06,32.413,32413
199,21,1,18,14:33:00,30.627,30627
199,22,1,17,14:33:05,32.816,32816
199,64,1,18,14:33:09,31.499,31499
199,30,1,19,14:34:08,28.883,28883
199,73,1,18,14:34:27,32.243,32243
199,35,1,19,14:34:38,31.458,31458
199,25,1,19,14:34:39,32.988,32988
199,63,1,20,14:36:41,29.099,29099
199,14,1,21,14:37:21,28.352,28352
199,68,1,20,14:38:15,33.961,33961
199,55,1,22,14:39:31,29.144,29144
199,56,1,22,14:39:33,26.509,26509
199,57,1,23,14:40:39,27.978,27978
199,15,1,23,14:43:58,55.064,55064
199,44,1,26,14:48:15,32.593,32593
199,75,1,29,14:54:19,32.996,32996
199,23,2,35,15:02:22,32.978,32978
199,56,2,39,15:08:32,30.382,30382
199,57,2,40,15:09:17,27.851,27851
199,35,2,39,15:09:25,32.583,32583
199,30,2,40,15:09:55,30.509,30509
199,64,2,39,15:10:43,4:19.224,259224
199,55,2,40,15:10:47,33.843,33843
199,25,2,40,15:11:26,36.840,36840
199,23,3,40,15:12:00,32.886,32886
199,35,3,41,15:14:02,33.080,33080
199,21,2,43,15:17:10,30.760,30760
199,68,2,43,15:22:47,31.860,31860
200,14,1,1,14:04:44,38.584,38584
200,74,1,2,14:06:44,47.733,47733
200,74,2,3,14:08:47,15.286,15286
200,30,1,18,14:27:45,39.545,39545
200,71,1,19,14:29:00,26.884,26884
200,21,1,21,14:31:05,28.395,28395
200,73,1,21,14:31:57,28.33,28330
200,25,1,22,14:33:07,27.546,27546
200,50,1,25,14:36:54,27.181,27181
200,23,1,26,14:37:42,27.079,27079
200,74,3,26,14:38:25,27.862,27862
200,56,1,28,14:39:59,26.375,26375
200,57,1,34,14:47:02,29.464,29464
200,14,2,36,14:49:49,28.421,28421
200,65,1,37,14:52:07,26.912,26912
200,15,1,38,14:53:24,28.768,28768
200,75,1,38,14:53:36,30.15,30150
200,30,2,42,14:58:04,27.45,27450
200,23,2,43,14:59:15,26.404,26404
200,35,1,43,14:59:29,28.563,28563
200,71,2,45,15:02:09,26.546,26546
200,50,2,46,15:04:00,25.995,25995
200,25,2,48,15:06:13,26.617,26617
200,73,2,48,15:06:56,29.429,29429
200,56,2,52,15:10:17,25.472,25472
201,44,1,7,14:16:05,31.305,31305
201,23,1,14,14:28:11,28.636,28636
201,22,1,15,14:30:24,28.455,28455
201,74,1,19,14:38:33,2:46.346,166346
201,68,1,20,14:39:55,32.658,32658
201,55,1,21,14:41:07,30.262,30262
201,21,1,22,14:42:48,30.103,30103
201,49,1,22,14:42:50,30.127,30127
201,65,1,22,14:43:00,29.912,29912
201,44,2,22,14:43:49,33.076,33076
201,35,1,23,14:44:15,30.939,30939
201,71,1,23,14:44:22,30.446,30446
201,25,1,23,14:44:49,31.460,31460
201,50,1,23,14:45:23,30.009,30009
201,30,1,24,14:46:16,30.165,30165
201,15,1,24,14:47:03,30.313,30313
201,63,1,24,14:47:12,32.115,32115
201,75,1,24,14:47:24,31.506,31506
201,56,1,25,14:48:09,31.440,31440
201,57,1,26,14:49:30,29.764,29764
201,14,1,27,14:51:18,29.019,29019
201,23,2,29,14:55:22,27.554,27554
201,44,3,36,15:10:04,34.525,34525
202,68,1,18,14:28:48,30.773,30773
202,75,1,22,14:34:25,32.454,32454
202,15,1,23,14:35:27,34.207,34207
202,71,1,24,14:35:54,29.660,29660
202,30,1,25,14:36:52,30.356,30356
202,22,1,24,14:37:01,30.929,30929
202,14,1,26,14:38:14,29.984,29984
202,23,1,26,14:39:23,31.421,31421
202,64,1,26,14:39:43,30.373,30373
202,50,1,26,14:40:02,31.433,31433
202,44,1,26,14:40:05,30.200,30200
202,57,1,28,14:40:53,30.610,30610
202,25,1,28,14:41:41,30.262,30262
202,49,1,29,14:42:54,38.066,38066
202,21,1,29,14:43:03,31.088,31088
202,55,1,30,14:44:31,28.993,28993
202,35,1,31,14:45:27,34.231,34231
202,65,1,32,14:47:46,29.607,29607
202,30,2,43,15:01:40,28.938,28938
202,14,2,44,15:03:00,30.058,30058
202,57,2,46,15:05:41,30.648,30648
202,68,2,46,15:09:05,31.245,31245
202,64,2,47,15:09:44,30.433,30433
202,65,2,48,15:10:02,29.908,29908
202,25,2,49,15:10:53,31.361,31361
202,22,2,48,15:11:09,32.393,32393
202,75,2,48,15:11:41,1:01.896,61896
202,21,2,50,15:12:23,31.058,31058
202,71,2,51,15:13:16,29.576,29576
202,55,2,51,15:13:48,29.985,29985
202,50,2,50,15:14:09,30.803,30803
202,23,2,52,15:15:34,30.588,30588
202,44,2,51,15:15:40,31.037,31037
202,49,2,54,15:17:27,30.371,30371
202,35,2,55,15:18:39,29.588,29588
202,30,3,62,15:27:31,30.046,30046
203,14,1,9,15:18:10,30.867,30867
203,74,1,9,15:18:55,31.603,31603
203,56,1,10,15:19:37,40.142,40142
203,23,1,11,15:21:47,31.506,31506
203,30,1,16,15:31:55,31.147,31147
203,71,1,16,15:32:15,34.088,34088
203,55,1,16,15:32:41,31.000,31000
203,49,1,16,15:32:46,31.822,31822
203,21,1,16,15:32:57,38.510,38510
203,64,1,21,15:44:58,33.346,33346
203,15,1,21,15:45:19,32.831,32831
203,56,2,24,15:51:14,31.793,31793
203,14,2,24,15:52:40,13:17.692,797692
203,75,1,24,15:53:09,33.211,33211
203,23,2,27,15:57:28,33.342,33342
203,75,2,26,15:58:30,13:45.304,825304
203,71,2,28,15:59:34,30.663,30663
203,55,2,28,15:59:53,33.789,33789
203,49,2,28,16:00:20,32.134,32134
204,44,1,8,14:15:30,29.589,29589
204,68,1,13,14:22:53,20.308,20308
204,44,2,13,14:23:28,6:36.370,396370
204,71,1,14,14:23:54,20.577,20577
204,22,1,17,14:28:43,37.675,37675
204,50,1,18,14:30:17,20.588,20588
204,63,1,22,14:36:05,26.134,26134
204,15,1,24,14:40:26,1:44.959,104959
204,73,1,25,14:41:33,23.207,23207
204,23,1,30,14:47:15,21.496,21496
204,30,1,31,14:48:12,21.015,21015
204,74,1,30,14:49:05,21.545,21545
204,56,1,32,14:50:03,19.919,19919
204,55,1,32,14:50:25,19.872,19872
204,35,1,33,14:51:32,20.743,20743
204,57,1,34,14:52:38,20.643,20643
204,68,2,33,14:53:03,20.321,20321
204,22,2,34,14:54:29,26.101,26101
204,21,1,35,14:54:58,41.408,41408
204,49,1,35,14:55:04,31.175,31175
204,50,2,35,14:55:53,19.808,19808
204,71,2,36,14:56:26,19.154,19154
205,74,1,1,14:04:39,11:53.081,713081
205,73,1,20,14:31:31,28.776,28776
205,23,1,22,14:33:17,28.581,28581
205,50,1,22,14:33:57,30.382,30382
205,68,1,22,14:34:03,29.309,29309
205,21,1,23,14:34:33,29.567,29567
205,30,1,24,14:35:32,26.933,26933
205,25,1,24,14:35:56,30.821,30821
205,56,1,25,14:37:17,28.417,28417
205,44,1,25,14:38:09,28.749,28749
205,63,1,25,14:38:10,30.376,30376
205,49,1,26,14:38:43,27.546,27546
205,71,1,26,14:38:59,27.476,27476
205,65,1,26,14:39:08,26.052,26052
205,55,1,27,14:40:28,26.865,26865
205,57,1,28,14:41:00,27.178,27178
205,14,1,29,14:42:46,27.359,27359
205,35,1,31,14:45:48,30.683,30683
205,22,1,34,14:50:44,30.501,30501
205,75,1,39,14:58:18,29.979,29979
205,21,2,42,15:01:14,28.172,28172
205,63,2,42,15:02:35,28.320,28320
205,25,2,43,15:02:36,28.714,28714
205,49,2,43,15:02:36,27.307,27307
205,44,2,43,15:03:58,28.193,28193
205,50,2,43,15:03:59,29.434,29434
205,74,2,35,15:05:11,29.624,29624
205,35,2,45,15:05:28,27.569,27569
205,68,2,45,15:07:05,27.535,27535
205,30,2,47,15:07:18,25.895,25895
205,57,2,48,15:08:38,24.858,24858
205,23,2,48,15:09:30,26.710,26710
205,55,2,48,15:09:48,26.470,26470
205,56,2,49,15:10:51,25.509,25509
205,71,2,51,15:13:53,26.544,26544
205,14,2,52,15:14:45,25.669,25669
206,22,1,9,13:37:37,31.688,31688
206,71,1,14,13:45:57,33.02,33020
206,25,1,14,13:46:07,31.474,31474
206,56,1,15,13:47:12,30.693,30693
206,21,1,15,13:47:54,30.415,30415
206,30,1,16,13:49:23,29.395,29395
206,50,1,16,13:50:16,33.099,33099
206,75,1,16,13:50:21,32.735,32735
206,44,1,17,13:51:37,33.974,33974
206,68,1,17,13:52:04,32.637,32637
206,57,1,18,13:52:12,30.832,30832
206,35,1,18,13:52:53,31.711,31711
206,15,1,18,13:53:49,33.021,33021
206,74,1,18,13:54:10,33.134,33134
206,49,1,19,13:54:32,32.292,32292
206,55,1,19,13:54:49,31.451,31451
206,65,1,20,13:57:02,31.123,31123
206,14,1,21,13:57:56,30.963,30963
206,22,2,22,14:00:58,33.212,33212
206,56,2,28,14:09:32,29.67,29670
206,68,2,28,14:12:04,32.241,32241
206,21,2,29,14:12:12,33.233,33233
206,25,2,30,14:14:09,33.985,33985
206,44,2,30,14:14:46,32.638,32638
206,57,2,32,14:16:15,31.513,31513
206,75,2,31,14:17:10,32.775,32775
206,71,2,33,14:19:00,31.593,31593
206,35,2,33,14:19:02,31.223,31223
206,49,2,34,14:20:42,29.683,29683
206,55,2,35,14:22:45,30.239,30239
206,15,2,35,14:23:58,31.481,31481
206,65,2,36,14:24:57,30.859,30859
206,14,2,38,14:27:06,31.562,31562
206,56,3,39,14:28:27,29.52,29520
175,70,1,13,14:34:13,23.512,23512
175,64,1,15,14:36:55,24.711,24711
175,41,1,15,14:37:00,34.918,34918
175,69,1,15,14:37:34,46.637,46637
175,21,1,18,14:43:44,37.052,37052
175,57,1,18,14:43:46,47.557,47557
175,15,1,22,14:49:45,23.752,23752
175,22,1,22,14:49:50,25.027,25027
175,37,1,22,14:50:00,23.919,23919
175,48,1,23,14:51:57,27.215,27215
175,15,2,23,14:51:58,28.602,28602
175,25,1,27,15:00:14,27.315,27315
175,30,1,27,15:00:38,41.287,41287
175,22,2,31,15:06:30,26.345,26345
175,41,2,31,15:06:42,29.441,29441
175,68,1,32,15:08:19,27.046,27046
175,22,3,32,15:08:31,26.335,26335
175,23,1,33,15:09:33,24.89,24890
175,69,2,33,15:10:08,27.282,27282
175,56,1,34,15:11:01,24.474,24474
175,49,1,34,15:11:03,24.63,24630
175,21,2,37,15:16:13,25.52,25520
175,30,2,37,15:17:18,11.371,11371
175,30,3,38,15:19:09,46.248,46248
175,37,2,40,15:21:16,23.293,23293
175,41,3,46,15:31:21,28.728,28728
176,70,1,11,14:18:30,34.893,34893
176,44,1,12,14:19:37,34.096,34096
176,15,1,20,14:30:46,47.618,47618
176,14,1,22,14:37:22,33.328,33328
176,55,1,26,14:38:19,46.641,46641
176,22,1,27,14:39:12,31.245,31245
176,44,2,27,14:40:18,37.5,37500
176,48,1,34,14:50:29,35.674,35674
176,23,1,35,14:50:41,33.386,33386
176,30,1,38,14:53:49,32.552,32552
176,56,1,40,14:57:14,33.656,33656
176,37,1,40,14:58:23,32.772,32772
176,57,1,42,14:59:07,30.983,30983
176,25,1,41,14:59:45,32.543,32543
176,68,1,41,15:00:15,32.359,32359
176,70,2,42,15:02:02,42.514,42514
176,35,1,43,15:02:19,35.085,35085
176,49,1,45,15:04:05,30.78,30780
176,44,3,47,15:07:46,31.159,31159
176,48,2,50,15:13:22,40.903,40903
176,56,2,55,15:17:53,32.791,32791
177,55,1,15,14:26:30,27.592,27592
177,68,1,17,14:29:50,44.670,44670
177,69,1,21,14:36:25,26.696,26696
177,22,1,24,14:39:57,26.368,26368
177,68,2,23,14:39:59,26.934,26934
177,48,1,23,14:40:09,28.102,28102
177,63,1,24,14:40:39,27.599,27599
177,64,1,25,14:41:58,29.834,29834
177,44,1,26,14:43:44,25.605,25605
177,49,1,27,14:44:37,25.181,25181
177,23,1,28,14:46:13,26.007,26007
177,56,1,29,14:47:21,25.237,25237
177,71,1,29,14:47:46,25.640,25640
177,70,1,29,14:48:10,25.406,25406
177,55,2,30,14:49:42,25.879,25879
177,30,1,31,14:50:00,23.922,23922
177,65,1,31,14:51:03,30.613,30613
177,14,1,35,14:55:58,26.216,26216
177,21,1,35,14:57:24,28.793,28793
177,64,2,35,14:58:06,3:09.684,189684
177,44,2,41,15:07:29,55.569,55569
177,48,2,41,15:08:54,25.865,25865
177,64,3,40,15:08:54,26.956,26956
177,22,2,43,15:09:12,25.868,25868
177,69,2,42,15:09:48,26.644,26644
177,30,2,45,15:11:07,24.541,24541
177,55,3,45,15:13:02,25.330,25330
177,63,2,45,15:13:24,26.048,26048
177,70,2,46,15:14:34,25.293,25293
177,71,2,49,15:18:36,24.360,24360
178,15,1,23,14:36:11,24.101,24101
178,44,1,27,14:42:32,23.976,23976
178,56,1,37,14:55:19,23.387,23387
178,30,1,42,15:01:47,26.745,26745
178,21,1,43,15:04:27,27.197,27197
178,25,1,44,15:06:14,26.866,26866
178,55,1,49,15:13:29,25.218,25218
178,57,1,50,15:13:42,26.172,26172
178,22,1,50,15:14:12,25.866,25866
178,55,2,50,15:15:25,34.261,34261
178,70,1,50,15:15:28,25.839,25839
178,15,2,52,15:17:25,23.525,23525
178,23,1,52,15:18:42,25.357,25357
178,56,2,56,15:22:04,23.332,23332
178,49,1,57,15:23:57,24.073,24073
179,37,1,17,14:28:36,31.842,31842
179,65,1,18,14:29:49,29.667,29667
179,25,1,19,14:31:29,29.812,29812
179,69,1,19,14:32:02,26.909,26909
179,21,1,21,14:34:20,25.31,25310
179,63,1,21,14:34:24,29.344,29344
179,56,1,22,14:35:14,25.8,25800
179,57,1,23,14:36:10,25.955,25955
179,15,1,23,14:36:52,26.086,26086
179,68,1,23,14:37:56,28.299,28299
179,30,1,24,14:38:06,25.598,25598
179,35,1,24,14:38:06,27.891,27891
179,71,1,25,14:40:02,27.178,27178
179,14,1,26,14:40:38,30.416,30416
179,55,1,26,14:41:13,26.643,26643
179,49,1,26,14:41:21,26.344,26344
179,22,1,26,14:41:27,26.947,26947
179,23,1,27,14:42:47,26.764,26764
179,64,1,27,14:42:55,25.445,25445
179,37,2,31,14:49:42,27.442,27442
179,25,2,33,14:52:39,24.678,24678
179,21,2,35,14:55:19,26.312,26312
179,56,2,41,15:02:54,26.549,26549
179,69,2,40,15:04:10,32.096,32096
179,15,2,42,15:04:54,26.149,26149
179,68,2,41,15:05:34,29.493,29493
179,30,2,43,15:05:35,26.125,26125
179,22,2,43,15:06:24,27.605,27605
179,57,2,44,15:06:45,26.307,26307
179,23,2,44,15:07:49,25.374,25374
179,14,2,45,15:08:26,25.65,25650
179,37,3,46,15:12:12,30.97,30970
179,21,3,48,15:14:47,25.009,25009
179,25,3,49,15:16:22,25.587,25587
179,71,2,50,15:16:45,25.455,25455
179,63,2,50,15:17:44,26.161,26161
180,22,1,1,13:04:56,2:58.079,178079
180,65,1,24,13:39:45,26.526,26526
180,68,1,28,13:45:39,26.514,26514
180,21,1,36,13:56:01,26.762,26762
180,49,1,36,13:56:08,25.746,25746
180,64,1,36,13:56:27,28.924,28924
180,23,1,36,13:56:29,28.450,28450
180,65,2,36,13:56:43,32.728,32728
180,57,1,37,13:57:00,26.079,26079
180,69,1,36,13:57:15,29.452,29452
180,56,1,37,13:57:17,29.317,29317
180,44,1,36,13:57:19,25.716,25716
180,48,1,36,13:57:28,39.525,39525
180,70,1,37,13:58:41,28.150,28150
180,14,1,38,13:58:44,27.916,27916
180,14,2,41,14:05:12,30.812,30812
180,69,2,46,14:13:34,27.260,27260
180,70,2,48,14:15:00,26.890,26890
180,14,3,49,14:16:40,28.305,28305
180,44,2,49,14:17:45,27.530,27530
181,44,1,21,14:31:32,27.102,27102
181,56,1,21,14:31:36,1:03.796,63796
181,21,1,21,14:31:45,33.768,33768
181,25,1,21,14:31:46,55.787,55787
181,35,1,21,14:31:52,31.957,31957
181,71,1,21,14:32:01,46.939,46939
181,37,1,21,14:32:17,32.181,32181
181,68,1,21,14:32:19,1:00.845,60845
181,48,1,21,14:32:35,31.260,31260
181,22,1,22,14:32:56,31.067,31067
181,57,1,22,14:33:00,28.769,28769
181,55,1,22,14:33:01,30.292,30292
181,49,1,22,14:33:04,32.800,32800
181,30,1,22,14:33:09,27.946,27946
181,23,1,22,14:33:17,32.593,32593
181,15,1,22,14:33:19,27.465,27465
181,41,1,22,14:33:48,32.892,32892
181,70,1,22,14:33:54,34.142,34142
181,69,1,22,14:34:21,30.794,30794
181,71,2,22,14:36:12,49.730,49730
181,35,2,25,14:39:13,28.289,28289
181,68,2,28,14:46:38,36.014,36014
181,56,2,50,15:27:05,25.461,25461
181,23,2,52,15:30:12,25.943,25943
181,30,2,54,15:33:13,31.627,31627
181,44,2,57,15:38:04,24.974,24974
181,15,2,59,15:41:17,24.315,24315
181,37,2,60,15:44:18,32.798,32798
181,41,2,61,15:44:51,30.411,30411
181,57,2,65,15:50:04,25.480,25480
181,22,2,65,15:50:22,25.993,25993
181,69,2,67,15:54:56,23.462,23462
182,69,1,6,13:53:29,1:16.216,76216
182,48,1,19,14:13:43,27.733,27733
182,21,1,20,14:14:47,26.888,26888
182,68,1,20,14:15:16,27.446,27446
182,55,1,21,14:15:59,27.134,27134
182,25,1,21,14:16:21,27.306,27306
182,70,1,22,14:17:49,26.277,26277
182,71,1,23,14:18:53,27.912,27912
182,65,1,23,14:19:07,25.790,25790
182,14,1,24,14:20:01,26.351,26351
182,23,1,24,14:20:22,26.294,26294
182,49,1,24,14:20:22,28.993,28993
182,64,1,24,14:20:39,27.098,27098
182,15,1,24,14:20:54,26.098,26098
182,57,1,25,14:21:22,28.118,28118
182,22,1,25,14:21:58,28.178,28178
182,41,1,25,14:22:28,26.603,26603
182,56,1,26,14:22:57,30.644,30644
182,57,2,26,14:23:34,47.874,47874
182,44,1,26,14:24:03,26.391,26391
182,35,1,29,14:28:31,30.877,30877
182,57,3,29,14:28:56,58.018,58018
182,15,2,31,14:32:00,27.606,27606
182,41,2,31,14:32:03,29.855,29855
182,55,2,33,14:35:15,32.397,32397
182,55,3,34,14:37:23,43.003,43003
182,44,2,38,14:42:52,27.253,27253
182,70,2,39,14:44:20,28.324,28324
182,23,2,40,14:45:32,28.977,28977
182,65,2,40,14:45:44,27.271,27271
182,56,2,41,14:46:55,26.084,26084
182,64,2,41,14:47:16,28.095,28095
182,25,2,41,14:47:23,27.017,27017
182,48,2,40,14:47:37,26.854,26854
182,41,3,41,14:48:15,28.716,28716
182,14,2,42,14:48:24,25.275,25275
182,22,2,42,14:48:40,27.399,27399
182,21,2,42,14:48:52,27.202,27202
182,68,2,41,14:49:09,31.186,31186
182,49,2,45,14:53:08,25.333,25333
182,71,2,46,14:54:42,25.162,25162
182,22,3,47,14:56:44,28.595,28595
182,65,3,49,14:59:44,31.021,31021
183,65,1,1,14:04:32,5:08.686,308686
183,69,1,2,14:06:10,41.011,41011
183,63,1,3,14:07:03,37.716,37716
183,69,2,20,14:29:42,28.890,28890
183,64,1,24,14:33:25,27.706,27706
183,55,1,25,14:34:42,26.127,26127
183,37,1,30,14:41:22,31.683,31683
183,48,1,35,14:47:39,30.547,30547
183,22,1,38,14:50:17,30.620,30620
183,69,3,36,14:50:30,34.606,34606
183,41,1,38,14:51:10,29.764,29764
183,14,1,39,14:51:24,28.174,28174
183,57,1,40,14:52:59,27.429,27429
183,63,2,41,14:55:06,26.754,26754
183,65,2,39,14:57:08,28.512,28512
183,21,1,43,14:57:10,28.413,28413
183,56,1,44,14:57:38,26.545,26545
183,49,1,44,14:58:05,26.611,26611
183,25,1,44,14:58:26,27.225,27225
183,15,1,45,14:59:48,26.150,26150
183,71,1,45,14:59:49,27.389,27389
183,44,1,46,15:01:21,25.921,25921
183,64,2,52,15:08:32,24.802,24802
184,55,1,1,14:05:42,29.324,29324
184,21,1,3,14:09:26,36.599,36599
184,14,1,10,14:21:49,32.399,32399
184,41,1,15,14:31:26,41.028,41028
184,55,2,16,14:33:24,25.796,25796
184,44,1,18,14:36:46,26.089,26089
184,48,1,20,14:40:56,30.279,30279
184,49,1,21,14:41:44,28.919,28919
184,37,1,21,14:42:45,31.35,31350
184,56,1,22,14:43:32,27.362,27362
184,69,1,22,14:44:38,29.538,29538
184,63,1,23,14:45:18,28.013,28013
184,65,1,23,14:45:49,29.557,29557
184,25,1,23,14:45:54,27.123,27123
184,57,1,24,14:46:58,42.414,42414
184,23,1,24,14:47:23,27.704,27704
184,14,2,26,14:51:14,28.022,28022
184,55,3,28,14:55:31,26.636,26636
184,44,2,30,14:58:38,26.567,26567
184,14,3,39,15:14:58,25.168,25168
185,35,1,23,14:35:40,31.005,31005
185,68,1,25,14:39:29,30.757,30757
185,21,1,28,14:41:48,30.796,30796
185,23,1,28,14:42:41,32.494,32494
185,37,1,28,14:43:00,31.412,31412
185,56,1,29,14:43:04,30.782,30782
185,71,1,29,14:43:21,33.109,33109
185,25,1,29,14:43:32,30.132,30132
185,15,1,29,14:43:48,29.468,29468
185,41,1,29,14:44:06,32.999,32999
185,69,1,29,14:44:21,30.31,30310
185,49,1,30,14:44:36,29.146,29146
185,57,1,31,14:45:34,30.002,30002
185,55,1,32,14:47:42,29.85,29850
185,14,1,33,14:48:45,29.284,29284
185,41,2,33,14:50:03,31.816,31816
185,48,1,33,14:50:42,35.96,35960
185,65,1,38,14:56:41,34.625,34625
185,44,1,38,14:56:43,32.556,32556
185,22,1,40,14:58:41,33.654,33654
185,63,1,44,15:05:20,31.394,31394
185,71,2,48,15:09:48,31.063,31063
185,49,2,50,15:12:33,30.213,30213
185,15,2,50,15:13:13,29.957,29957
185,35,2,50,15:13:37,32.393,32393
185,25,2,51,15:14:23,30.613,30613
185,23,2,51,15:14:58,29.889,29889
185,69,2,51,15:15:44,30.681,30681
185,37,2,52,15:17:17,31.66,31660
185,55,2,54,15:18:13,46.069,46069
185,57,2,55,15:18:43,30.692,30692
185,56,2,58,15:23:25,28.868,28868
185,14,2,58,15:23:26,28.593,28593
185,41,3,60,15:28:21,31.554,31554
185,55,3,69,15:39:34,33.622,33622
186,44,1,12,14:27:50,30.26,30260
186,69,1,13,14:29:54,32.123,32123
186,55,1,14,14:31:32,32.343,32343
186,15,1,14,14:31:49,29.281,29281
186,48,1,14,14:32:08,30.399,30399
186,37,1,14,14:32:16,30.309,30309
186,65,1,15,14:33:48,32.282,32282
186,64,1,15,14:33:55,31.008,31008
186,71,1,16,14:35:22,28.743,28743
186,49,1,17,14:37:02,29.533,29533
186,63,1,17,14:37:20,29.99,29990
186,22,1,17,14:37:23,33.038,33038
186,57,1,18,14:38:47,29.917,29917
186,56,1,18,14:39:04,28.824,28824
186,14,1,19,14:40:34,29.025,29025
186,70,1,21,14:45:10,30.818,30818
186,21,1,21,14:45:31,32.824,32824
186,23,1,22,14:47:00,33.944,33944
186,25,1,22,14:47:41,32.561,32561
186,41,1,21,14:48:15,33.351,33351
186,35,1,26,14:55:36,31.944,31944
186,69,2,26,14:56:03,31.758,31758
186,44,2,27,14:57:33,29.909,29909
186,71,2,28,14:58:55,29.48,29480
186,55,2,29,15:01:12,29.849,29849
186,48,2,29,15:02:01,31.109,31109
186,37,2,29,15:02:38,31.7,31700
186,15,2,30,15:03:24,28.683,28683
186,57,2,31,15:04:05,31.749,31749
186,70,2,31,15:05:04,28.711,28711
186,14,2,32,15:05:52,28.784,28784
186,49,2,32,15:06:25,28.275,28275
186,56,2,32,15:06:34,29.522,29522
186,22,2,32,15:07:10,29.874,29874
186,63,2,34,15:10:51,28.379,28379
187,37,1,1,14:05:59,2:48.645,168645
187,44,1,16,14:27:23,19.569,19569
187,15,1,17,14:28:50,19.446,19446
187,68,1,24,14:40:34,38.995,38995
187,41,1,25,14:41:14,29.057,29057
187,65,1,27,14:43:22,25.360,25360
187,22,1,29,14:45:58,23.128,23128
187,44,2,32,14:50:54,20.722,20722
187,23,1,33,14:51:37,21.102,21102
187,55,1,33,14:52:04,20.781,20781
187,71,1,34,14:53:24,22.442,22442
187,37,2,31,14:53:36,21.741,21741
187,49,1,35,14:54:27,19.299,19299
187,56,1,35,14:54:48,18.961,18961
187,35,1,35,14:54:56,20.931,20931
187,63,1,36,14:56:10,19.301,19301
187,14,1,36,14:56:11,20.137,20137
188,37,1,12,14:33:17,30.908,30908
188,44,1,19,14:42:55,28.712,28712
188,41,1,19,14:43:05,28.855,28855
188,68,1,19,14:43:19,28.478,28478
188,57,1,20,14:44:16,31.727,31727
188,63,1,20,14:44:33,59.290,59290
188,56,1,21,14:45:55,48.124,48124
188,68,2,22,14:48:37,26.499,26499
188,44,2,23,14:49:50,32.793,32793
188,63,2,23,14:50:05,27.533,27533
188,57,2,24,14:51:17,27.484,27484
188,41,2,24,14:51:24,26.818,26818
188,23,1,27,14:54:18,26.564,26564
188,15,1,28,14:56:13,27.025,27025
188,55,1,28,14:56:14,31.720,31720
188,49,1,32,15:01:10,26.050,26050
188,14,1,32,15:01:11,26.816,26816
188,21,1,32,15:01:27,25.972,25972
188,35,1,33,15:03:15,32.375,32375
188,48,1,34,15:05:11,30.081,30081
188,65,1,35,15:06:10,33.009,33009
188,15,2,35,15:06:35,27.726,27726
188,69,1,35,15:06:39,57.181,57181
188,55,2,35,15:06:47,31.224,31224
188,22,1,37,15:09:33,32.592,32592
188,56,2,40,15:15:43,28.754,28754
188,23,2,44,15:20:53,29.356,29356
188,41,3,44,15:23:04,29.241,29241
188,44,3,44,15:23:16,27.910,27910
188,65,2,47,15:26:01,26.922,26922
188,37,2,46,15:27:00,1:09.242,69242
188,15,3,48,15:27:45,26.646,26646
188,56,3,49,15:30:27,25.726,25726
188,23,3,50,15:31:24,33.687,33687
189,21,1,1,14:06:15,6:50.649,410649
189,70,1,3,14:09:01,29.094,29094
189,69,1,12,14:25:42,35.435,35435
189,22,1,19,14:36:27,30.266,30266
189,25,1,20,14:38:23,30.530,30530
189,55,1,21,14:40:02,30.425,30425
189,35,1,22,14:41:53,30.515,30515
189,64,1,22,14:42:04,29.695,29695
189,21,2,20,14:45:55,29.839,29839
189,37,1,24,14:46:05,32.443,32443
189,56,1,25,14:46:30,28.899,28899
189,57,1,27,14:50:04,29.149,29149
189,48,1,27,14:51:16,32.624,32624
189,30,1,28,14:51:38,32.523,32523
189,65,1,28,14:51:49,35.081,35081
189,70,2,28,14:53:09,32.546,32546
189,49,1,30,14:55:48,30.607,30607
189,25,2,38,15:09:49,28.755,28755
189,35,2,38,15:09:52,30.817,30817
189,22,2,39,15:11:07,29.983,29983
189,64,2,39,15:11:36,28.975,28975
189,56,2,41,15:14:07,28.224,28224
189,55,2,41,15:14:50,29.338,29338
189,21,3,37,15:15:33,29.249,29249
189,57,2,47,15:24:37,28.388,28388
189,70,3,48,15:28:39,27.435,27435
190,25,1,15,14:29:41,33.147,33147
190,71,1,15,14:30:15,39.703,39703
190,44,1,16,14:31:10,31.053,31053
190,48,1,16,14:31:55,31.469,31469
190,21,1,16,14:31:59,31.821,31821
190,65,1,17,14:33:07,33.574,33574
190,35,1,17,14:33:09,32.563,32563
190,37,1,17,14:33:45,39.95,39950
190,69,1,18,14:35:48,32.32,32320
190,57,1,19,14:35:49,32.52,32520
190,49,1,19,14:36:26,30.741,30741
190,55,1,19,14:36:36,33.32,33320
190,41,1,19,14:37:11,32.729,32729
190,68,1,19,14:37:34,35.944,35944
190,23,1,20,14:38:14,31.046,31046
190,22,1,20,14:38:27,31.23,31230
190,64,1,20,14:38:40,32.294,32294
190,30,1,22,14:41:08,29.771,29771
190,14,1,22,14:41:37,31.042,31042
190,56,1,23,14:43:20,30.742,30742
190,49,2,31,14:57:33,30.362,30362
190,48,2,31,14:58:53,39.882,39882
190,56,2,32,14:59:17,29.796,29796
190,23,2,32,14:59:18,32.15,32150
190,69,2,32,15:01:00,37.51,37510
190,22,2,33,15:01:24,32.731,32731
190,25,2,33,15:01:30,33.148,33148
190,41,2,33,15:02:10,32.3,32300
190,21,2,33,15:02:17,32.136,32136
190,14,2,34,15:02:57,42.726,42726
190,35,2,34,15:03:09,32.514,32514
190,37,2,34,15:04:17,35.848,35848
190,65,2,36,15:06:31,36.468,36468
190,68,2,35,15:06:31,34.668,34668
190,55,2,36,15:06:35,32.166,32166
190,30,2,37,15:06:57,30.717,30717
190,57,2,38,15:08:29,30.966,30966
190,64,2,37,15:08:53,31.293,31293
190,69,3,41,15:17:52,38.561,38561
158,48,1,1,14:05:36,2:35.225,155225
158,50,1,7,14:15:30,4:23.694,263694
158,60,1,9,14:19:24,30.398,30398
158,14,1,11,14:23:39,1:06.330,66330
158,64,1,19,14:36:54,30.227,30227
158,55,1,21,14:39:44,28.574,28574
158,2,1,23,14:43:07,1:51.730,111730
158,30,1,30,14:53:02,30.393,30393
158,63,1,30,14:53:47,28.940,28940
158,48,2,30,14:55:39,30.279,30279
158,22,1,33,14:58:07,28.502,28502
158,41,1,35,15:01:39,28.245,28245
158,25,1,35,15:01:40,30.088,30088
158,49,1,36,15:02:43,41.474,41474
158,21,1,36,15:03:10,28.405,28405
158,60,2,36,15:04:02,32.785,32785
158,35,1,37,15:04:44,29.553,29553
158,18,1,37,15:04:50,29.251,29251
158,23,1,38,15:06:16,32.038,32038
158,64,2,40,15:10:42,35.742,35742
158,60,3,40,15:11:35,36.050,36050
158,64,3,41,15:13:23,27.511,27511
158,22,2,46,15:18:39,25.978,25978
159,30,1,20,14:28:52,36.602,36602
159,22,1,22,14:31:42,37.194,37194
159,41,1,27,14:39:21,58.043,58043
159,15,1,28,14:39:54,36.434,36434
159,50,1,35,14:49:11,38.998,38998
159,37,1,37,14:52:07,41.23,41230
159,60,1,38,14:54:06,40.478,40478
159,49,1,41,14:56:56,35.695,35695
159,14,1,43,14:58:46,35.874,35874
159,18,1,44,15:01:06,36.55,36550
159,65,1,44,15:01:28,38.246,38246
159,23,1,45,15:02:23,37.118,37118
159,30,2,51,15:08:41,34.6,34600
159,21,1,51,15:09:36,34.14,34140
159,15,2,56,15:16:29,33.392,33392
160,50,1,11,14:20:12,1:44.136,104136
160,55,1,19,14:32:09,25.500,25500
160,2,1,21,14:35:38,29.772,29772
160,50,2,21,14:37:03,28.511,28511
160,15,1,23,14:37:53,26.934,26934
160,56,1,23,14:37:57,26.734,26734
160,60,1,23,14:39:14,26.347,26347
160,14,1,25,14:40:34,26.663,26663
160,64,1,25,14:41:01,25.117,25117
160,63,1,26,14:42:22,24.947,24947
160,37,1,26,14:42:43,27.029,27029
160,57,1,27,14:42:57,25.270,25270
160,30,1,27,14:43:01,26.716,26716
160,22,1,28,14:44:58,24.730,24730
160,35,1,28,14:45:17,24.192,24192
160,23,1,29,14:46:46,25.289,25289
160,41,1,29,14:46:59,24.441,24441
160,65,1,32,14:51:54,29.041,29041
160,25,1,38,15:00:55,26.689,26689
160,21,1,40,15:04:06,25.983,25983
160,50,3,39,15:04:32,26.216,26216
160,63,2,42,15:06:26,25.006,25006
160,35,2,43,15:07:52,25.157,25157
160,57,2,44,15:08:17,25.748,25748
160,60,2,42,15:08:36,26.939,26939
160,15,2,44,15:09:33,27.635,27635
160,56,2,44,15:09:35,25.955,25955
160,64,2,44,15:09:50,26.005,26005
160,37,2,44,15:10:11,26.094,26094
160,41,2,45,15:11:37,28.096,28096
160,22,2,46,15:11:57,26.284,26284
160,14,2,46,15:11:58,24.857,24857
160,30,2,48,15:14:08,22.889,22889
161,25,1,14,13:24:23,32.411,32411
161,63,1,15,13:25:51,32.682,32682
161,21,1,18,13:30:18,32.155,32155
161,60,1,21,13:34:59,33.615,33615
161,55,1,23,13:37:49,33.744,33744
161,37,1,23,13:37:51,45.933,45933
161,48,1,23,13:37:55,32.768,32768
161,49,1,24,13:38:40,32.809,32809
161,23,1,24,13:38:43,33.817,33817
161,2,1,24,13:39:23,34.821,34821
161,18,1,25,13:40:10,35.114,35114
161,56,1,26,13:42:14,33.253,33253
161,64,1,26,13:42:20,32.036,32036
161,65,1,27,13:43:47,35.902,35902
161,41,1,28,13:45:10,37.084,37084
161,57,1,31,13:48:59,36.279,36279
161,14,1,33,13:51:51,35.175,35175
161,35,1,33,13:52:17,36.0,36000
161,63,2,35,13:55:59,33.82,33820
161,25,2,35,13:56:02,33.744,33744
161,15,1,37,13:58:25,34.672,34672
161,30,1,38,13:59:34,32.342,32342
161,2,2,38,14:00:45,32.158,32158
161,21,2,39,14:01:48,32.856,32856
161,48,2,40,14:03:41,33.337,33337
161,49,2,42,14:05:30,33.104,33104
161,60,2,42,14:06:51,32.164,32164
161,64,2,43,14:08:05,31.707,31707
161,55,2,44,14:09:32,31.397,31397
161,18,2,46,14:11:33,32.85,32850
161,56,2,46,14:12:23,50.442,50442
161,23,2,47,14:12:59,31.616,31616
161,65,2,47,14:13:58,42.792,42792
162,25,1,17,14:28:03,30.09,30090
162,48,1,17,14:28:07,36.601,36601
162,2,1,17,14:28:08,29.462,29462
162,18,1,18,14:29:20,29.68,29680
162,21,1,18,14:29:32,28.689,28689
162,65,1,19,14:30:59,31.172,31172
162,35,1,21,14:33:37,30.968,30968
162,56,1,21,14:33:52,31.137,31137
162,15,1,22,14:35:07,55.942,55942
162,60,1,22,14:35:38,29.838,29838
162,23,1,23,14:36:01,29.328,29328
162,30,1,24,14:37:13,29.516,29516
162,48,2,23,14:37:19,31.31,31310
162,14,1,24,14:37:27,33.646,33646
162,41,1,24,14:38:07,29.886,29886
162,22,1,25,14:38:53,30.609,30609
162,57,1,26,14:40:04,29.655,29655
162,49,1,26,14:40:52,29.832,29832
162,63,1,27,14:42:25,28.213,28213
162,25,2,37,14:57:25,37.058,37058
162,65,2,38,14:59:03,32.154,32154
162,14,2,39,14:59:22,29.308,29308
162,23,2,40,15:00:47,29.882,29882
162,22,2,40,15:00:48,31.186,31186
162,48,3,39,15:01:12,29.893,29893
162,49,2,40,15:01:26,31.143,31143
162,56,2,40,15:01:53,34.638,34638
162,30,2,41,15:01:57,38.999,38999
162,57,2,41,15:01:58,28.082,28082
162,2,2,40,15:02:19,31.146,31146
162,18,2,41,15:02:46,31.651,31651
162,21,2,41,15:03:17,30.654,30654
162,60,2,42,15:05:39,30.104,30104
162,2,3,42,15:05:54,51.234,51234
162,15,2,44,15:07:49,30.162,30162
162,63,2,45,15:08:47,28.888,28888
162,41,2,45,15:08:59,29.853,29853
162,60,3,47,15:13:27,32.404,32404
162,30,3,50,15:15:44,27.141,27141
162,2,4,54,15:24:52,26.986,26986
162,65,3,59,15:30:16,26.991,26991
162,48,4,60,15:32:17,27.897,27897
163,65,1,12,14:20:23,37.042,37042
163,50,1,13,14:21:58,34.362,34362
163,63,1,13,14:22:05,33.541,33541
163,48,1,13,14:22:21,53.564,53564
163,14,1,14,14:23:15,33.649,33649
163,37,1,14,14:23:28,35.992,35992
163,56,1,14,14:23:29,36.675,36675
163,41,1,14,14:23:50,35.61,35610
163,64,1,14,14:24:25,36.371,36371
163,30,1,15,14:24:45,38.929,38929
163,57,1,15,14:24:53,43.085,43085
163,21,1,15,14:25:05,36.368,36368
163,35,1,15,14:25:16,34.381,34381
163,25,1,15,14:25:25,37.383,37383
163,22,1,16,14:26:47,34.144,34144
163,23,1,16,14:26:48,36.03,36030
163,55,1,16,14:26:59,33.01,33010
163,60,1,16,14:27:36,33.305,33305
163,18,1,17,14:28:44,33.527,33527
163,22,2,33,14:53:27,32.931,32931
163,55,2,33,14:54:01,37.599,37599
163,30,2,35,14:55:39,37.96,37960
163,21,2,39,15:02:45,34.573,34573
163,18,2,39,15:03:22,37.668,37668
163,25,2,40,15:05:01,35.782,35782
163,65,2,41,15:06:32,34.915,34915
163,48,2,41,15:07:13,35.406,35406
163,60,2,43,15:10:41,34.586,34586
163,57,2,45,15:11:07,35.781,35781
163,14,2,45,15:12:01,33.49,33490
163,64,2,44,15:12:03,34.611,34611
163,55,3,45,15:13:39,36.318,36318
163,37,2,48,15:17:02,37.974,37974
163,41,2,49,15:19:57,34.43,34430
163,55,4,49,15:20:41,43.149,43149
163,22,3,51,15:21:33,33.104,33104
164,65,1,27,15:12:09,1:05.616,65616
164,57,1,36,15:24:38,1:15.512,75512
164,65,2,40,15:32:05,30.800,30800
164,50,1,41,15:32:23,30.708,30708
164,41,1,45,15:38:09,28.289,28289
164,2,1,45,15:38:10,29.586,29586
164,30,1,49,15:41:44,28.314,28314
164,56,1,50,15:44:18,29.037,29037
164,21,1,51,15:45:30,28.364,28364
164,49,1,53,15:48:05,27.256,27256
164,22,1,53,15:48:06,27.420,27420
164,63,1,53,15:48:52,28.059,28059
164,35,1,54,15:50:44,27.431,27431
164,14,1,56,15:51:54,28.189,28189
165,56,1,1,13:07:12,29.666,29666
165,14,1,14,13:22:12,31.96,31960
165,37,1,20,13:30:40,29.262,29262
165,50,1,24,13:36:18,35.25,35250
165,30,1,34,13:49:09,31.596,31596
165,2,1,34,13:50:13,33.987,33987
165,55,1,36,13:52:40,50.467,50467
165,60,1,38,13:55:56,32.732,32732
165,15,1,39,13:56:31,31.587,31587
165,37,2,40,13:58:10,31.922,31922
165,63,1,40,13:58:11,30.401,30401
165,48,1,40,13:58:23,32.504,32504
165,18,1,41,13:59:45,32.212,32212
165,57,1,42,14:00:24,31.435,31435
165,23,1,42,14:00:47,32.673,32673
165,64,1,42,14:00:57,30.183,30183
165,22,1,43,14:01:38,30.571,30571
165,41,1,43,14:02:10,32.945,32945
165,14,2,43,14:02:14,30.113,30113
165,35,1,44,14:03:38,36.319,36319
165,21,1,44,14:03:42,30.914,30914
165,25,1,44,14:03:51,48.73,48730
165,50,2,44,14:04:18,29.871,29871
165,56,2,42,14:04:19,34.534,34534
165,18,2,44,14:04:56,44.014,44014
165,30,2,45,14:04:57,29.743,29743
165,22,2,45,14:05:08,46.435,46435
165,60,2,44,14:05:21,28.578,28578
165,15,2,45,14:05:49,29.169,29169
165,35,2,45,14:05:55,29.806,29806
165,23,2,45,14:06:02,29.302,29302
165,14,3,45,14:06:03,29.605,29605
165,41,2,45,14:06:04,34.915,34915
165,64,2,45,14:06:15,28.413,28413
165,37,3,45,14:06:16,29.552,29552
165,48,2,45,14:06:39,28.052,28052
165,57,2,46,14:07:21,29.315,29315
165,25,2,68,14:43:50,19.355,19355
166,65,1,18,14:27:31,39.824,39824
166,55,1,18,14:27:35,28.491,28491
166,2,1,19,14:28:51,33.520,33520
166,21,1,19,14:28:51,24.228,24228
166,25,1,20,14:30:25,25.281,25281
166,15,1,21,14:31:15,25.015,25015
166,48,1,21,14:31:50,26.192,26192
166,35,1,22,14:32:31,25.798,25798
166,23,1,22,14:32:36,27.262,27262
166,49,1,22,14:32:36,24.524,24524
166,57,1,23,14:33:36,25.659,25659
166,18,1,23,14:33:59,25.681,25681
166,56,1,23,14:34:18,1:03.878,63878
166,50,1,23,14:34:26,25.387,25387
166,60,1,23,14:34:45,25.612,25612
166,30,1,24,14:34:47,26.297,26297
166,63,1,24,14:35:41,28.170,28170
166,37,1,24,14:35:47,26.036,26036
166,14,1,25,14:36:16,24.473,24473
166,22,1,25,14:36:18,24.989,24989
166,64,1,27,14:40:04,24.244,24244
166,18,2,39,14:56:15,25.402,25402
166,49,2,40,14:57:35,26.544,26544
166,37,2,40,14:58:13,24.050,24050
166,15,2,42,15:00:11,26.205,26205
166,57,2,43,15:00:56,26.472,26472
166,30,2,43,15:00:56,24.338,24338
166,35,2,43,15:01:30,25.999,25999
166,21,2,43,15:01:57,26.310,26310
166,22,2,44,15:02:17,33.790,33790
166,56,2,43,15:02:50,26.152,26152
166,14,2,46,15:04:54,24.678,24678
166,2,2,45,15:05:19,26.781,26781
166,48,2,45,15:05:39,24.471,24471
166,63,2,46,15:06:35,25.284,25284
166,55,2,46,15:07:00,26.005,26005
166,23,2,47,15:07:06,25.574,25574
166,64,2,47,15:07:59,25.040,25040
166,56,3,59,15:24:53,24.137,24137
166,2,3,60,15:26:26,23.822,23822
166,56,4,68,15:37:28,23.961,23961
167,64,1,1,14:04:41,34.084,34084
167,50,1,2,14:06:16,37.806,37806
167,23,1,8,14:14:08,50.166,50166
167,23,2,9,14:16:23,8:16.808,496808
167,41,1,17,14:25:24,32.490,32490
167,64,2,17,14:25:26,32.450,32450
167,55,1,24,14:34:02,30.120,30120
167,60,1,34,14:47:20,31.260,31260
167,57,1,38,14:50:00,32.335,32335
167,2,1,39,14:52:41,31.249,31249
167,14,1,42,14:55:10,30.537,30537
167,54,1,42,14:56:46,34.708,34708
167,48,1,43,14:57:37,29.954,29954
167,64,3,43,14:57:58,29.719,29719
167,63,1,44,14:58:45,30.275,30275
167,65,1,45,15:00:00,32.047,32047
167,41,2,45,15:00:27,37.649,37649
167,22,1,46,15:00:32,29.659,29659
167,23,3,39,15:01:59,21.386,21386
167,18,1,47,15:02:27,31.185,31185
167,23,4,40,15:03:41,45.759,45759
167,35,1,49,15:04:56,29.979,29979
167,25,1,49,15:05:14,29.898,29898
167,23,5,43,15:08:04,28.599,28599
167,60,2,59,15:19:24,32.116,32116
168,22,1,17,14:33:29,27.702,27702
168,49,1,18,14:35:24,29.577,29577
168,23,1,21,14:41:15,29.74,29740
168,64,1,21,14:41:19,31.114,31114
168,50,1,23,14:44:49,34.81,34810
168,56,1,24,14:46:41,30.369,30369
168,2,1,24,14:46:42,31.075,31075
168,15,1,25,14:47:44,30.769,30769
168,37,1,25,14:47:49,31.356,31356
168,35,1,25,14:48:23,29.185,29185
168,25,1,25,14:48:28,30.687,30687
168,63,1,25,14:48:29,28.634,28634
168,55,1,25,14:48:33,30.367,30367
168,60,1,25,14:48:36,30.21,30210
168,57,1,26,14:49:00,29.887,29887
168,22,2,26,14:49:35,27.854,27854
168,49,2,26,14:49:48,28.007,28007
168,41,1,26,14:50:15,29.936,29936
168,48,1,26,14:50:20,29.263,29263
168,14,1,27,14:51:55,29.999,29999
168,18,1,27,14:52:11,28.213,28213
168,23,2,30,14:59:07,44.455,44455
168,2,2,33,15:05:24,27.399,27399
168,18,2,34,15:07:06,26.581,26581
168,57,2,35,15:08:52,29.172,29172
168,15,2,35,15:08:56,29.195,29195
168,37,2,35,15:08:58,29.23,29230
168,63,2,35,15:09:04,29.145,29145
168,50,2,35,15:09:10,30.33,30330
168,35,2,35,15:09:17,29.294,29294
168,60,2,35,15:09:29,28.653,28653
168,56,2,35,15:09:46,31.555,31555
168,23,3,36,15:11:10,30.182,30182
168,15,3,37,15:13:15,34.076,34076
168,14,2,38,15:15:00,29.818,29818
169,35,1,1,14:04:24,50.039,50039
169,37,1,1,14:04:32,36.553,36553
169,55,1,9,14:15:31,1:42.771,102771
169,55,2,10,14:18:36,3:12.633,192633
169,21,1,15,14:24:01,29.940,29940
169,2,1,22,14:33:53,1:33.885,93885
169,56,1,24,14:35:54,31.038,31038
169,50,1,25,14:38:13,28.432,28432
169,30,1,27,14:39:28,27.767,27767
169,60,1,26,14:40:05,34.035,34035
169,21,2,26,14:40:11,3:39.673,219673
169,65,1,27,14:40:47,33.629,33629
169,23,1,28,14:41:10,30.521,30521
169,41,1,28,14:42:27,28.804,28804
169,48,1,28,14:42:30,28.313,28313
169,22,1,29,14:42:33,26.948,26948
169,64,1,29,14:43:10,27.412,27412
169,35,2,29,14:43:53,28.922,28922
169,63,1,30,14:44:27,27.119,27119
169,57,1,31,14:44:43,27.977,27977
169,18,1,31,14:45:28,28.607,28607
169,14,1,32,14:46:20,28.159,28159
169,49,1,32,14:46:47,28.682,28682
169,25,1,32,14:47:10,28.045,28045
169,37,2,36,14:54:50,33.659,33659
169,15,1,43,15:02:41,30.612,30612
169,25,2,45,15:05:31,28.628,28628
169,63,2,46,15:06:53,29.880,29880
169,48,2,45,15:07:02,30.236,30236
169,22,2,47,15:07:19,29.615,29615
169,50,2,47,15:09:17,27.949,27949
169,65,2,48,15:10:28,31.369,31369
169,30,2,50,15:11:03,28.125,28125
169,23,2,50,15:11:37,29.404,29404
169,56,2,50,15:12:24,30.696,30696
169,14,2,51,15:12:26,27.263,27263
169,35,3,50,15:13:25,29.051,29051
169,48,3,50,15:14:29,28.958,28958
169,57,2,53,15:14:46,28.690,28690
169,60,2,52,15:17:28,28.394,28394
169,64,2,54,15:17:54,27.312,27312
169,41,2,53,15:18:07,27.891,27891
169,18,2,55,15:19:03,28.194,28194
169,49,2,56,15:20:08,27.481,27481
169,60,3,67,15:39:07,29.338,29338
170,55,1,4,14:10:06,32.057,32057
170,2,1,5,14:12:16,48.280,48280
170,50,1,5,14:12:32,29.850,29850
170,48,1,5,14:12:33,28.779,28779
170,30,1,6,14:14:06,28.532,28532
170,23,1,6,14:14:12,29.302,29302
170,35,1,6,14:14:18,29.347,29347
170,49,1,6,14:14:19,32.339,32339
170,22,1,6,14:14:19,32.181,32181
170,65,1,6,14:14:20,33.448,33448
170,21,1,6,14:14:20,43.267,43267
170,41,1,6,14:14:27,31.643,31643
170,37,1,6,14:14:36,30.286,30286
170,25,1,6,14:14:38,45.644,45644
170,57,1,7,14:15:59,30.174,30174
170,18,1,7,14:16:21,30.527,30527
170,56,1,7,14:16:26,32.316,32316
170,63,1,7,14:16:32,33.180,33180
170,60,1,7,14:17:11,29.412,29412
170,14,1,8,14:18:27,29.884,29884
170,50,2,10,14:23:15,33.260,33260
170,37,2,13,14:29:07,35.731,35731
170,55,2,18,14:38:09,31.100,31100
170,22,2,20,14:42:18,28.430,28430
170,64,1,21,14:44:24,32.423,32423
170,48,2,21,14:44:42,35.109,35109
170,30,2,22,14:45:24,32.976,32976
170,63,2,22,14:46:33,30.652,30652
170,41,2,22,14:46:39,30.990,30990
170,35,2,24,14:50:03,31.446,31446
170,48,3,24,14:51:05,29.578,29578
170,50,3,24,14:51:18,34.469,34469
170,23,2,25,14:51:34,31.260,31260
170,25,2,25,14:53:06,31.225,31225
170,18,2,26,14:53:48,31.630,31630
170,37,3,26,14:55:12,30.754,30754
170,57,2,27,14:55:14,30.939,30939
170,37,4,27,14:57:36,1:13.740,73740
170,49,2,28,14:57:52,31.083,31083
170,14,2,28,14:57:52,29.116,29116
170,60,2,28,14:59:30,1:30.394,90394
170,50,4,28,14:59:39,32.945,32945
170,65,2,29,15:00:11,33.437,33437
170,56,2,30,15:02:16,30.454,30454
170,55,3,31,15:03:49,29.203,29203
170,64,2,32,15:06:10,29.391,29391
170,63,3,33,15:08:06,27.564,27564
171,64,1,1,14:05:10,30.490,30490
171,41,1,1,14:05:22,25.051,25051
171,63,1,1,14:06:17,48.537,48537
171,63,2,7,14:19:56,1:44.672,104672
171,41,2,23,14:47:21,22.177,22177
171,63,3,29,14:56:24,26.217,26217
171,60,1,29,14:56:34,26.364,26364
171,55,1,29,14:58:04,23.459,23459
171,50,1,32,15:00:32,24.424,24424
171,48,1,33,15:02:28,22.811,22811
171,41,3,36,15:06:45,21.543,21543
171,64,2,37,15:08:22,26.309,26309
171,30,1,39,15:10:07,22.066,22066
171,57,1,42,15:14:37,21.648,21648
171,25,1,42,15:15:27,20.901,20901
171,23,1,43,15:16:40,21.140,21140
171,21,1,43,15:16:47,1:51.304,111304
172,18,1,2,13:06:08,22.768,22768
172,15,1,2,13:06:18,26.292,26292
172,55,1,4,13:09:03,22.54,22540
172,2,1,5,13:10:30,21.396,21396
172,22,1,6,13:11:39,22.209,22209
172,63,1,6,13:11:59,21.268,21268
172,21,1,6,13:12:00,30.844,30844
172,57,1,7,13:13:02,20.541,20541
172,23,1,7,13:13:11,23.501,23501
172,41,1,7,13:13:17,24.153,24153
172,50,1,7,13:13:17,22.087,22087
172,56,1,7,13:13:20,22.386,22386
172,25,1,7,13:13:20,26.859,26859
172,14,1,8,13:14:27,25.725,25725
172,35,1,8,13:14:35,22.377,22377
172,37,1,8,13:14:42,21.043,21043
172,48,1,8,13:14:54,21.176,21176
172,21,2,8,13:15:38,26.678,26678
172,14,2,9,13:16:23,19.925,19925
172,64,1,12,13:20:21,21.139,21139
172,15,2,12,13:21:14,42.362,42362
172,49,1,14,13:23:02,23.306,23306
172,60,1,14,13:23:30,21.45,21450
172,30,1,16,13:25:31,21.868,21868
172,65,1,27,13:40:51,42.662,42662
172,25,2,36,13:52:52,26.397,26397
172,23,2,39,13:55:51,26.388,26388
172,37,2,40,13:57:40,27.676,27676
172,14,3,41,13:58:50,23.71,23710
172,56,2,41,13:58:59,26.088,26088
172,23,3,42,14:00:15,39.7,39700
172,2,2,43,14:01:44,25.163,25163
172,48,2,45,14:04:15,51.445,51445
172,55,2,47,14:06:55,24.057,24057
172,30,2,49,14:08:06,22.61,22610
172,41,2,49,14:09:12,24.192,24192
172,60,2,49,14:10:01,35.536,35536
172,49,2,50,14:10:06,22.55,22550
172,64,2,50,14:10:21,22.298,22298
172,35,2,51,14:11:23,23.671,23671
172,22,2,53,14:13:52,22.045,22045
172,23,4,53,14:15:15,30.809,30809
172,64,3,58,14:21:12,25.028,25028
173,64,1,13,14:55:44,27.515,27515
173,15,1,15,14:58:49,27.18,27180
173,56,1,16,15:00:20,29.829,29829
173,60,1,16,15:01:27,29.197,29197
173,65,1,18,15:03:53,28.858,28858
173,25,1,18,15:04:15,33.871,33871
173,63,1,18,15:04:16,27.251,27251
173,2,1,18,15:04:18,29.814,29814
173,23,1,19,15:05:19,28.853,28853
173,35,1,19,15:05:27,28.773,28773
173,49,1,19,15:05:39,28.149,28149
173,37,1,19,15:05:59,29.679,29679
173,21,1,19,15:06:03,33.384,33384
173,48,1,19,15:06:08,29.23,29230
173,22,1,20,15:07:03,26.783,26783
173,18,1,20,15:07:08,28.318,28318
173,57,1,22,15:09:52,27.09,27090
173,41,1,22,15:11:07,27.602,27602
173,30,1,23,15:11:34,27.158,27158
173,14,1,24,15:13:30,27.31,27310
173,15,2,28,15:21:25,30.445,30445
173,64,2,29,15:23:26,29.646,29646
173,56,2,34,15:31:26,29.312,29312
173,63,2,34,15:32:05,29.48,29480
173,23,2,35,15:32:58,28.947,28947
173,65,2,35,15:33:10,29.809,29809
173,60,2,34,15:33:38,28.98,28980
173,35,2,36,15:34:43,29.109,29109
173,57,2,37,15:35:21,27.683,27683
173,48,2,36,15:36:11,29.034,29034
173,37,2,37,15:37:30,33.069,33069
173,22,2,38,15:37:53,28.659,28659
173,18,2,38,15:38:02,28.568,28568
173,14,2,39,15:39:24,28.132,28132
173,2,2,38,15:39:32,28.906,28906
173,30,2,40,15:40:27,26.03,26030
173,41,2,39,15:40:42,28.213,28213
173,2,3,40,15:43:58,40.735,40735
174,15,1,1,15:04:59,40.33,40330
174,57,1,5,15:12:51,37.93,37930
174,49,1,6,15:14:59,36.793,36793
174,15,2,10,15:22:03,37.549,37549
174,63,1,16,15:31:39,35.441,35441
174,55,1,16,15:32:00,34.902,34902
174,14,1,17,15:32:50,33.795,33795
174,56,1,19,15:36:35,35.143,35143
174,25,1,20,15:38:11,32.904,32904
174,35,1,22,15:41:34,34.329,34329
174,41,1,23,15:43:25,33.888,33888
174,30,1,24,15:44:31,33.787,33787
174,22,1,25,15:46:20,33.605,33605
174,60,1,27,15:51:20,38.651,38651
174,65,1,28,15:52:06,50.02,50020
174,48,1,28,15:52:39,38.81,38810
174,23,1,28,15:52:43,38.812,38812
174,50,1,29,15:53:49,37.363,37363
174,21,1,32,15:59:11,36.041,36041
174,57,2,35,16:03:51,35.47,35470
174,25,2,35,16:04:07,35.401,35401
174,55,2,35,16:04:58,35.124,35124
174,63,2,36,16:06:07,35.705,35705
174,41,2,37,16:07:46,34.93,34930
174,14,2,38,16:08:25,33.932,33932
174,35,2,38,16:09:04,35.145,35145
174,30,2,39,16:10:04,32.952,32952
174,15,3,39,16:12:28,35.229,35229
174,56,2,40,16:12:37,34.322,34322
174,22,2,41,16:13:32,36.349,36349
174,60,2,45,16:23:28,33.255,33255
141,50,1,14,14:34:06,28.519,28519
141,18,1,18,14:41:26,30.061,30061
141,21,1,26,14:53:54,30.358,30358
141,4,1,32,15:03:14,28.632,28632
141,18,2,32,15:03:54,30.919,30919
141,15,1,33,15:04:17,32.295,32295
141,55,1,35,15:07:39,29.025,29025
141,8,1,36,15:08:51,29.246,29246
141,54,1,36,15:09:09,30.202,30202
141,30,1,37,15:09:27,28.717,28717
141,2,1,37,15:10:12,28.247,28247
141,49,1,37,15:10:22,28.142,28142
141,50,2,38,15:12:32,29.084,29084
141,22,1,39,15:12:46,28.658,28658
141,56,1,39,15:13:49,28.852,28852
141,44,1,40,15:14:42,28.763,28763
141,14,1,41,15:15:40,28.516,28516
141,4,2,41,15:18:06,29.17,29170
141,56,2,50,15:31:29,32.568,32568
141,21,2,50,15:33:27,25.972,25972
142,4,1,2,15:15:49,39.001,39001
142,21,1,3,15:17:27,43.577,43577
142,18,1,3,15:17:28,59.284,59284
142,54,1,3,15:17:29,1:06.372,66372
142,58,1,3,15:17:33,1:03.839,63839
142,4,2,3,15:18:26,1:00.158,60158
142,14,1,4,15:19:34,41.086,41086
142,49,1,4,15:19:45,42.702,42702
142,22,1,4,15:19:45,1:45.847,105847
142,30,1,4,15:19:46,1:56.461,116461
142,50,1,4,15:19:46,47.236,47236
142,15,1,4,15:19:53,50.046,50046
142,57,1,4,15:19:55,44.016,44016
142,55,1,4,15:19:57,45.491,45491
142,23,1,4,15:20:01,1:06.195,66195
142,60,1,4,15:20:29,50.040,50040
142,57,2,18,15:53:28,33.462,33462
142,23,2,18,15:53:34,36.772,36772
142,4,3,18,15:54:21,36.712,36712
142,21,2,20,15:57:48,41.128,41128
142,22,2,21,15:58:41,40.343,40343
142,49,2,21,15:59:25,35.394,35394
142,50,2,22,16:00:59,34.323,34323
142,15,2,23,16:03:16,33.459,33459
142,54,2,23,16:04:04,45.131,45131
142,55,2,23,16:04:09,35.348,35348
142,18,2,23,16:04:32,38.802,38802
142,60,2,24,16:06:18,46.699,46699
142,14,2,25,16:06:26,35.080,35080
142,30,2,30,16:14:42,39.158,39158
142,58,2,28,16:15:38,58.899,58899
142,4,4,31,16:20:38,36.444,36444
142,60,3,34,16:25:57,38.753,38753
142,23,3,38,16:30:31,34.925,34925
142,15,3,39,16:32:54,35.076,35076
142,57,3,40,16:34:19,34.383,34383
142,22,3,41,16:35:10,34.462,34462
142,4,5,40,16:37:40,36.593,36593
142,50,3,43,16:39:34,33.263,33263
143,23,1,3,14:07:57,5:14.156,314156
143,56,1,6,14:11:37,36.410,36410
143,35,1,12,14:19:32,39.017,39017
143,55,1,24,14:35:19,50.027,50027
143,30,1,25,14:36:01,35.052,35052
143,60,1,25,14:36:51,37.611,37611
143,44,1,28,14:40:12,35.152,35152
143,18,1,28,14:41:27,6:42.403,402403
143,8,1,37,14:52:14,37.490,37490
143,2,1,38,14:53:32,39.439,39439
143,58,1,38,14:54:40,38.960,38960
143,14,1,40,14:55:21,36.183,36183
143,21,1,42,14:59:14,38.585,38585
143,35,2,42,14:59:24,35.954,35954
143,49,1,43,15:00:00,36.342,36342
143,15,1,44,15:01:17,38.541,38541
143,55,2,44,15:02:20,38.731,38731
143,23,2,41,15:02:21,38.161,38161
143,21,2,44,15:02:25,37.590,37590
143,35,3,44,15:02:32,1:17.408,77408
143,44,2,45,15:02:47,1:47.355,107355
143,18,2,39,15:03:12,38.088,38088
143,49,2,45,15:03:15,42.140,42140
143,15,2,45,15:03:21,48.657,48657
143,2,2,45,15:03:27,40.410,40410
143,58,2,44,15:03:37,37.716,37716
143,30,2,46,15:03:50,35.002,35002
143,60,2,45,15:04:18,38.609,38609
143,23,3,42,15:04:29,42.272,42272
143,56,2,46,15:05:20,39.408,39408
143,8,2,46,15:05:21,35.278,35278
143,14,2,47,15:05:32,33.037,33037
143,23,4,48,15:14:16,52.722,52722
144,18,1,19,14:31:56,24.424,24424
144,18,2,20,14:33:45,26.268,26268
144,55,1,21,14:34:35,27.582,27582
144,21,1,21,14:34:51,25.640,25640
144,59,1,21,14:34:52,26.850,26850
144,58,1,21,14:36:20,27.136,27136
144,30,1,23,14:37:56,32.616,32616
144,15,1,24,14:38:35,25.932,25932
144,2,1,25,14:40:26,26.922,26922
144,60,1,25,14:41:05,31.225,31225
144,49,1,26,14:41:51,24.814,24814
144,31,1,27,14:42:59,26.273,26273
144,44,1,27,14:43:40,27.719,27719
144,14,1,28,14:43:55,25.239,25239
144,23,1,29,14:45:15,24.687,24687
144,57,1,29,14:45:54,24.764,24764
144,35,1,29,14:46:13,25.550,25550
144,56,1,31,14:49:17,29.358,29358
144,22,1,32,14:50:15,24.449,24449
144,54,1,32,14:51:07,29.611,29611
144,18,3,39,15:02:42,25.900,25900
144,59,2,41,15:05:11,27.844,27844
144,58,2,40,15:06:30,26.927,26927
144,15,2,43,15:06:55,26.021,26021
144,49,2,44,15:08:34,25.488,25488
144,14,2,45,15:08:52,24.324,24324
144,23,2,46,15:10:08,25.150,25150
144,2,2,45,15:10:16,26.623,26623
144,57,2,46,15:10:53,24.423,24423
144,22,2,47,15:12:13,24.850,24850
144,55,2,46,15:12:15,24.934,24934
144,31,2,47,15:12:28,1:25.595,85595
144,44,2,48,15:15:17,25.958,25958
145,59,1,1,14:04:23,35.653,35653
145,14,1,1,14:04:32,38.373,38373
145,4,1,16,14:25:57,33.03,33030
145,18,1,17,14:27:49,44.06,44060
145,58,1,18,14:29:07,33.593,33593
145,50,1,19,14:29:46,32.58,32580
145,15,1,21,14:32:09,31.928,31928
145,31,1,21,14:32:09,30.231,30231
145,30,1,23,14:34:27,30.745,30745
145,35,1,23,14:34:57,31.35,31350
145,8,1,23,14:35:12,30.892,30892
145,55,1,23,14:35:25,33.048,33048
145,21,1,23,14:36:00,37.655,37655
145,2,1,24,14:36:30,29.561,29561
145,56,1,24,14:36:32,32.352,32352
145,44,1,24,14:36:33,43.931,43931
145,54,1,24,14:36:55,32.304,32304
145,22,1,25,14:37:22,30.957,30957
145,57,1,27,14:39:57,31.157,31157
145,14,2,28,14:42:31,30.748,30748
145,8,2,38,14:56:37,32.454,32454
145,2,2,39,14:57:45,32.204,32204
145,50,2,39,14:58:53,33.259,33259
145,15,2,40,14:59:06,32.143,32143
145,4,2,39,14:59:16,32.901,32901
145,31,2,41,15:00:22,32.362,32362
145,35,2,41,15:00:27,31.844,31844
145,21,2,40,15:01:09,31.631,31631
145,30,2,43,15:02:18,31.194,31194
145,58,2,41,15:03:12,33.061,33061
145,18,2,41,15:03:23,38.215,38215
145,44,2,43,15:03:33,31.275,31275
145,22,2,44,15:04:04,31.764,31764
145,14,3,44,15:05:03,30.185,30185
145,56,2,45,15:06:17,31.366,31366
145,54,2,47,15:10:12,31.174,31174
145,22,3,48,15:10:16,29.205,29205
145,57,2,50,15:11:56,30.433,30433
145,55,2,50,15:14:16,29.695,29695
146,50,1,23,14:32:17,32.302,32302
146,37,1,36,14:49:29,35.049,35049
146,18,1,39,14:53:11,34.762,34762
146,44,1,44,14:57:50,33.714,33714
146,55,1,43,14:57:57,33.548,33548
146,54,1,44,14:59:23,33.429,33429
146,50,2,45,14:59:24,32.874,32874
146,30,1,46,14:59:52,31.684,31684
146,8,1,46,15:00:06,41.488,41488
146,22,1,47,15:01:02,32.136,32136
146,56,1,48,15:03:10,32.322,32322
146,14,1,50,15:04:37,30.786,30786
147,54,1,3,14:07:33,32.992,32992
147,44,1,12,14:20:10,34.328,34328
147,44,2,13,14:22:14,11:04.407,664407
147,57,1,14,14:22:35,55.054,55054
147,8,1,15,14:24:39,5:05.935,305935
147,50,1,42,15:01:50,1:01.864,61864
147,59,1,43,15:04:04,33.124,33124
147,58,1,44,15:06:58,32.431,32431
147,4,1,47,15:09:33,31.164,31164
147,18,1,49,15:11:45,29.632,29632
147,55,1,51,15:13:51,29.573,29573
147,30,1,55,15:18:05,28.112,28112
147,35,1,56,15:20:27,28.243,28243
147,22,1,60,15:25:07,27.676,27676
147,56,1,60,15:25:48,27.986,27986
147,8,2,58,15:30:12,29.787,29787
147,14,1,65,15:33:51,26.954,26954
147,55,2,69,15:39:10,28.610,28610
148,18,1,7,13:12:46,32.909,32909
148,59,1,9,13:15:23,41.123,41123
148,18,2,9,13:16:01,45.431,45431
148,58,1,21,13:32:22,30.938,30938
148,50,1,23,13:36:33,30.059,30059
148,37,1,30,13:46:01,30.815,30815
148,54,1,33,13:50:12,32.582,32582
148,44,1,36,13:54:05,37.999,37999
148,41,1,36,13:54:06,36.266,36266
148,44,2,37,13:56:17,4:08.708,248708
148,15,1,38,13:56:36,32.359,32359
148,8,1,39,13:58:07,30.336,30336
148,55,1,41,14:00:46,32.517,32517
148,14,1,42,14:01:57,30.514,30514
148,30,1,46,14:06:46,29.609,29609
148,50,2,47,14:08:57,29.772,29772
148,58,2,47,14:10:46,31.095,31095
148,57,1,49,14:11:08,30.484,30484
148,23,1,51,14:13:15,29.038,29038
148,37,2,52,14:15:43,29.494,29494
149,54,1,12,14:19:28,38.692,38692
149,21,1,21,14:31:31,32.283,32283
149,59,1,23,14:34:22,43.799,43799
149,18,1,23,14:34:23,33.287,33287
149,4,1,25,14:37:11,40.847,40847
149,50,1,26,14:38:20,36.805,36805
149,30,1,28,14:39:50,32.688,32688
149,23,1,28,14:39:51,33.906,33906
149,31,1,29,14:41:12,33.608,33608
149,49,1,29,14:42:12,34.001,34001
149,15,1,30,14:43:16,33.227,33227
149,8,1,32,14:46:16,35.928,35928
149,57,1,33,14:47:24,36.581,36581
149,2,1,33,14:47:37,35.344,35344
149,56,1,37,14:52:49,36.665,36665
149,14,1,38,14:53:41,34.89,34890
149,23,2,39,14:54:57,35.009,35009
149,55,1,42,14:59:59,33.429,33429
149,21,2,42,15:00:31,33.809,33809
149,35,1,43,15:01:14,33.659,33659
149,22,1,44,15:02:00,35.751,35751
149,18,2,43,15:02:12,33.784,33784
149,37,1,44,15:02:35,33.49,33490
149,50,2,46,15:06:10,33.874,33874
149,4,2,46,15:06:28,34.423,34423
149,30,2,50,15:09:19,31.983,31983
149,31,2,50,15:09:27,32.721,32721
149,54,2,49,15:10:32,32.161,32161
149,23,3,52,15:12:36,33.224,33224
150,8,1,15,14:22:08,27.236,27236
150,18,1,19,14:27:46,26.162,26162
150,21,1,20,14:29:06,24.324,24324
150,22,1,21,14:29:41,23.585,23585
150,2,1,21,14:29:59,25.983,25983
150,55,1,22,14:31:51,25.312,25312
150,44,1,23,14:32:48,24.669,24669
150,23,1,24,14:33:20,26.987,26987
150,49,1,24,14:33:50,33.61,33610
150,30,1,25,14:34:40,24.167,24167
150,15,1,25,14:35:06,25.915,25915
150,54,1,25,14:35:29,25.92,25920
150,50,1,25,14:35:43,47.249,47249
150,14,1,26,14:36:01,25.951,25951
150,58,1,26,14:37:43,27.287,27287
150,56,1,27,14:37:54,25.938,25938
150,37,1,28,14:40:57,24.712,24712
150,31,1,30,14:41:17,25.998,25998
150,14,2,32,14:44:06,26.88,26880
150,22,2,36,14:49:17,24.747,24747
150,4,1,36,14:51:08,29.282,29282
150,8,2,40,14:55:16,27.375,27375
150,2,2,42,14:57:40,27.435,27435
150,23,2,44,14:59:39,25.412,25412
150,30,2,45,15:00:36,27.37,27370
150,37,2,43,15:01:05,27.237,27237
150,21,2,44,15:01:07,26.796,26796
150,18,2,44,15:01:16,37.551,37551
150,44,2,45,15:02:02,26.294,26294
150,50,2,45,15:03:01,26.028,26028
150,49,2,46,15:03:10,25.46,25460
150,15,2,47,15:04:08,25.172,25172
150,55,2,47,15:05:36,25.344,25344
150,56,2,48,15:05:39,26.66,26660
150,54,2,48,15:06:25,26.035,26035
150,31,2,50,15:07:22,25.459,25459
150,14,3,51,15:08:59,24.232,24232
150,58,2,50,15:10:31,25.603,25603
150,22,3,54,15:12:46,24.262,24262
151,8,1,20,13:31:57,34.16,34160
151,57,1,21,13:32:38,31.259,31259
151,2,1,21,13:33:25,32.603,32603
151,50,1,22,13:35:10,33.163,33163
151,18,1,22,13:35:34,32.648,32648
151,59,1,23,13:37:03,33.387,33387
151,4,1,23,13:37:05,32.979,32979
151,49,1,24,13:37:46,34.009,34009
151,21,1,24,13:38:37,31.807,31807
151,31,1,25,13:38:42,32.517,32517
151,55,1,30,13:47:07,35.307,35307
151,56,1,30,13:47:08,30.727,30727
151,35,1,32,13:49:38,36.487,36487
151,37,1,34,13:52:53,30.888,30888
151,23,1,35,13:53:23,36.944,36944
151,37,2,35,13:54:47,34.969,34969
151,57,2,39,13:58:18,32.527,32527
151,30,1,39,13:58:39,32.612,32612
151,18,2,39,14:00:58,32.76,32760
151,8,2,40,14:01:01,32.711,32711
151,4,2,39,14:01:21,51.879,51879
151,31,2,41,14:01:55,35.0,35000
151,2,2,41,14:02:33,32.869,32869
151,49,2,41,14:02:36,32.477,32477
151,50,2,41,14:03:09,32.427,32427
151,22,1,42,14:03:19,33.04,33040
151,59,2,42,14:05:22,32.347,32347
151,21,2,42,14:05:23,31.604,31604
151,56,2,45,14:08:58,30.89,30890
152,41,1,6,14:40:04,49.027,49027
152,50,1,7,14:41:40,31.177,31177
152,56,1,12,14:50:17,29.653,29653
152,59,1,12,14:50:25,33.38,33380
152,4,1,13,14:52:20,31.064,31064
152,22,1,16,14:56:40,28.91,28910
152,44,1,16,14:57:16,31.247,31247
152,58,1,20,15:05:12,34.689,34689
152,31,1,22,15:06:40,50.808,50808
152,30,1,23,15:08:52,31.437,31437
152,23,1,24,15:10:15,31.555,31555
152,35,1,24,15:11:11,36.138,36138
152,18,1,24,15:11:20,31.997,31997
152,55,1,25,15:13:09,31.161,31161
152,4,2,25,15:14:09,31.227,31227
152,21,1,26,15:14:50,29.541,29541
152,14,1,27,15:16:07,29.124,29124
152,15,1,27,15:17:02,37.866,37866
152,50,2,27,15:17:19,29.437,29437
152,59,2,28,15:19:02,30.057,30057
152,44,2,31,15:23:57,31.03,31030
152,22,2,32,15:24:38,39.835,39835
153,18,1,6,14:11:03,33.747,33747
153,49,1,18,14:27:38,30.246,30246
153,4,1,20,14:30:21,32.297,32297
153,21,1,21,14:31:36,28.102,28102
153,50,1,24,14:35:46,31.743,31743
153,8,1,26,14:37:42,29.617,29617
153,2,1,27,14:39:02,29.522,29522
153,44,1,27,14:39:06,30.052,30052
153,30,1,28,14:39:22,30.261,30261
153,58,1,26,14:39:41,31.591,31591
153,18,2,27,14:40:21,29.851,29851
153,15,1,29,14:41:44,34.780,34780
153,23,1,30,14:42:26,31.270,31270
153,35,1,30,14:43:12,31.267,31267
153,22,1,31,14:43:33,30.740,30740
153,37,1,30,14:43:50,32.546,32546
153,14,1,32,14:44:52,29.548,29548
153,31,1,32,14:45:42,30.676,30676
153,57,1,38,14:53:31,28.630,28630
153,21,2,45,15:04:20,33.640,33640
153,8,2,46,15:04:32,31.553,31553
153,15,2,48,15:07:43,32.377,32377
153,31,2,49,15:08:38,30.423,30423
153,35,2,49,15:09:06,30.994,30994
153,2,2,51,15:11:08,29.799,29799
153,30,2,52,15:11:10,30.755,30755
153,23,2,52,15:11:45,32.053,32053
153,22,2,53,15:12:40,30.125,30125
153,14,2,54,15:13:56,31.632,31632
153,49,2,52,15:14:21,30.567,30567
153,44,2,53,15:14:22,31.287,31287
153,37,2,53,15:14:56,30.989,30989
153,50,2,53,15:15:53,30.480,30480
153,58,2,52,15:16:37,31.750,31750
153,57,2,56,15:17:08,28.411,28411
153,44,3,57,15:20:25,18:04.911,1084911
153,57,3,71,15:37:19,26.245,26245
154,15,1,6,15:00:02,30.386,30386
154,57,1,7,15:01:53,29.850,29850
154,55,1,7,15:01:57,31.149,31149
154,44,1,7,15:02:12,30.331,30331
154,50,1,8,15:04:05,30.840,30840
154,22,1,9,15:05:34,31.067,31067
154,35,1,9,15:05:49,30.437,30437
154,23,1,9,15:05:56,30.820,30820
154,59,1,9,15:06:14,32.852,32852
154,58,1,9,15:06:25,31.732,31732
154,30,1,10,15:07:04,31.443,31443
154,14,1,10,15:07:28,28.483,28483
154,18,1,10,15:07:49,29.298,29298
154,21,1,11,15:09:17,28.708,28708
154,44,2,12,15:12:04,33.763,33763
154,58,2,15,15:18:38,30.786,30786
154,49,1,16,15:19:35,32.714,32714
154,58,3,16,15:21:06,46.104,46104
154,22,2,18,15:23:09,32.623,32623
154,58,4,17,15:23:53,4:23.621,263621
154,15,2,19,15:24:55,32.910,32910
154,55,2,20,15:26:54,31.401,31401
154,35,2,21,15:28:51,30.146,30146
154,44,3,21,15:29:44,49.764,49764
154,50,2,22,15:31:25,30.636,30636
154,21,2,23,15:32:09,29.077,29077
154,57,2,23,15:32:20,28.912,28912
154,14,2,24,15:34:02,28.569,28569
154,30,2,25,15:35:25,29.779,29779
154,59,2,24,15:35:43,34.320,34320
154,23,2,25,15:36:26,31.092,31092
155,18,1,1,14:05:18,25.200,25200
155,4,1,17,14:29:02,24.267,24267
155,30,1,18,14:29:35,24.881,24881
155,50,1,18,14:30:13,23.518,23518
155,22,1,19,14:30:50,30.765,30765
155,55,1,22,14:35:57,22.885,22885
155,8,1,22,14:36:00,27.724,27724
155,59,1,27,14:43:50,26.349,26349
155,31,1,28,14:43:56,26.581,26581
155,2,1,28,14:45:21,23.546,23546
155,62,1,27,14:45:28,26.975,26975
155,21,1,30,14:48:13,24.621,24621
155,55,2,32,14:50:55,25.567,25567
155,44,1,32,14:51:05,24.463,24463
155,61,1,32,14:51:23,26.421,26421
155,35,1,33,14:52:09,24.447,24447
155,4,2,33,14:53:20,1:10.931,70931
155,23,1,35,14:54:18,22.697,22697
155,37,1,36,14:56:27,23.605,23605
155,30,2,40,15:01:48,21.174,21174
155,22,2,41,15:02:57,20.754,20754
156,8,1,2,13:06:03,30.837,30837
156,23,1,24,13:33:51,26.975,26975
156,22,1,27,13:37:22,22.874,22874
156,62,1,26,13:37:29,25.011,25011
156,2,1,27,13:37:49,22.423,22423
156,18,1,35,13:48:30,26.662,26662
156,31,1,36,13:48:49,27.484,27484
156,50,1,36,13:50:13,25.916,25916
156,55,1,37,13:50:52,26.611,26611
156,59,1,37,13:51:21,27.648,27648
156,61,1,37,13:51:36,27.132,27132
156,30,1,39,13:52:40,25.569,25569
156,15,1,39,13:53:17,25.918,25918
156,62,2,38,13:54:25,58.2,58200
156,21,1,41,13:56:10,24.46,24460
156,49,1,42,13:57:35,25.112,25112
156,14,1,43,13:57:54,23.067,23067
156,35,1,43,13:59:21,13.083,13083
156,44,1,44,14:00:15,26.324,26324
156,35,2,44,14:01:04,24.738,24738
156,57,1,46,14:01:33,23.35,23350
156,2,2,48,14:05:05,22.457,22457
156,22,2,50,14:06:43,22.214,22214
156,37,1,50,14:08:10,28.429,28429
156,56,1,52,14:10:11,22.56,22560
157,49,1,3,14:39:05,35.314,35314
157,22,1,15,14:58:01,28.936,28936
157,15,1,16,15:00:05,29.898,29898
157,21,1,16,15:00:06,29.771,29771
157,44,1,16,15:00:45,41.709,41709
157,50,1,17,15:02:23,30.053,30053
157,30,1,18,15:02:41,30.512,30512
157,62,1,18,15:05:06,32.183,32183
157,35,1,19,15:05:12,29.437,29437
157,2,1,19,15:05:15,29.333,29333
157,59,1,19,15:05:59,31.590,31590
157,18,1,20,15:06:44,32.568,32568
157,31,1,21,15:07:45,30.030,30030
157,4,1,21,15:09:04,31.228,31228
157,61,1,21,15:09:08,31.712,31712
157,59,2,21,15:09:54,33.542,33542
157,23,1,23,15:11:07,30.467,30467
157,49,2,22,15:11:15,30.105,30105
157,14,1,23,15:11:27,28.174,28174
157,56,1,23,15:11:45,28.285,28285
157,57,1,24,15:13:00,28.918,28918
157,37,1,26,15:17:11,33.548,33548
157,22,2,29,15:21:19,34.586,34586
157,23,2,29,15:21:23,32.021,32021
157,44,2,32,15:28:31,31.260,31260
157,15,2,33,15:28:46,32.093,32093
157,2,2,33,15:28:53,30.071,30071
157,50,2,33,15:30:13,31.065,31065
157,35,2,34,15:30:28,30.562,30562
157,21,2,35,15:32:05,30.040,30040
157,30,2,36,15:32:34,30.039,30039
157,61,2,35,15:33:29,25.302,25302
157,62,2,34,15:33:41,31.806,31806
157,50,3,35,15:34:03,31.666,31666
157,61,3,36,15:35:32,39.235,39235
157,31,2,38,15:35:54,29.195,29195
157,4,2,37,15:36:14,30.653,30653
157,57,2,38,15:36:16,28.774,28774
157,18,2,38,15:37:07,29.450,29450
157,59,3,37,15:37:53,30.606,30606
157,14,2,39,15:38:00,27.890,27890
157,23,3,39,15:38:14,30.682,30682
157,49,3,38,15:38:15,28.720,28720
157,22,3,41,15:41:28,28.534,28534
157,37,2,41,15:42:42,29.570,29570
157,61,4,41,15:45:00,1:09.393,69393
124,63,1,1,14:05:39,3:14.314,194314
124,8,1,2,14:08:12,1:10.122,70122
124,49,1,7,14:22:40,27.124,27124
124,35,1,10,14:24:57,26.883,26883
124,59,1,2,14:24:59,26.287,26287
124,11,1,11,14:27:40,1:09.258,69258
124,35,2,13,14:30:59,17.257,17257
124,37,1,21,14:45:05,4:30.135,270135
124,63,2,32,15:02:15,30.069,30069
124,17,1,35,15:05:52,54.025,54025
124,31,1,37,15:07:05,27.999,27999
124,30,1,38,15:08:14,28.281,28281
124,56,1,37,15:08:26,31.632,31632
124,8,2,38,15:08:35,28.290,28290
124,62,1,37,15:09:57,32.838,32838
124,37,2,40,15:19:10,27.246,27246
125,30,1,1,15:05:28,39.638,39638
125,21,1,2,15:07:23,4:11.840,251840
125,11,1,2,15:07:24,49.885,49885
125,37,1,7,15:16:29,58.778,58778
125,15,1,8,15:17:35,33.482,33482
125,31,1,9,15:19:00,24.366,24366
125,2,1,19,15:35:52,37.149,37149
125,66,1,19,15:36:14,39.217,39217
125,30,2,19,15:36:15,35.788,35788
125,62,1,19,15:36:59,43.155,43155
125,22,1,21,15:38:43,33.039,33039
125,31,2,21,15:39:22,35.496,35496
125,63,1,21,15:39:23,36.118,36118
125,13,1,23,15:43:15,35.553,35553
125,49,1,22,15:43:56,38.500,38500
125,62,2,23,15:44:32,41.787,41787
125,37,2,24,15:46:18,36.745,36745
125,63,2,25,15:46:41,3:30.997,210997
125,35,1,26,15:48:42,40.569,40569
125,56,1,27,15:50:41,45.792,45792
125,17,1,29,15:54:21,41.989,41989
125,11,2,29,15:54:53,39.376,39376
125,23,1,31,15:55:20,37.880,37880
125,18,1,31,15:56:05,38.561,38561
125,21,2,29,15:57:40,40.372,40372
125,22,2,35,16:02:28,37.041,37041
125,2,2,36,16:05:06,36.475,36475
125,31,3,39,16:09:41,34.417,34417
125,30,3,40,16:11:42,34.946,34946
125,63,3,38,16:12:10,38.337,38337
125,37,3,39,16:12:13,36.860,36860
125,66,2,40,16:12:42,54.478,54478
125,49,2,39,16:13:17,36.487,36487
125,63,4,43,16:21:10,34.381,34381
126,31,1,1,14:04:41,49.018,49018
126,21,1,1,14:04:44,59.077,59077
126,66,1,1,14:04:48,1:05.231,65231
126,59,1,12,14:19:45,9:33.508,573508
126,62,1,23,14:34:14,39.135,39135
126,35,1,24,14:34:57,43.694,43694
126,66,2,24,14:36:04,38.082,38082
126,13,1,25,14:36:23,38.465,38465
126,11,1,27,14:38:59,39.446,39446
126,17,1,33,14:47:06,39.768,39768
126,63,1,38,14:53:09,44.237,44237
126,30,1,39,14:53:14,39.875,39875
126,2,1,41,14:57:04,37.803,37803
126,31,2,42,14:58:19,37.495,37495
126,37,1,42,14:58:39,39.054,39054
126,15,1,43,14:59:18,38.540,38540
126,23,1,44,14:59:45,37.183,37183
126,17,2,42,14:59:48,1:07.977,67977
126,18,1,44,15:00:40,36.982,36982
126,56,1,44,15:01:16,36.731,36731
126,14,1,45,15:01:51,37.619,37619
126,8,1,46,15:03:10,37.004,37004
126,35,2,46,15:04:08,37.303,37303
126,62,2,45,15:04:45,37.735,37735
126,11,2,48,15:06:50,41.482,41482
126,2,2,56,15:17:16,37.459,37459
126,17,3,63,15:28:36,33.866,33866
127,11,1,5,14:11:02,2:05.019,125019
127,2,1,16,14:26:46,34.805,34805
127,13,1,17,14:28:14,26.094,26094
127,2,2,19,14:31:37,25.216,25216
127,15,1,22,14:35:27,25.027,25027
127,59,1,22,14:35:41,27.485,27485
127,18,1,23,14:36:53,24.627,24627
127,63,1,23,14:37:39,27.942,27942
127,2,3,24,14:39:15,14.187,14187
127,17,1,25,14:40:37,26.564,26564
127,44,1,26,14:41:24,25.602,25602
127,35,1,27,14:42:43,25.743,25743
127,56,1,29,14:46:29,25.501,25501
127,8,1,30,14:46:44,27.555,27555
127,30,1,31,14:47:28,24.309,24309
127,23,1,31,14:47:46,23.886,23886
127,37,1,30,14:47:58,32.222,32222
127,22,1,32,14:49:10,23.926,23926
127,31,1,32,14:49:26,23.475,23475
127,14,1,34,14:52:42,23.888,23888
127,13,2,37,14:57:29,28.305,28305
127,2,4,39,15:01:05,26.061,26061
127,15,2,40,15:01:48,26.945,26945
127,18,2,41,15:03:03,26.050,26050
127,17,2,42,15:06:19,26.862,26862
127,59,2,43,15:06:55,26.483,26483
127,30,2,46,15:08:59,24.232,24232
127,23,2,46,15:09:24,24.004,24004
127,56,2,45,15:10:16,27.012,27012
127,22,2,47,15:10:37,30.247,30247
127,31,2,48,15:12:33,23.725,23725
127,35,2,48,15:13:33,23.566,23566
127,14,2,49,15:14:39,23.105,23105
128,63,1,3,14:07:41,33.495,33495
128,15,1,23,14:35:17,30.828,30828
128,35,1,23,14:35:37,31.926,31926
128,66,1,23,14:35:39,32.957,32957
128,23,1,24,14:36:24,30.461,30461
128,18,1,24,14:36:37,30.252,30252
128,44,1,24,14:36:51,31.119,31119
128,59,1,24,14:36:58,32.060,32060
128,63,2,24,14:37:37,31.302,31302
128,31,1,25,14:37:48,32.519,32519
128,30,1,26,14:38:44,32.434,32434
128,13,1,26,14:39:35,31.016,31016
128,49,1,26,14:39:36,31.756,31756
128,56,1,26,14:40:01,30.759,30759
128,2,1,27,14:40:53,30.496,30496
128,14,1,29,14:43:32,31.074,31074
128,23,2,29,14:43:49,50.504,50504
128,59,2,38,14:57:05,1:11.372,71372
128,23,3,40,15:00:09,33.460,33460
128,18,2,42,15:02:10,31.405,31405
128,2,2,42,15:02:11,30.613,30613
128,15,2,43,15:03:28,30.853,30853
128,44,2,43,15:03:51,33.738,33738
128,13,2,44,15:05:01,30.894,30894
128,49,2,44,15:05:06,32.155,32155
128,66,2,44,15:05:34,32.936,32936
128,31,2,45,15:05:54,37.001,37001
128,35,2,45,15:06:44,31.229,31229
128,14,2,46,15:07:28,29.584,29584
128,63,3,45,15:07:33,31.718,31718
128,30,2,47,15:08:00,31.357,31357
129,35,1,23,14:30:55,29.458,29458
129,22,1,24,14:31:00,31.309,31309
129,30,1,24,14:31:02,43.141,43141
129,11,1,23,14:31:22,32.265,32265
129,14,1,28,14:38:46,28.628,28628
129,21,1,28,14:38:49,30.635,30635
129,62,1,28,14:40:54,36.064,36064
129,15,1,29,14:40:56,30.531,30531
129,35,2,29,14:40:58,22.289,22289
129,56,1,29,14:40:58,29.26,29260
129,17,1,29,14:42:51,35.709,35709
129,18,1,30,14:42:54,29.75,29750
129,63,1,32,14:46:56,34.164,34164
129,56,2,32,14:47:02,27.23,27230
129,49,1,32,14:48:57,33.313,33313
129,66,1,33,14:48:58,46.962,46962
129,17,2,45,15:07:39,18.73,18730
129,23,1,47,15:08:11,29.036,29036
129,31,1,51,15:12:58,27.132,27132
129,35,3,53,15:15:31,28.669,28669
129,22,2,61,15:24:25,26.782,26782
129,30,2,62,15:25:40,26.492,26492
130,18,1,6,14:11:35,18.410,18410
130,63,1,21,14:32:21,31.217,31217
130,62,1,26,14:39:50,32.514,32514
130,13,1,28,14:42:36,34.606,34606
130,17,1,29,14:43:33,36.471,36471
130,13,2,32,14:48:39,31.397,31397
130,18,2,37,14:54:44,28.486,28486
130,8,1,40,14:58:00,3:16.687,196687
130,22,1,40,14:58:03,37.583,37583
130,59,1,41,15:00:20,47.296,47296
130,22,2,42,15:01:17,31.521,31521
130,56,1,42,15:01:46,28.653,28653
130,15,1,43,15:01:51,27.967,27967
130,30,1,44,15:02:50,28.874,28874
130,2,1,44,15:04:24,28.042,28042
130,22,3,44,15:04:27,18.303,18303
130,49,1,46,15:05:58,28.743,28743
130,49,2,47,15:07:46,28.780,28780
130,37,1,48,15:10:06,28.088,28088
130,23,1,50,15:11:06,28.221,28221
130,14,1,51,15:12:09,27.481,27481
130,21,1,52,15:14:24,30.514,30514
130,63,2,60,15:26:10,27.920,27920
130,59,2,62,15:30:14,18.939,18939
130,17,2,63,15:30:48,43.792,43792
130,23,2,65,15:31:43,26.441,26441
131,37,1,1,13:04:46,1:40.403,100403
131,31,1,14,13:21:30,31.811,31811
131,11,1,14,13:22:12,28.895,28895
131,59,1,15,13:23:45,32.384,32384
131,59,2,16,13:26:05,1:23.311,83311
131,63,1,25,13:38:43,30.706,30706
131,22,1,26,13:39:25,31.908,31908
131,63,2,26,13:40:42,40.734,40734
131,49,1,30,13:45:23,43.377,43377
131,63,3,31,13:47:50,18.347,18347
131,18,1,36,13:53:04,31.658,31658
131,2,1,37,13:54:13,32.640,32640
131,62,1,37,13:54:46,33.834,33834
131,30,1,38,13:54:47,32.636,32636
131,17,1,39,13:57:13,35.774,35774
131,13,1,40,13:58:13,31.167,31167
131,56,1,40,13:58:23,44.574,44574
131,44,1,41,13:59:35,32.791,32791
131,66,1,41,13:59:45,2:04.851,124851
131,23,1,42,14:00:26,41.760,41760
131,15,1,42,14:00:43,30.617,30617
131,23,2,44,14:03:36,30.451,30451
131,2,2,44,14:03:51,17.770,17770
131,8,1,45,14:04:18,28.619,28619
131,21,1,45,14:04:33,32.886,32886
131,62,2,44,14:04:42,33.368,33368
131,11,2,46,14:06:24,32.312,32312
131,13,2,48,14:09:11,18.442,18442
131,14,1,49,14:09:27,30.175,30175
131,49,2,49,14:11:08,31.330,31330
131,31,2,51,14:11:48,29.183,29183
131,2,3,51,14:13:23,33.052,33052
131,22,2,54,14:15:55,28.602,28602
132,21,1,1,14:05:23,35.979,35979
132,11,1,1,14:05:27,1:23.550,83550
132,62,1,7,14:15:06,22.553,22553
132,17,1,19,14:34:58,34.462,34462
132,35,1,20,14:35:51,35.393,35393
132,15,1,21,14:37:01,33.722,33722
132,66,1,21,14:37:18,38.646,38646
132,18,1,22,14:38:30,33.057,33057
132,21,2,21,14:38:53,33.170,33170
132,49,1,22,14:39:06,48.500,48500
132,59,1,23,14:40:43,34.517,34517
132,30,1,24,14:41:08,32.665,32665
132,63,1,23,14:41:15,41.573,41573
132,22,1,25,14:42:31,32.818,32818
132,44,1,29,14:50:07,38.326,38326
132,23,1,30,14:51:19,35.719,35719
132,2,1,30,14:51:33,35.785,35785
132,13,1,31,14:53:08,36.497,36497
132,62,2,31,14:54:54,52.885,52885
132,56,1,32,14:55:51,48.976,48976
132,37,1,33,14:57:02,36.520,36520
132,8,1,35,14:59:12,35.983,35983
132,11,2,36,15:03:50,35.618,35618
132,66,2,39,15:06:57,34.072,34072
132,63,2,41,15:10:45,33.089,33089
132,15,2,42,15:11:02,32.015,32015
132,17,2,41,15:11:06,45.085,45085
132,30,2,43,15:11:09,31.690,31690
132,59,2,42,15:11:48,33.355,33355
132,18,2,44,15:13:57,31.930,31930
132,22,2,45,15:14:13,31.580,31580
132,35,2,44,15:15:04,32.452,32452
132,49,2,44,15:15:05,34.526,34526
133,49,1,12,13:21:09,36.915,36915
133,13,1,12,13:21:30,33.817,33817
133,31,1,13,13:22:11,34.905,34905
133,30,1,13,13:22:16,35.378,35378
133,8,1,13,13:22:18,1:02.575,62575
133,23,1,13,13:22:19,54.574,54574
133,15,1,13,13:22:24,32.642,32642
133,18,1,13,13:22:25,48.287,48287
133,22,1,13,13:22:31,35.531,35531
133,35,1,13,13:22:49,34.600,34600
133,63,1,13,13:22:56,34.978,34978
133,59,1,13,13:22:57,35.199,35199
133,56,1,13,13:22:58,36.381,36381
133,44,1,13,13:22:59,38.591,38591
133,2,1,13,13:23:06,34.017,34017
133,21,1,13,13:23:08,33.268,33268
133,37,1,14,13:25:11,37.050,37050
133,11,1,14,13:25:48,33.364,33364
133,14,1,15,13:26:24,31.236,31236
133,14,2,23,13:39:52,53.408,53408
133,8,2,24,13:40:57,36.441,36441
133,15,2,25,13:42:57,34.746,34746
133,18,2,25,13:43:00,48.855,48855
133,59,2,26,13:44:33,33.100,33100
133,59,3,27,13:46:48,31.468,31468
133,18,3,27,13:47:11,35.075,35075
133,8,3,28,13:47:58,34.167,34167
133,15,3,28,13:48:52,32.211,32211
133,14,3,28,13:49:27,31.151,31151
133,13,2,30,13:51:13,33.283,33283
133,23,2,31,13:52:19,54.279,54279
133,37,2,30,13:52:53,32.730,32730
133,30,2,33,13:54:12,33.430,33430
133,22,2,33,13:54:34,32.580,32580
133,23,3,35,13:59:46,33.398,33398
133,18,4,36,14:02:37,32.999,32999
133,14,4,36,14:02:37,51.227,51227
133,8,4,37,14:03:11,35.330,35330
133,11,2,37,14:03:25,34.574,34574
133,2,2,38,14:03:59,32.815,32815
133,37,3,37,14:04:46,34.536,34536
133,35,2,39,14:05:17,35.332,35332
133,21,2,39,14:05:37,32.656,32656
133,22,3,40,14:05:54,31.463,31463
133,31,2,40,14:05:55,34.021,34021
133,44,2,40,14:07:04,33.228,33228
133,13,3,40,14:07:31,31.469,31469
133,30,3,43,14:10:02,31.909,31909
134,44,1,1,14:04:43,1:39.131,99131
134,13,1,7,14:11:53,14.368,14368
134,13,2,10,14:15:58,14.438,14438
134,18,1,20,14:28:25,26.501,26501
134,35,1,20,14:28:56,24.580,24580
134,62,1,20,14:29:43,25.996,25996
134,15,1,21,14:29:48,25.697,25697
134,56,1,21,14:29:53,26.040,26040
134,44,2,20,14:30:47,26.660,26660
134,23,1,22,14:30:55,24.312,24312
134,31,1,24,14:33:22,25.488,25488
134,66,1,24,14:34:06,31.549,31549
134,17,1,24,14:34:12,25.819,25819
134,37,1,24,14:34:13,26.551,26551
134,63,1,25,14:35:24,25.795,25795
134,30,1,26,14:35:54,25.251,25251
134,8,1,27,14:37:12,25.121,25121
134,13,3,27,14:38:06,25.632,25632
134,14,1,28,14:38:29,26.795,26795
134,2,1,28,14:39:02,25.035,25035
134,30,2,35,14:47:35,14.415,14415
134,37,2,39,14:54:05,26.552,26552
134,31,2,43,14:57:55,29.135,29135
134,56,2,43,14:58:32,24.400,24400
134,23,2,44,14:59:15,26.612,26612
134,18,2,44,14:59:33,28.103,28103
134,63,2,44,15:00:30,26.520,26520
134,62,2,43,15:01:07,27.229,27229
134,66,2,45,15:01:57,26.665,26665
134,15,2,46,15:02:13,26.230,26230
134,30,3,48,15:04:15,25.569,25569
134,17,2,47,15:04:30,25.667,25667
134,23,3,48,15:04:44,14.399,14399
134,8,2,49,15:05:30,24.877,24877
134,2,2,49,15:06:44,27.059,27059
134,14,2,54,15:11:52,24.069,24069
134,37,3,56,15:16:40,26.908,26908
134,14,3,59,15:18:31,14.159,14159
134,18,3,59,15:19:22,24.850,24850
135,15,1,16,14:24:29,29.293,29293
135,13,1,20,14:29:36,30.561,30561
135,63,1,21,14:31:09,30.599,30599
135,2,1,22,14:32:19,29.246,29246
135,66,1,23,14:33:48,31.405,31405
135,35,1,24,14:35:05,30.671,30671
135,59,1,24,14:35:06,33.327,33327
135,44,1,25,14:36:11,31.317,31317
135,56,1,25,14:36:38,35.546,35546
135,22,1,26,14:36:39,29.701,29701
135,8,1,26,14:37:11,30.535,30535
135,11,1,26,14:37:40,29.075,29075
135,30,1,27,14:37:54,29.099,29099
135,21,1,28,14:40:11,52.911,52911
135,23,1,29,14:40:30,31.191,31191
135,14,1,29,14:41:22,28.676,28676
135,31,1,30,14:42:04,28.864,28864
135,15,2,33,14:47:26,18.664,18664
135,8,2,37,14:52:51,45.609,45609
135,13,2,42,14:59:10,30.403,30403
135,63,2,43,15:00:46,29.911,29911
135,2,2,44,15:01:45,30.161,30161
135,11,2,44,15:01:51,32.221,32221
135,22,2,46,15:02:58,42.445,42445
135,21,2,45,15:03:23,32.682,32682
135,59,2,45,15:03:39,35.791,35791
135,30,2,47,15:04:02,29.626,29626
135,23,2,48,15:05:28,29.901,29901
135,56,2,47,15:06:34,28.921,28921
135,31,2,49,15:07:03,28.572,28572
135,14,2,49,15:07:47,29.286,29286
135,23,3,63,15:25:17,27.917,27917
136,31,1,22,14:32:34,31.914,31914
136,19,1,24,14:35:47,33.352,33352
136,66,1,26,14:38:16,31.547,31547
136,17,1,26,14:38:16,37.246,37246
136,37,1,27,14:39:34,31.996,31996
136,63,1,28,14:40:54,30.712,30712
136,21,1,29,14:41:27,30.208,30208
136,11,1,30,14:43:14,30.529,30529
136,30,1,31,14:43:28,30.568,30568
136,13,1,31,14:44:12,29.737,29737
136,15,1,31,14:44:23,30.312,30312
136,22,1,32,14:44:44,30.974,30974
136,2,1,32,14:45:48,29.917,29917
136,23,1,33,14:46:21,29.751,29751
136,44,1,33,14:47:29,31.09,31090
136,14,1,34,14:48:16,29.613,29613
136,8,1,35,14:49:31,31.119,31119
136,11,2,49,15:08:37,33.607,33607
136,17,2,49,15:09:52,43.122,43122
136,66,2,50,15:10:56,35.686,35686
136,21,2,51,15:10:56,30.351,30351
136,63,2,51,15:12:11,30.698,30698
136,37,2,51,15:12:12,30.508,30508
136,13,2,53,15:13:35,30.303,30303
136,23,2,54,15:14:16,30.173,30173
136,19,2,52,15:14:34,32.94,32940
136,15,2,54,15:15:02,28.972,28972
136,2,2,54,15:15:08,29.836,29836
136,30,2,55,15:15:09,29.229,29229
136,22,2,56,15:16:26,29.334,29334
136,31,2,55,15:16:49,30.096,30096
136,44,2,55,15:16:59,31.421,31421
136,14,2,58,15:20:06,29.695,29695
136,8,2,61,15:23:52,29.341,29341
137,13,1,14,14:29:56,30.886,30886
137,11,1,14,14:30:02,39.049,39049
137,56,1,15,14:31:35,33.349,33349
137,35,1,15,14:31:45,31.702,31702
137,66,1,15,14:31:47,30.316,30316
137,19,1,15,14:31:59,35.399,35399
137,30,1,16,14:32:35,30.376,30376
137,63,1,16,14:33:30,29.711,29711
137,37,1,16,14:33:31,32.363,32363
137,22,1,17,14:34:38,31.951,31951
137,15,1,17,14:35:09,28.974,28974
137,23,1,17,14:35:14,30.326,30326
137,2,1,17,14:35:33,30.352,30352
137,31,1,18,14:36:50,30.057,30057
137,8,1,18,14:36:51,30.928,30928
137,44,1,18,14:37:27,30.611,30611
137,14,1,19,14:38:41,30.095,30095
137,21,1,21,14:42:56,34.154,34154
137,11,2,27,14:54:50,31.692,31692
137,13,2,28,14:56:29,30.219,30219
137,15,2,29,14:57:44,30.283,30283
137,30,2,30,14:58:20,30.876,30876
137,66,2,29,14:58:21,30.068,30068
137,2,2,29,14:58:22,30.09,30090
137,56,2,30,14:59:49,30.018,30018
137,63,2,30,14:59:52,29.252,29252
137,22,2,31,15:00:34,30.37,30370
137,23,2,31,15:01:24,34.412,34412
137,37,2,32,15:03:34,30.001,30001
137,44,2,32,15:04:07,28.723,28723
137,31,2,33,15:04:46,29.026,29026
137,35,2,33,15:05:36,29.456,29456
137,8,2,34,15:06:43,29.918,29918
137,14,2,35,15:08:28,27.451,27451
138,14,1,1,14:05:12,36.835,36835
138,66,1,12,14:21:09,44.962,44962
138,2,1,18,14:29:57,25.963,25963
138,22,1,19,14:30:21,27.334,27334
138,44,1,19,14:31:09,27.979,27979
138,15,1,22,14:35:46,27.661,27661
138,18,1,24,14:38:40,27.710,27710
138,30,1,28,14:43:19,29.188,29188
138,56,1,28,14:44:03,30.196,30196
138,62,1,28,14:45:10,7:02.916,422916
138,31,1,30,14:46:33,29.426,29426
138,63,1,30,14:47:20,27.989,27989
138,63,2,33,14:52:11,15.611,15611
138,35,1,34,14:53:19,27.945,27945
138,11,1,35,14:55:24,26.927,26927
138,22,2,37,14:56:09,26.426,26426
138,2,2,36,14:56:18,26.009,26009
138,21,1,37,14:57:39,26.140,26140
138,14,2,37,14:57:44,25.968,25968
138,44,2,41,15:03:24,24.952,24952
139,23,1,2,13:06:11,1:31.121,91121
139,44,1,21,13:30:07,28.955,28955
139,35,1,25,13:34:32,29.847,29847
139,11,1,26,13:36:13,28.423,28423
139,63,1,26,13:36:21,29.830,29830
139,30,1,27,13:36:28,28.653,28653
139,22,1,28,13:37:43,28.205,28205
139,2,1,28,13:38:34,28.543,28543
139,15,1,29,13:39:27,32.174,32174
139,18,1,30,13:41:11,32.311,32311
139,49,1,30,13:41:20,28.361,28361
139,31,1,32,13:43:12,31.743,31743
139,21,1,37,13:49:48,31.985,31985
139,62,1,40,13:54:38,31.446,31446
139,14,1,42,13:55:30,30.912,30912
139,66,1,41,13:55:39,45.106,45106
139,8,1,43,13:57:07,32.883,32883
139,56,1,43,13:57:56,30.247,30247
139,23,2,43,13:59:12,30.832,30832
139,30,2,49,14:04:01,28.275,28275
139,2,2,48,14:04:09,27.979,27979
139,22,2,50,14:05:18,27.784,27784
139,49,2,49,14:05:54,27.887,27887
139,44,2,49,14:06:01,28.956,28956
139,11,2,50,14:06:55,29.264,29264
139,35,2,51,14:07:24,28.590,28590
139,63,2,51,14:08:39,32.642,32642
140,44,1,6,14:44:14,56.848,56848
140,44,2,7,14:47:19,6:23.085,383085
140,15,1,15,14:58:28,28.687,28687
140,18,1,16,15:00:08,29.270,29270
140,63,1,18,15:03:33,29.912,29912
140,2,1,19,15:05:08,30.713,30713
140,35,1,19,15:05:12,29.868,29868
140,30,1,20,15:05:46,30.576,30576
140,21,1,20,15:06:49,30.856,30856
140,22,1,21,15:07:30,30.594,30594
140,11,1,21,15:08:22,28.925,28925
140,37,1,21,15:08:43,29.885,29885
140,8,1,22,15:09:29,30.853,30853
140,56,1,22,15:10:20,29.171,29171
140,17,1,22,15:10:47,30.523,30523
140,23,1,24,15:12:43,29.748,29748
140,31,1,25,15:14:33,29.197,29197
140,18,2,32,15:26:47,32.430,32430
140,63,2,34,15:30:20,30.270,30270
140,2,2,35,15:31:54,31.161,31161
140,21,2,35,15:32:00,29.896,29896
140,11,2,36,15:33:23,31.196,31196
140,22,2,37,15:33:50,29.585,29585
140,30,2,38,15:35:17,29.534,29534
140,37,2,37,15:35:40,28.667,28667
140,56,2,38,15:37:14,28.580,28580
140,23,2,39,15:37:26,27.910,27910
140,31,2,40,15:39:19,28.381,28381
140,17,2,39,15:40:00,29.060,29060
140,8,2,41,15:40:50,28.256,28256
108,14,1,2,14:07:25,24.591,24591
108,35,1,4,14:10:44,25.72,25720
108,18,1,5,14:12:25,24.144,24144
108,49,1,6,14:13:56,27.516,27516
108,30,1,7,14:15:09,31.49,31490
108,2,1,7,14:15:43,27.059,27059
108,44,1,8,14:17:03,28.585,28585
108,21,1,8,14:17:14,29.533,29533
108,42,1,8,14:17:20,31.893,31893
108,51,1,8,14:17:31,26.599,26599
108,4,1,10,14:21:59,28.606,28606
108,31,1,17,14:33:31,26.782,26782
108,15,1,17,14:33:39,27.757,27757
108,23,1,17,14:33:41,40.515,40515
108,35,2,25,14:48:49,31.23,31230
108,18,2,25,14:48:50,44.291,44291
108,30,2,29,14:54:34,26.06,26060
108,44,2,30,14:56:44,14.862,14862
108,50,1,31,14:58:20,38.452,38452
108,14,2,32,14:59:03,28.352,28352
108,8,1,33,15:00:24,28.877,28877
108,21,2,33,15:00:57,41.765,41765
108,49,2,36,15:05:25,27.758,27758
108,8,2,39,15:09:55,14.699,14699
108,42,2,39,15:10:39,28.896,28896
108,18,3,39,15:10:40,25.625,25625
108,23,2,41,15:13:15,26.039,26039
108,35,3,41,15:13:30,26.134,26134
108,31,2,42,15:14:02,25.135,25135
108,4,2,42,15:14:40,25.269,25269
108,15,2,45,15:19:11,24.729,24729
108,30,3,46,15:20:17,26.463,26463
109,31,1,1,15:05:54,4:06.282,246282
109,42,1,1,15:06:02,54.484,54484
109,50,1,1,15:06:06,2:46.858,166858
109,30,1,3,15:09:10,37.480,37480
109,30,2,9,15:19:36,24.113,24113
109,44,1,12,15:23:52,34.161,34161
109,50,2,10,15:23:57,37.912,37912
109,2,1,13,15:25:30,50.283,50283
109,51,1,13,15:25:53,50.327,50327
109,4,1,14,15:26:43,36.520,36520
109,17,1,15,15:29:00,1:07.590,67590
109,15,1,16,15:30:35,35.894,35894
109,18,1,17,15:32:11,35.888,35888
109,43,1,17,15:32:43,37.502,37502
109,49,1,17,15:32:44,46.067,46067
109,8,1,19,15:34:53,37.350,37350
109,42,2,19,15:36:53,37.044,37044
109,22,1,22,15:39:59,35.338,35338
109,23,1,22,15:40:25,35.099,35099
109,52,1,22,15:41:03,55.468,55468
109,30,3,26,15:48:03,34.705,34705
109,31,2,28,15:54:36,38.546,38546
109,43,2,33,15:59:57,42.491,42491
109,50,3,31,16:00:19,39.098,39098
109,18,2,34,16:00:47,38.422,38422
109,2,2,34,16:01:17,35.669,35669
109,4,2,35,16:01:46,36.418,36418
109,49,2,35,16:03:34,35.623,35623
109,51,2,35,16:04:02,39.556,39556
109,15,2,36,16:04:04,50.029,50029
109,22,2,38,16:06:38,34.879,34879
109,42,3,38,16:09:26,37.199,37199
109,8,2,40,16:09:32,35.234,35234
109,23,2,40,16:10:42,34.311,34311
109,30,4,43,16:16:18,35.171,35171
109,43,3,48,16:25:29,36.382,36382
110,44,1,1,14:17:43,36.664,36664
110,21,1,7,14:31:07,40.673,40673
110,52,1,8,14:33:46,41.684,41684
110,14,1,19,14:49:47,33.545,33545
110,30,1,19,14:49:48,36.051,36051
110,31,1,19,14:50:02,38.542,38542
110,22,1,19,14:50:03,36.631,36631
110,4,1,19,14:50:04,39.002,39002
110,17,1,19,14:50:06,41.05,41050
110,18,1,19,14:50:07,41.265,41265
110,15,1,19,14:50:13,56.111,56111
110,23,1,19,14:50:17,36.873,36873
110,35,1,19,14:50:20,45.299,45299
110,4,2,20,14:52:19,36.074,36074
110,8,1,27,15:03:49,38.447,38447
110,43,1,27,15:04:06,41.233,41233
110,17,2,33,15:14:08,36.654,36654
110,43,2,35,15:18:34,45.236,45236
110,4,3,42,15:29:14,24.129,24129
110,43,3,45,15:34:22,37.154,37154
110,23,2,48,15:37:50,35.639,35639
110,14,2,52,15:43:09,35.023,35023
111,44,1,11,14:18:52,26.612,26612
111,2,1,13,14:21:46,25.349,25349
111,43,1,13,14:21:52,24.74,24740
111,4,1,14,14:22:59,26.324,26324
111,17,1,15,14:24:40,24.663,24663
111,15,1,15,14:24:49,26.57,26570
111,23,1,16,14:25:38,25.393,25393
111,18,1,16,14:26:00,27.611,27611
111,22,1,17,14:27:03,25.315,25315
111,31,1,17,14:27:05,29.592,29592
111,30,1,18,14:28:23,24.827,24827
111,35,1,18,14:28:56,28.809,28809
111,21,1,18,14:29:07,37.301,37301
111,49,1,18,14:29:08,26.467,26467
111,42,1,18,14:30:32,28.111,28111
111,17,2,20,14:32:10,14.784,14784
111,50,1,20,14:32:32,27.784,27784
111,14,1,21,14:32:52,25.917,25917
111,51,1,21,14:34:02,35.085,35085
111,8,1,22,14:34:05,25.217,25217
111,52,1,26,14:41:11,26.939,26939
111,44,2,27,14:42:04,24.767,24767
111,43,2,28,14:43:37,24.757,24757
111,31,2,30,14:45:46,27.849,27849
111,2,2,30,14:46:25,24.27,24270
111,23,2,31,14:46:59,24.25,24250
111,17,3,31,14:47:51,26.814,26814
111,31,3,32,14:48:56,24.109,24109
111,22,2,33,14:49:46,25.105,25105
111,30,2,34,14:51:01,24.015,24015
111,18,2,37,14:56:14,28.317,28317
111,21,2,37,14:56:59,28.138,28138
111,4,2,39,14:58:52,26.92,26920
111,42,2,38,14:59:38,41.989,41989
111,49,2,40,15:00:53,32.173,32173
111,15,2,40,15:01:20,26.163,26163
111,44,3,43,15:05:18,24.797,24797
111,8,2,44,15:05:23,27.564,27564
111,14,2,45,15:07:03,23.896,23896
111,2,3,45,15:08:11,24.741,24741
111,43,3,45,15:08:33,24.722,24722
111,17,4,47,15:11:03,24.499,24499
111,23,3,48,15:11:13,23.352,23352
111,52,2,47,15:11:51,25.529,25529
111,30,3,49,15:12:16,23.988,23988
111,31,4,49,15:13:17,23.944,23944
111,22,3,50,15:14:00,30.115,30115
112,52,1,1,14:04:43,32.192,32192
112,49,1,1,14:04:45,32.386,32386
112,14,1,1,14:04:47,33.970,33970
112,2,1,4,14:11:48,30.677,30677
112,18,1,14,14:26:26,28.762,28762
112,50,1,14,14:26:56,31.056,31056
112,44,1,16,14:29:23,32.495,32495
112,51,1,16,14:29:33,33.799,33799
112,4,1,17,14:30:21,29.523,29523
112,43,1,17,14:30:34,29.231,29231
112,23,1,18,14:31:44,31.452,31452
112,17,1,18,14:32:20,33.604,33604
112,18,2,18,14:32:28,54.419,54419
112,30,1,19,14:33:01,29.897,29897
112,31,1,19,14:33:13,31.909,31909
112,22,1,20,14:34:27,29.688,29688
112,21,1,22,14:37:56,46.797,46797
112,52,2,25,14:42:26,32.171,32171
112,50,2,28,14:47:11,31.240,31240
112,43,2,29,14:47:25,29.513,29513
112,49,2,30,14:49:24,30.821,30821
112,2,2,32,14:52:30,29.315,29315
112,30,2,35,14:55:07,28.980,28980
112,22,2,36,14:56:44,28.926,28926
112,4,2,37,14:57:56,28.245,28245
112,51,2,38,15:01:31,33.994,33994
112,23,2,41,15:03:56,31.021,31021
112,44,2,41,15:04:14,31.879,31879
112,31,2,42,15:05:23,30.795,30795
112,52,3,43,15:08:06,37.230,37230
112,17,2,44,15:08:48,31.880,31880
112,18,3,44,15:09:36,31.437,31437
112,2,3,44,15:09:38,29.286,29286
112,50,3,44,15:10:28,1:21.735,81735
112,43,3,48,15:13:49,29.981,29981
112,30,3,49,15:14:29,29.051,29051
112,4,3,50,15:15:54,28.982,28982
112,22,3,50,15:16:10,28.998,28998
112,2,4,53,15:22:44,19.919,19919
113,44,1,2,14:21:38,31.636,31636
113,51,1,3,14:23:40,28.223,28223
113,2,1,13,14:36:13,29.585,29585
113,42,1,14,14:37:30,32.997,32997
113,52,1,14,14:37:36,31.482,31482
113,23,1,15,14:38:48,29.586,29586
113,21,1,15,14:38:50,32.909,32909
113,17,1,15,14:39:02,33.410,33410
113,15,1,17,14:41:36,29.922,29922
113,43,1,18,14:42:51,31.217,31217
113,31,1,20,14:44:37,28.787,28787
113,14,1,20,14:45:12,29.509,29509
113,22,1,21,14:45:52,39.880,39880
113,35,1,22,14:47:20,39.710,39710
113,30,1,23,14:48:02,40.755,40755
113,8,1,23,14:48:11,29.337,29337
113,18,1,23,14:48:24,28.541,28541
113,51,2,24,14:50:16,32.162,32162
113,17,2,30,14:57:36,31.315,31315
113,4,1,37,15:05:25,29.838,29838
113,43,2,37,15:06:06,30.632,30632
113,15,2,38,15:07:17,28.316,28316
113,2,2,39,15:08:27,30.581,30581
113,30,2,42,15:10:44,32.330,32330
113,52,2,42,15:12:06,31.379,31379
113,23,2,43,15:12:33,28.357,28357
113,21,2,45,15:15:47,29.567,29567
113,51,3,45,15:16:20,29.946,29946
113,18,2,47,15:17:13,30.913,30913
113,42,2,47,15:18:06,29.496,29496
113,8,2,49,15:19:06,29.103,29103
113,35,2,49,15:19:59,1:31.533,91533
113,22,2,50,15:20:26,30.925,30925
113,14,2,50,15:21:09,27.516,27516
113,17,3,54,15:26:20,29.357,29357
114,17,1,14,14:23:51,28.775,28775
114,23,1,21,14:32:28,29.12,29120
114,43,1,22,14:34:26,28.82,28820
114,2,1,22,14:34:29,28.302,28302
114,31,1,23,14:34:59,28.512,28512
114,52,1,24,14:37:07,31.621,31621
114,8,1,25,14:37:34,28.97,28970
114,21,1,25,14:38:18,30.685,30685
114,15,1,27,14:40:18,28.359,28359
114,14,1,27,14:40:20,28.878,28878
114,4,1,29,14:42:54,28.684,28684
114,22,1,30,14:44:12,29.762,29762
114,35,1,30,14:44:44,28.197,28197
114,30,1,31,14:45:19,29.321,29321
114,44,1,33,14:49:56,33.741,33741
114,2,2,43,15:02:30,28.681,28681
114,23,2,48,15:07:23,29.032,29032
114,31,2,49,15:08:19,28.692,28692
114,43,2,49,15:09:51,29.002,29002
114,8,2,53,15:13:24,29.138,29138
114,35,2,54,15:16:03,28.464,28464
114,15,2,56,15:17:46,26.942,26942
114,14,2,56,15:17:47,26.87,26870
114,52,2,55,15:18:22,29.217,29217
114,21,2,57,15:20:30,29.077,29077
114,30,2,59,15:21:14,27.462,27462
114,22,2,60,15:22:53,27.739,27739
114,4,2,61,15:24:08,26.117,26117
115,42,1,1,13:05:43,44.208,44208
115,22,1,2,13:06:20,36.600,36600
115,15,1,2,13:07:00,38.598,38598
115,15,2,4,13:11:39,1:00.709,60709
115,50,1,11,13:18:32,33.290,33290
115,51,1,13,13:21:13,33.313,33313
115,35,1,14,13:22:45,39.101,39101
115,44,1,15,13:23:36,31.295,31295
115,43,1,16,13:24:56,30.917,30917
115,2,1,18,13:27:44,31.847,31847
115,31,1,19,13:28:23,32.110,32110
115,17,1,19,13:28:47,33.900,33900
115,23,1,20,13:29:27,31.248,31248
115,30,1,21,13:30:44,32.485,32485
115,18,1,23,13:34:17,34.620,34620
115,14,1,24,13:35:15,31.086,31086
115,4,1,26,13:37:31,31.187,31187
115,42,2,29,13:43:50,31.102,31102
115,8,1,33,13:47:17,36.936,36936
115,22,2,39,13:55:00,33.860,33860
115,50,2,40,13:57:37,33.672,33672
115,44,2,42,13:59:27,31.526,31526
115,51,2,43,14:01:32,33.895,33895
115,43,2,44,14:02:04,30.862,30862
115,31,2,45,14:02:16,31.143,31143
115,23,2,46,14:03:26,30.229,30229
115,2,2,45,14:03:39,30.884,30884
115,17,2,46,14:04:31,31.606,31606
115,30,2,48,14:05:58,31.428,31428
115,18,2,47,14:06:10,31.462,31462
115,42,3,52,14:14:39,31.246,31246
115,4,2,55,14:15:16,28.502,28502
116,17,1,14,14:26:08,34.777,34777
116,49,1,14,14:26:18,32.552,32552
116,35,1,14,14:27:13,38.246,38246
116,15,1,15,14:27:22,32.703,32703
116,18,1,15,14:27:42,33.965,33965
116,44,1,15,14:27:45,34.21,34210
116,50,1,15,14:28:28,36.754,36754
116,8,1,16,14:28:39,33.876,33876
116,30,1,16,14:28:49,32.609,32609
116,43,1,16,14:29:08,33.246,33246
116,42,1,16,14:29:30,35.463,35463
116,51,1,16,14:30:00,35.394,35394
116,22,1,17,14:30:25,33.019,33019
116,31,1,18,14:32:01,32.933,32933
116,4,1,18,14:32:05,32.431,32431
116,14,1,18,14:32:07,33.308,33308
116,2,1,20,14:36:05,32.518,32518
116,23,1,21,14:36:35,32.103,32103
116,43,2,24,14:42:24,39.236,39236
116,52,1,26,14:46:12,32.879,32879
116,21,1,27,14:47:48,31.568,31568
116,49,2,31,14:53:51,30.88,30880
116,30,2,36,15:00:29,34.067,34067
116,44,2,36,15:01:34,33.771,33771
116,22,2,37,15:02:12,33.339,33339
116,51,2,36,15:03:06,34.582,34582
116,18,2,37,15:03:08,35.974,35974
116,2,2,37,15:03:31,32.864,32864
116,4,2,38,15:04:03,32.549,32549
116,17,2,38,15:04:44,33.354,33354
116,50,2,37,15:05:22,34.648,34648
116,31,2,40,15:06:54,32.493,32493
116,23,2,41,15:08:12,33.044,33044
116,42,2,40,15:08:17,33.999,33999
116,14,2,42,15:10:22,33.796,33796
116,52,2,41,15:10:48,33.152,33152
116,35,2,41,15:11:04,33.387,33387
116,43,3,43,15:13:32,32.075,32075
116,42,3,43,15:13:38,22.04,22040
116,21,2,43,15:13:49,33.598,33598
116,49,3,44,15:15:04,30.766,30766
116,21,3,53,15:30:29,40.872,40872
117,50,1,11,14:18:10,21.735,21735
117,42,1,14,14:21:43,22.185,22185
117,14,1,15,14:22:51,19.953,19953
117,52,1,15,14:23:41,23.46,23460
117,8,1,16,14:24:03,20.173,20173
117,15,1,16,14:24:09,20.633,20633
117,17,1,16,14:24:15,21.47,21470
117,44,1,16,14:24:21,21.471,21471
117,49,1,16,14:24:46,21.601,21601
117,31,1,17,14:25:14,23.606,23606
117,30,1,17,14:25:25,20.532,20532
117,4,1,17,14:25:27,21.308,21308
117,18,1,17,14:25:52,25.71,25710
117,23,1,18,14:26:27,19.642,19642
117,35,1,18,14:27:09,22.313,22313
117,43,1,19,14:28:29,22.462,22462
117,2,1,19,14:28:41,21.93,21930
117,22,1,20,14:29:47,22.406,22406
117,21,1,21,14:31:31,22.757,22757
117,51,1,22,14:33:09,25.18,25180
117,50,2,29,14:42:42,22.251,22251
117,42,2,30,14:42:56,23.965,23965
117,8,2,31,14:43:39,20.835,20835
117,17,2,31,14:44:04,20.855,20855
117,14,2,32,14:44:58,19.407,19407
117,49,2,32,14:46:06,22.174,22174
117,31,2,34,14:47:19,20.968,20968
117,15,2,34,14:47:42,19.539,19539
117,44,2,34,14:48:11,20.571,20571
117,23,2,35,14:48:29,20.536,20536
117,30,2,35,14:48:56,20.325,20325
117,4,2,36,14:50:24,20.101,20101
117,35,2,37,14:52:22,20.961,20961
117,52,2,40,14:57:38,24.456,24456
117,2,2,42,14:59:41,23.283,23283
117,51,2,42,15:00:23,23.693,23693
117,42,3,43,15:00:31,22.809,22809
117,22,2,45,15:02:46,22.329,22329
117,43,2,45,15:03:09,21.999,21999
117,8,3,47,15:04:36,21.065,21065
117,14,3,48,15:05:54,33.963,33963
117,52,3,46,15:06:09,27.579,27579
117,17,3,48,15:06:21,23.528,23528
117,49,3,48,15:07:34,25.605,25605
117,31,3,50,15:08:04,21.336,21336
117,50,3,48,15:08:41,22.246,22246
117,23,3,51,15:09:19,20.878,20878
117,30,3,52,15:11:05,20.712,20712
117,44,3,52,15:11:59,20.151,20151
117,35,3,53,15:13:39,21.81,21810
117,50,4,61,15:27:00,36.302,36302
117,50,5,64,15:31:44,37.638,37638
118,43,1,6,13:12:22,31.379,31379
118,14,1,6,13:12:23,52.877,52877
118,44,1,6,13:12:27,42.805,42805
118,52,1,6,13:12:43,33.784,33784
118,42,1,7,13:15:07,36.659,36659
118,15,1,12,13:22:00,32.928,32928
118,22,1,12,13:22:01,36.529,36529
118,8,1,12,13:22:03,33.478,33478
118,23,1,12,13:22:04,33.11,33110
118,30,1,12,13:22:05,45.733,45733
118,31,1,12,13:22:08,41.882,41882
118,4,1,12,13:22:10,40.626,40626
118,17,1,12,13:22:12,34.142,34142
118,35,1,12,13:22:12,35.743,35743
118,2,1,12,13:22:16,35.371,35371
118,18,1,12,13:22:18,43.39,43390
118,21,1,12,13:22:19,34.164,34164
118,49,1,12,13:22:21,46.859,46859
118,51,1,12,13:22:25,35.064,35064
118,50,1,13,13:24:08,33.453,33453
118,23,2,19,13:34:20,31.897,31897
118,2,2,21,13:37:21,33.623,33623
118,42,2,25,13:43:00,33.627,33627
118,14,2,28,13:47:02,32.725,32725
118,51,2,29,13:49:08,48.197,48197
118,43,2,30,13:49:41,31.093,31093
118,17,2,30,13:50:03,32.571,32571
118,44,2,31,13:51:22,31.187,31187
118,8,2,35,13:56:38,34.107,34107
118,52,2,35,13:57:21,35.424,35424
118,2,3,35,13:58:23,31.322,31322
118,15,2,36,13:58:24,33.104,33104
118,50,2,36,13:59:32,35.165,35165
118,31,2,38,14:01:02,33.272,33272
118,4,2,38,14:01:10,49.774,49774
118,21,2,38,14:01:40,34.276,34276
118,22,2,39,14:02:18,32.401,32401
118,23,3,39,14:03:02,33.112,33112
118,49,2,39,14:03:08,32.73,32730
118,30,2,40,14:04:14,32.689,32689
118,35,2,41,14:05:51,32.827,32827
118,18,2,42,14:07:15,32.099,32099
118,43,3,44,14:09:52,31.298,31298
118,44,3,45,14:11:44,31.212,31212
118,14,3,47,14:14:16,30.953,30953
118,17,3,47,14:14:44,31.54,31540
119,50,1,1,14:05:43,30.271,30271
119,35,1,1,14:05:45,33.676,33676
119,51,1,1,14:06:19,5:56.415,356415
119,53,1,2,14:08:02,34.968,34968
119,21,1,11,14:21:40,1:01.702,61702
119,15,1,14,14:24:14,29.747,29747
119,44,1,15,14:26:02,28.497,28497
119,2,1,16,14:27:23,28.230,28230
119,31,1,17,14:27:56,28.601,28601
119,30,1,17,14:28:08,29.034,29034
119,43,1,17,14:28:40,27.286,27286
119,4,1,18,14:29:23,28.882,28882
119,14,1,18,14:29:32,30.919,30919
119,17,1,20,14:32:37,30.071,30071
119,18,1,21,14:33:54,29.942,29942
119,50,2,23,14:37:28,35.088,35088
119,53,2,24,14:39:14,33.423,33423
119,44,2,32,14:48:14,28.359,28359
119,31,2,33,14:48:34,27.638,27638
119,43,2,33,14:49:33,27.794,27794
119,35,2,34,14:51:20,34.429,34429
119,2,2,34,14:51:24,27.825,27825
119,21,2,32,14:51:53,31.712,31712
119,15,2,38,14:55:24,31.207,31207
119,30,2,38,14:55:25,31.961,31961
119,4,2,39,14:56:48,32.113,32113
119,14,2,42,15:00:42,30.241,30241
119,18,2,43,15:03:06,30.179,30179
119,17,2,44,15:04:30,31.296,31296
119,53,3,43,15:05:55,33.318,33318
119,44,3,49,15:10:24,28.438,28438
119,31,3,50,15:10:26,28.146,28146
119,43,3,50,15:11:48,27.350,27350
119,2,3,51,15:14:08,27.491,27491
119,21,3,49,15:15:01,30.935,30935
119,30,3,63,15:28:53,32.746,32746
120,51,1,12,14:20:58,31.841,31841
120,50,1,12,14:21:14,29.952,29952
120,4,1,13,14:21:45,28.714,28714
120,17,1,13,14:22:07,28.98,28980
120,53,1,13,14:23:07,31.671,31671
120,21,1,14,14:23:52,33.078,33078
120,8,1,15,14:24:54,29.182,29182
120,15,1,15,14:25:00,27.472,27472
120,44,1,15,14:25:14,29.823,29823
120,22,1,16,14:26:25,28.472,28472
120,31,1,16,14:26:30,28.598,28598
120,43,1,15,14:26:57,29.232,29232
120,30,1,17,14:27:54,28.944,28944
120,23,1,17,14:27:55,31.232,31232
120,2,1,17,14:27:59,29.044,29044
120,14,1,18,14:29:17,31.536,31536
120,18,1,18,14:29:41,31.145,31145
120,47,1,19,14:31:38,32.68,32680
120,49,1,22,14:35:33,29.497,29497
120,4,2,30,14:45:50,28.564,28564
120,50,2,29,14:46:35,30.253,30253
120,51,2,30,14:47:05,29.171,29171
120,17,2,31,14:47:55,29.351,29351
120,15,2,32,14:49:27,28.343,28343
120,8,2,33,14:50:28,28.913,28913
120,53,2,32,14:52:05,31.051,31051
120,23,2,34,14:52:15,27.49,27490
120,2,2,34,14:52:34,28.186,28186
120,31,2,35,14:53:36,28.187,28187
120,43,2,34,14:54:24,28.238,28238
120,30,2,39,14:59:18,34.054,34054
120,14,2,43,15:04:58,31.537,31537
120,18,2,43,15:05:51,31.996,31996
120,4,3,49,15:12:38,29.454,29454
120,17,3,50,15:14:59,30.306,30306
120,30,3,50,15:15:18,27.894,27894
120,8,3,51,15:15:52,29.725,29725
120,31,3,51,15:16:07,28.549,28549
120,50,3,49,15:16:23,29.332,29332
120,15,3,52,15:18:04,27.855,27855
120,2,3,52,15:18:27,28.499,28499
120,23,3,53,15:19:04,28.706,28706
120,53,3,50,15:19:09,31.849,31849
120,43,3,52,15:20:09,28.153,28153
121,4,1,1,14:05:37,45.153,45153
121,50,1,1,14:06:01,39.636,39636
121,14,1,11,14:19:09,31.145,31145
121,44,1,11,14:19:20,31.058,31058
121,8,1,13,14:21:52,30.863,30863
121,48,1,13,14:21:59,30.633,30633
121,17,1,13,14:22:13,31.177,31177
121,2,1,13,14:22:19,31.739,31739
121,53,1,13,14:22:52,31.855,31855
121,22,1,14,14:23:13,29.735,29735
121,30,1,15,14:24:28,30.032,30032
121,18,1,15,14:24:58,31.383,31383
121,49,1,15,14:25:07,32.081,32081
121,31,1,16,14:25:56,29.599,29599
121,50,2,16,14:28:48,44.353,44353
121,47,1,19,14:31:28,32.069,32069
121,21,1,27,14:42:57,33.551,33551
121,50,3,26,14:44:05,33.812,33812
121,4,2,29,14:45:45,32.48,32480
121,22,2,31,14:47:10,31.342,31342
121,44,2,31,14:48:02,31.585,31585
121,31,2,32,14:48:26,30.136,30136
121,14,2,32,14:48:48,29.967,29967
121,17,2,33,14:51:02,31.173,31173
121,53,2,32,14:51:08,32.566,32566
121,30,2,34,14:51:09,30.679,30679
121,8,2,34,14:51:24,30.9,30900
121,49,2,34,14:52:26,30.873,30873
121,48,2,35,14:53:03,31.255,31255
121,2,2,35,14:54:00,29.333,29333
121,47,2,35,14:55:02,30.961,30961
122,52,1,1,13:05:13,34.5,34500
122,50,1,2,13:06:46,31.839,31839
122,52,2,5,13:11:08,29.128,29128
122,44,1,6,13:11:21,37.576,37576
122,35,1,6,13:11:36,30.564,30564
122,53,1,6,13:11:38,32.332,32332
122,43,1,7,13:12:41,28.99,28990
122,35,2,9,13:16:14,28.513,28513
122,52,3,9,13:16:58,27.823,27823
122,44,2,10,13:17:31,31.067,31067
122,53,2,10,13:17:42,32.123,32123
122,43,2,11,13:18:42,27.282,27282
122,23,1,15,13:22:06,29.792,29792
122,31,1,17,13:24:37,36.522,36522
122,14,1,17,13:24:41,30.949,30949
122,2,1,17,13:24:52,29.648,29648
122,4,1,18,13:25:49,29.107,29107
122,44,3,17,13:26:47,37.304,37304
122,8,1,19,13:26:59,31.477,31477
122,49,1,19,13:27:33,32.4,32400
122,30,1,20,13:28:19,31.126,31126
122,15,1,20,13:28:23,29.274,29274
122,50,2,19,13:30:07,30.861,30861
122,51,1,21,13:30:09,32.807,32807
122,18,1,21,13:30:13,31.455,31455
122,30,2,21,13:30:31,29.106,29106
122,52,4,19,13:30:34,18.23,18230
122,43,3,20,13:30:35,26.682,26682
122,21,1,21,13:30:48,38.382,38382
122,2,2,21,13:30:49,29.213,29213
122,8,2,22,13:31:42,26.871,26871
122,4,2,22,13:31:43,29.077,29077
122,35,3,20,13:31:44,31.535,31535
122,53,3,20,13:32:00,36.955,36955
122,31,2,22,13:32:02,18.086,18086
122,15,2,22,13:32:16,28.682,28682
122,52,5,20,13:33:09,30.666,30666
122,31,3,23,13:34:13,30.088,30088
122,44,4,25,13:38:24,32.031,32031
122,14,2,30,13:45:04,30.345,30345
122,51,2,32,13:46:07,37.005,37005
122,43,4,32,13:47:30,36.234,36234
122,4,3,36,13:51:21,29.281,29281
122,14,3,35,13:53:05,18.441,18441
122,31,4,38,13:55:37,29.023,29023
122,8,3,41,13:57:33,27.879,27879
122,43,5,40,13:59:03,27.174,27174
122,15,3,42,13:59:24,28.17,28170
122,21,2,44,14:01:56,42.71,42710
122,52,6,42,14:03:03,29.651,29651
122,50,3,43,14:03:22,42.418,42418
122,30,3,48,14:06:00,31.332,31332
122,35,4,46,14:06:41,30.057,30057
122,43,6,46,14:07:10,17.981,17981
122,49,2,49,14:07:31,29.359,29359
122,53,4,47,14:08:50,36.589,36589
122,2,3,51,14:10:26,28.409,28409
122,53,5,48,14:10:48,31.187,31187
123,30,1,6,14:43:56,41.4,41400
123,51,1,9,14:48:45,29.081,29081
123,49,1,9,14:49:12,36.905,36905
123,43,1,10,14:50:12,27.991,27991
123,17,1,10,14:50:19,28.377,28377
123,44,1,11,14:51:51,28.836,28836
123,15,1,11,14:51:54,29.224,29224
123,53,1,11,14:52:37,38.377,38377
123,22,1,12,14:53:08,28.552,28552
123,4,1,12,14:53:09,28.64,28640
123,14,1,12,14:53:24,28.157,28157
123,8,1,13,14:54:57,30.416,30416
123,52,1,13,14:55:27,40.333,40333
123,23,1,14,14:56:48,28.666,28666
123,21,1,14,14:57:02,31.141,31141
123,11,1,15,14:58:17,30.197,30197
123,2,1,15,14:58:23,29.56,29560
123,18,1,16,14:59:47,30.374,30374
123,50,1,19,15:06:07,30.858,30858
123,51,2,21,15:08:24,28.366,28366
123,17,2,22,15:09:52,28.998,28998
123,43,2,24,15:12:56,28.294,28294
123,30,2,24,15:13:08,28.286,28286
123,23,2,24,15:13:08,27.517,27517
123,44,2,25,15:14:39,28.613,28613
123,22,2,26,15:15:33,28.59,28590
123,52,2,25,15:15:34,35.895,35895
123,14,2,26,15:15:52,28.537,28537
123,15,2,32,15:25:46,30.476,30476
123,11,2,32,15:25:53,31.563,31563
123,53,2,31,15:26:55,36.367,36367
123,8,2,33,15:27:11,30.23,30230
123,18,2,33,15:27:20,31.624,31624
123,2,2,33,15:27:38,30.119,30119
123,51,3,34,15:29:38,30.688,30688
123,17,3,35,15:31:02,29.867,29867
123,30,3,37,15:34:06,28.786,28786
123,43,3,38,15:35:41,27.874,27874
123,23,3,38,15:35:42,28.522,28522
123,50,2,37,15:36:32,29.803,29803
123,44,3,39,15:37:30,28.125,28125
123,22,3,40,15:38:03,28.425,28425
123,14,3,41,15:39:57,27.104,27104
123,23,4,41,15:41:17,38.255,38255
90,21,1,8,14:15:44,22.147,22147
90,31,1,10,14:18:10,23.044,23044
90,22,1,11,14:19:14,21.737,21737
90,4,1,11,14:19:22,20.294,20294
90,18,1,11,14:19:32,21.787,21787
90,46,1,11,14:20:28,23.909,23909
90,30,1,12,14:20:37,22.930,22930
90,47,1,11,14:21:00,1:09.349,69349
90,15,1,12,14:21:01,22.598,22598
90,23,1,12,14:21:02,20.509,20509
90,11,1,12,14:21:19,21.746,21746
90,43,1,12,14:21:31,34.030,34030
90,17,1,13,14:22:34,23.993,23993
90,14,1,14,14:24:13,24.708,24708
90,13,1,14,14:24:18,24.060,24060
90,2,1,14,14:24:36,21.737,21737
90,44,1,14,14:25:02,23.099,23099
90,32,1,16,14:27:36,28.144,28144
90,45,1,18,14:30:54,23.213,23213
90,4,2,24,14:38:23,21.994,21994
90,43,2,24,14:39:50,21.459,21459
90,18,2,26,14:41:37,23.459,23459
90,31,2,26,14:41:45,22.595,22595
90,46,2,25,14:42:24,25.646,25646
90,17,2,27,14:43:25,21.548,21548
90,11,2,27,14:43:45,26.120,26120
90,23,2,28,14:44:32,22.061,22061
90,15,2,28,14:44:42,22.799,22799
90,22,2,29,14:45:14,20.889,20889
90,2,2,28,14:45:42,21.477,21477
90,21,2,28,14:45:43,22.079,22079
90,30,2,30,14:46:35,20.919,20919
90,14,2,36,14:56:44,23.562,23562
90,13,2,36,14:57:07,24.053,24053
90,46,3,35,14:58:32,17:36.035,1056035
90,32,2,37,14:59:15,26.732,26732
90,45,2,37,14:59:51,24.199,24199
90,44,2,37,15:00:01,22.972,22972
90,4,3,40,15:01:46,22.194,22194
90,15,3,41,15:04:01,20.426,20426
90,18,3,42,15:05:20,22.224,22224
90,43,3,42,15:07:01,21.959,21959
90,22,3,44,15:07:07,20.958,20958
90,31,3,44,15:08:06,24.331,24331
90,30,3,45,15:08:14,21.321,21321
90,2,3,43,15:08:25,1:19.542,79542
90,21,3,44,15:09:28,21.342,21342
90,23,3,45,15:09:29,21.729,21729
90,11,3,45,15:10:23,21.338,21338
91,17,1,5,15:12:38,30.778,30778
91,21,1,8,15:16:57,26.795,26795
91,30,1,9,15:17:56,26.339,26339
91,14,1,9,15:18:16,25.062,25062
91,4,1,9,15:18:17,25.760,25760
91,13,1,9,15:18:21,27.579,27579
91,32,1,9,15:18:35,26.585,26585
91,46,1,9,15:18:57,27.415,27415
91,8,1,10,15:19:43,25.956,25956
91,22,1,10,15:19:44,28.085,28085
91,15,1,10,15:19:47,24.763,24763
91,43,1,10,15:20:12,26.836,26836
91,47,1,10,15:20:45,27.598,27598
91,17,2,10,15:21:14,15.220,15220
91,23,1,11,15:21:30,26.445,26445
91,44,1,11,15:21:51,25.555,25555
91,31,1,12,15:22:52,24.883,24883
91,18,1,12,15:22:56,25.899,25899
91,2,1,12,15:23:27,29.045,29045
91,2,2,13,15:25:40,27.307,27307
91,11,1,14,15:26:39,29.002,29002
91,15,2,20,15:36:10,26.344,26344
91,43,2,20,15:36:57,26.140,26140
91,44,2,21,15:38:33,25.498,25498
91,45,1,22,15:41:02,27.937,27937
91,32,2,23,15:41:45,27.292,27292
91,4,2,24,15:42:49,31.468,31468
91,14,2,24,15:42:51,25.447,25447
91,8,2,25,15:44:10,27.709,27709
91,46,2,24,15:44:44,28.013,28013
91,13,2,25,15:44:48,27.847,27847
91,30,2,26,15:45:30,26.214,26214
91,31,2,26,15:45:39,25.619,25619
91,18,2,26,15:45:47,25.882,25882
91,21,2,26,15:46:37,49.145,49145
91,47,2,26,15:48:33,27.678,27678
91,22,2,28,15:49:03,26.011,26011
91,2,3,27,15:49:17,26.709,26709
91,11,2,35,16:01:03,29.320,29320
91,43,3,36,16:03:23,26.053,26053
91,32,3,36,16:03:29,45.845,45845
91,14,3,38,16:05:41,27.120,27120
91,47,3,36,16:06:19,31.839,31839
91,44,3,38,16:06:35,25.946,25946
91,31,3,39,16:06:44,26.062,26062
91,30,3,40,16:08:14,25.532,25532
91,18,3,40,16:08:32,26.338,26338
91,8,3,40,16:08:38,28.470,28470
91,46,3,38,16:08:48,27.715,27715
91,15,3,40,16:08:48,25.777,25777
91,13,3,40,16:09:40,30.300,30300
91,45,2,39,16:10:00,26.639,26639
91,21,3,41,16:11:57,1:03.895,63895
91,22,3,44,16:15:09,24.921,24921
91,44,4,45,16:18:41,15.893,15893
91,44,5,48,16:23:58,15.372,15372
92,4,1,1,14:35:38,35.766,35766
92,44,1,6,14:43:17,25.888,25888
92,43,1,7,14:44:53,25.483,25483
92,23,1,7,14:45:11,28.602,28602
92,30,1,9,14:47:28,26.629,26629
92,17,1,9,14:47:56,27.336,27336
92,14,1,9,14:47:57,26.476,26476
92,13,1,9,14:48:00,27.416,27416
92,47,1,9,14:48:19,26.632,26632
92,22,1,10,14:49:04,32.668,32668
92,31,1,10,14:49:15,27.921,27921
92,15,1,10,14:49:21,25.386,25386
92,21,1,10,14:49:30,26.866,26866
92,32,1,10,14:49:35,27.086,27086
92,11,1,11,14:50:56,26.619,26619
92,45,1,11,14:51:22,27.648,27648
92,18,1,12,14:52:28,30.593,30593
92,2,1,13,14:54:31,28.982,28982
92,11,2,18,15:02:14,29.505,29505
92,32,2,19,15:04:21,26.876,26876
92,44,2,20,15:05:34,26.312,26312
92,43,2,21,15:07:08,26.027,26027
92,47,2,22,15:09:35,27.771,27771
92,14,2,23,15:09:57,26.425,26425
92,17,2,23,15:10:04,26.852,26852
92,30,2,24,15:10:47,27.443,27443
92,23,2,24,15:11:50,29.726,29726
92,15,2,25,15:12:47,25.803,25803
92,13,2,25,15:13:31,27.293,27293
92,45,2,25,15:13:59,28.4,28400
92,31,2,26,15:14:13,26.753,26753
92,18,2,26,15:14:19,28.672,28672
92,21,2,26,15:14:49,28.788,28788
92,4,2,26,15:14:50,25.234,25234
92,22,2,27,15:15:36,26.482,26482
92,46,1,24,15:17:25,37.593,37593
92,2,2,34,15:28:15,31.937,31937
92,11,3,37,15:31:58,29.039,29039
92,44,3,37,15:32:25,27.505,27505
92,15,3,38,15:33:03,27.047,27047
92,14,3,38,15:33:34,27.879,27879
92,17,3,38,15:33:49,30.821,30821
92,47,3,37,15:34:00,30.153,30153
92,43,3,38,15:34:01,27.544,27544
92,31,3,39,15:34:33,26.175,26175
92,32,3,39,15:36:03,28.669,28669
92,18,3,40,15:36:08,27.31,27310
92,4,3,40,15:36:40,26.329,26329
92,30,3,41,15:37:11,26.862,26862
92,45,3,41,15:39:46,28.002,28002
92,22,3,43,15:40:27,25.977,25977
92,13,3,42,15:40:32,26.263,26263
92,46,2,38,15:40:40,37.611,37611
92,21,3,43,15:41:52,27.444,27444
92,23,3,45,15:44:38,25.424,25424
93,14,1,1,14:05:20,31.224,31224
93,43,1,7,14:13:31,26.714,26714
93,13,1,7,14:13:31,25.142,25142
93,31,1,8,14:14:41,24.127,24127
93,17,1,8,14:14:51,25.885,25885
93,18,1,9,14:15:54,26.571,26571
93,23,1,9,14:16:11,24.36,24360
93,44,1,9,14:16:23,24.586,24586
93,32,1,9,14:16:35,28.386,28386
93,22,1,10,14:17:34,24.23,24230
93,11,1,10,14:17:34,26.016,26016
93,30,1,11,14:18:35,24.371,24371
93,4,1,11,14:18:57,25.084,25084
93,15,1,12,14:20:19,24.76,24760
93,46,1,12,14:21:19,26.8,26800
93,2,1,14,14:23:35,24.947,24947
93,47,1,14,14:24:15,24.868,24868
93,14,2,19,14:31:10,25.734,25734
93,21,1,20,14:31:57,25.982,25982
93,8,1,21,14:33:21,26.18,26180
93,43,2,23,14:36:25,24.022,24022
93,13,2,24,14:37:41,24.578,24578
93,17,2,24,14:37:47,25.698,25698
93,31,2,25,14:38:30,24.946,24946
93,18,2,26,14:39:38,25.118,25118
93,32,2,25,14:39:43,26.058,26058
93,44,2,26,14:40:36,23.538,23538
93,30,2,27,14:40:41,24.402,24402
93,23,2,28,14:42:50,24.118,24118
93,22,2,28,14:42:50,23.933,23933
93,4,2,30,14:45:37,23.617,23617
93,47,2,29,14:46:46,35.378,35378
93,15,2,31,14:46:56,23.685,23685
93,43,3,32,14:49:24,14.38,14380
93,2,2,32,14:49:31,24.042,24042
93,13,3,38,14:57:30,26.931,26931
93,21,2,39,14:58:49,26.222,26222
93,14,3,40,15:00:48,27.053,27053
93,8,2,41,15:01:30,26.692,26692
93,17,3,41,15:02:07,30.939,30939
93,44,3,42,15:03:27,24.99,24990
93,31,3,43,15:03:39,25.137,25137
93,22,3,43,15:03:53,24.872,24872
93,32,3,42,15:04:15,25.27,25270
93,18,3,44,15:04:42,24.993,24993
93,23,3,44,15:05:12,23.728,23728
93,30,3,46,15:07:01,23.946,23946
93,15,3,46,15:08:00,23.019,23019
93,47,3,44,15:09:19,25.062,25062
93,4,3,48,15:10:45,22.619,22619
93,2,3,47,15:11:04,25.056,25056
94,46,1,4,14:09:01,25.024,25024
94,4,1,8,14:13:59,21.427,21427
94,44,1,8,14:14:06,22.322,22322
94,15,1,9,14:15:09,20.997,20997
94,31,1,9,14:15:17,22.742,22742
94,8,1,9,14:15:30,23.659,23659
94,17,1,9,14:15:31,29.193,29193
94,43,1,9,14:15:35,28.75,28750
94,2,1,9,14:15:44,22.122,22122
94,30,1,10,14:16:26,22.068,22068
94,14,1,10,14:16:47,25.497,25497
94,23,1,10,14:16:49,21.879,21879
94,18,1,10,14:16:51,24.792,24792
94,45,1,10,14:17:03,23.013,23013
94,11,1,11,14:17:52,23.555,23555
94,47,1,12,14:20:22,23.934,23934
94,32,1,16,14:25:11,23.237,23237
94,22,1,17,14:25:42,24.755,24755
94,21,1,17,14:26:07,24.624,24624
94,13,1,18,14:27:43,24.687,24687
94,15,2,23,14:33:50,21.9,21900
94,2,2,23,14:34:54,23.017,23017
94,30,2,25,14:36:18,23.141,23141
94,4,2,25,14:36:47,21.816,21816
94,23,2,25,14:37:01,25.277,25277
94,46,2,24,14:37:33,25.974,25974
94,45,2,25,14:37:52,23.84,23840
94,11,2,26,14:38:04,23.597,23597
94,31,2,26,14:38:13,22.687,22687
94,44,2,26,14:38:38,24.003,24003
94,17,2,26,14:38:42,24.781,24781
94,14,2,27,14:40:00,24.063,24063
94,43,2,27,14:40:10,23.026,23026
94,18,2,28,14:41:19,22.781,22781
94,8,2,29,14:42:38,24.37,24370
94,44,3,29,14:43:00,12.377,12377
94,32,2,32,14:47:00,22.991,22991
94,21,2,40,14:57:08,25.879,25879
94,15,3,41,14:57:53,24.338,24338
94,13,2,41,14:58:48,24.98,24980
94,4,3,42,14:59:24,23.465,23465
94,22,2,43,15:00:20,27.18,27180
94,31,3,43,15:01:05,24.378,24378
94,14,3,43,15:01:36,25.112,25112
94,18,3,44,15:02:43,24.109,24109
94,30,3,45,15:02:50,23.87,23870
94,11,3,45,15:03:23,24.238,24238
94,23,3,45,15:03:50,24.049,24049
94,45,3,44,15:04:12,26.622,26622
94,8,3,46,15:05:35,31.696,31696
94,43,3,46,15:05:58,22.699,22699
94,17,3,50,15:11:15,22.028,22028
95,23,1,3,14:16:44,36.61,36610
95,2,1,4,14:18:33,26.328,26328
95,31,1,13,14:33:20,27.591,27591
95,18,1,18,14:39:35,26.169,26169
95,8,1,19,14:40:55,27.122,27122
95,22,1,20,14:42:22,26.511,26511
95,13,1,21,14:44:01,25.615,25615
95,43,1,23,14:46:17,25.943,25943
95,47,1,22,14:46:48,26.394,26394
95,15,1,24,14:47:03,25.622,25622
95,44,1,24,14:48:21,27.335,27335
95,4,1,25,14:48:22,25.287,25287
95,30,1,26,14:49:40,26.936,26936
95,2,2,31,14:57:40,26.549,26549
95,23,2,37,15:05:53,27.958,27958
95,18,2,42,15:10:26,26.992,26992
95,13,2,41,15:10:45,26.35,26350
95,47,2,39,15:11:21,27.023,27023
95,43,2,42,15:11:22,47.844,47844
95,2,3,41,15:11:23,24.478,24478
95,31,2,42,15:11:28,26.146,26146
95,15,2,43,15:11:32,24.131,24131
95,43,3,52,15:27:30,14.836,14836
95,22,2,55,15:30:11,23.856,23856
95,44,2,55,15:32:56,25.026,25026
96,31,1,1,14:05:17,30.703,30703
96,30,1,8,14:15:35,25.178,25178
96,8,1,9,14:17:27,24.216,24216
96,15,1,9,14:17:30,24.075,24075
96,4,1,10,14:18:59,24.342,24342
96,44,1,10,14:19:13,24.548,24548
96,11,1,12,14:21:59,22.866,22866
96,45,1,12,14:22:29,25.153,25153
96,46,1,12,14:22:59,24.946,24946
96,2,1,14,14:25:34,24.664,24664
96,47,1,14,14:26:16,25.078,25078
96,22,1,15,14:26:32,26.067,26067
96,32,1,16,14:28:40,25.342,25342
96,17,1,18,14:31:44,25.771,25771
96,13,1,18,14:31:55,26.318,26318
96,14,1,20,14:34:47,24.89,24890
96,31,2,22,14:38:17,24.5,24500
96,44,2,23,14:39:50,24.082,24082
96,21,1,24,14:40:59,26.917,26917
96,45,2,25,14:43:16,24.338,24338
96,11,2,26,14:43:31,24.575,24575
96,30,2,28,14:46:19,24.87,24870
96,15,2,28,14:47:06,23.403,23403
96,46,2,27,14:47:44,24.593,24593
96,4,2,30,14:50:13,22.962,22962
96,2,2,30,14:50:53,24.345,24345
96,47,2,29,14:51:28,24.525,24525
96,32,2,36,15:00:41,26.506,26506
96,22,2,38,15:02:04,26.588,26588
96,17,2,38,15:02:59,26.729,26729
96,13,2,40,15:06:42,26.826,26826
96,31,3,41,15:07:57,25.463,25463
96,4,3,42,15:08:57,22.888,22888
96,44,3,42,15:10:08,24.818,24818
96,30,3,44,15:11:00,24.945,24945
96,11,3,44,15:11:19,23.722,23722
96,45,3,43,15:11:52,33.629,33629
96,15,3,44,15:11:54,23.935,23935
96,21,2,44,15:12:11,25.035,25035
96,46,3,42,15:12:23,24.914,24914
96,11,4,46,15:14:56,30.972,30972
96,47,3,44,15:16:00,24.332,24332
96,2,3,47,15:17:49,27.798,27798
96,45,4,48,15:20:21,13.885,13885
97,17,1,1,12:35:44,40.494,40494
97,14,1,11,12:47:45,25.908,25908
97,8,1,12,12:48:41,25.373,25373
97,18,1,13,12:49:48,24.416,24416
97,31,1,13,12:49:51,26.203,26203
97,23,1,15,12:52:13,25.521,25521
97,4,1,17,12:54:48,34.123,34123
97,43,1,17,12:55:09,27.528,27528
97,10,1,17,12:55:34,28.974,28974
97,32,1,17,12:55:44,28.054,28054
97,22,1,18,12:56:04,26.946,26946
97,47,1,17,12:56:14,27.948,27948
97,30,1,19,12:57:16,28.169,28169
97,32,2,18,12:57:24,31.728,31728
97,8,2,19,12:57:53,14.730,14730
97,2,1,20,12:59:12,1:12.616,72616
97,32,3,20,13:00:24,30.627,30627
97,44,1,21,13:00:25,26.539,26539
97,46,1,22,13:02:46,35.933,35933
97,11,1,23,13:03:13,25.696,25696
97,21,1,25,13:05:32,27.392,27392
97,13,1,26,13:06:59,47.746,47746
97,13,2,28,13:10:19,26.307,26307
97,31,2,30,13:11:28,25.063,25063
97,8,3,30,13:11:54,24.878,24878
97,18,2,31,13:12:35,26.553,26553
97,14,2,32,13:14:53,25.830,25830
97,23,2,33,13:15:00,23.941,23941
97,2,2,40,13:25:57,30.106,30106
97,11,2,42,13:27:44,28.044,28044
97,22,2,44,13:28:56,27.537,27537
97,44,2,43,13:28:59,28.560,28560
97,10,2,43,13:29:30,28.336,28336
97,43,2,44,13:30:00,27.832,27832
97,47,2,42,13:30:32,28.544,28544
97,8,4,45,13:31:03,28.691,28691
97,30,2,47,13:32:37,26.565,26565
97,23,3,48,13:33:58,27.042,27042
97,18,3,49,13:35:31,24.904,24904
97,31,3,49,13:35:31,26.872,26872
97,21,2,49,13:36:19,25.882,25882
97,32,4,49,13:38:37,27.273,27273
97,14,3,53,13:42:00,25.388,25388
97,13,3,55,13:45:26,27.381,27381
97,8,5,60,13:50:39,28.682,28682
98,43,1,1,12:05:04,58.014,58014
98,43,2,3,12:09:16,33.81,33810
98,47,1,10,12:19:28,24.439,24439
98,30,1,11,12:20:07,23.774,23774
98,22,1,11,12:20:18,28.859,28859
98,8,1,11,12:20:21,23.908,23908
98,44,1,11,12:20:26,26.587,26587
98,15,1,11,12:20:28,23.961,23961
98,14,1,11,12:20:30,33.681,33681
98,2,1,11,12:20:33,23.71,23710
98,21,1,11,12:20:35,23.729,23729
98,17,1,17,12:34:32,29.462,29462
98,18,1,24,12:44:32,24.755,24755
98,11,1,25,12:45:44,23.337,23337
98,8,2,29,12:50:42,22.969,22969
98,8,3,34,12:57:14,31.193,31193
98,31,1,35,12:57:47,24.375,24375
98,47,2,37,13:01:21,23.294,23294
98,2,2,38,13:02:05,27.866,27866
98,30,2,42,13:05:56,26.625,26625
98,11,2,45,13:10:03,25.241,25241
98,15,2,46,13:11:08,22.855,22855
98,44,2,47,13:12:31,23.893,23893
98,14,2,47,13:12:58,24.775,24775
98,21,2,48,13:14:56,26.516,26516
98,22,2,50,13:15:39,23.856,23856
98,17,2,51,13:17:48,23.494,23494
98,14,3,54,13:22:09,26.015,26015
98,47,3,55,13:24:28,24.834,24834
98,31,2,57,13:24:34,23.068,23068
99,30,1,11,14:17:10,20.443,20443
99,8,1,11,14:17:23,20.516,20516
99,48,1,11,14:17:31,22.405,22405
99,43,1,11,14:17:33,21.341,21341
99,47,1,11,14:18:11,21.728,21728
99,14,1,12,14:18:35,21.175,21175
99,22,1,12,14:18:40,20.675,20675
99,15,1,13,14:19:49,20.891,20891
99,31,1,13,14:19:56,20.964,20964
99,45,1,13,14:20:29,23.123,23123
99,44,1,13,14:20:31,24.668,24668
99,46,1,13,14:20:51,21.956,21956
99,4,1,14,14:20:58,21.305,21305
99,18,1,14,14:21:07,21.313,21313
99,11,1,15,14:22:35,20.746,20746
99,17,1,15,14:22:37,21.049,21049
99,32,1,16,14:24:02,21.121,21121
99,2,1,18,14:27:06,21.23,21230
99,21,1,20,14:29:27,20.593,20593
99,13,1,21,14:30:43,23.124,23124
99,8,2,28,14:39:35,21.838,21838
99,30,2,29,14:40:29,19.425,19425
99,14,2,29,14:40:43,22.15,22150
99,18,2,30,14:41:57,20.958,20958
99,43,2,30,14:42:45,20.463,20463
99,15,2,31,14:43:13,19.951,19951
99,22,2,31,14:43:16,20.279,20279
99,31,2,31,14:43:34,21.458,21458
99,47,2,30,14:44:16,25.702,25702
99,4,2,32,14:44:18,19.791,19791
99,45,2,31,14:44:50,22.546,22546
99,44,2,32,14:45:45,21.806,21806
99,17,2,33,14:46:09,20.643,20643
99,48,2,33,14:46:14,21.27,21270
99,46,2,32,14:46:58,21.656,21656
99,32,2,35,14:48:56,21.747,21747
99,2,2,35,14:49:57,11.042,11042
99,2,3,36,14:51:26,21.622,21622
99,21,2,37,14:51:53,21.063,21063
99,30,3,42,14:57:11,19.641,19641
99,4,3,46,15:02:23,22.102,22102
99,13,2,45,15:02:30,22.805,22805
99,8,3,47,15:04:10,22.382,22382
99,43,3,47,15:05:16,20.897,20897
99,14,3,48,15:05:27,21.514,21514
99,15,3,49,15:06:36,20.667,20667
99,45,3,48,15:07:42,22.691,22691
99,31,3,50,15:08:11,21.498,21498
99,22,3,51,15:09:11,20.529,20529
99,17,3,51,15:09:34,20.891,20891
99,2,4,50,15:10:18,21.661,21661
99,18,3,52,15:10:26,21.861,21861
99,44,3,51,15:11:03,25.822,25822
99,21,3,52,15:11:38,20.392,20392
99,46,3,50,15:11:44,21.334,21334
99,32,3,53,15:12:33,21.263,21263
99,45,4,52,15:13:27,11.084,11084
99,48,3,54,15:13:33,20.517,20517
99,30,4,58,15:17:42,19.036,19036
100,4,1,8,13:14:26,22.597,22597
100,22,1,9,13:15:25,23.380,23380
100,48,1,9,13:15:47,22.260,22260
100,14,1,10,13:17:00,23.634,23634
100,8,1,11,13:18:02,22.474,22474
100,18,1,11,13:18:07,21.972,21972
100,31,1,11,13:18:22,22.191,22191
100,46,1,11,13:19:13,23.853,23853
100,15,1,13,13:21:04,22.512,22512
100,47,1,13,13:22:04,23.221,23221
100,45,1,14,13:22:53,25.495,25495
100,30,1,15,13:23:24,24.277,24277
100,11,1,15,13:23:57,23.314,23314
100,43,1,15,13:24:01,24.836,24836
100,32,1,15,13:24:02,24.540,24540
100,17,1,16,13:25:14,24.183,24183
100,13,1,16,13:25:16,24.940,24940
100,44,1,16,13:26:01,25.011,25011
100,2,1,18,13:28:23,23.686,23686
100,21,1,23,13:34:45,23.599,23599
100,4,2,25,13:37:58,21.228,21228
100,48,2,25,13:38:00,22.243,22243
100,46,2,25,13:39:48,12.429,12429
100,18,2,27,13:40:03,21.968,21968
100,8,2,28,13:41:19,21.710,21710
100,22,2,28,13:41:24,21.489,21489
100,47,2,27,13:42:35,23.075,23075
100,31,2,29,13:42:59,21.908,21908
100,14,2,30,13:44:26,22.410,22410
100,46,3,29,13:45:44,1:11.727,71727
100,15,2,32,13:47:26,20.997,20997
100,11,2,35,13:51:40,25.357,25357
100,30,2,37,13:53:18,24.692,24692
100,32,2,36,13:53:21,24.542,24542
100,45,2,36,13:54:08,25.120,25120
100,17,2,37,13:54:14,24.664,24664
100,43,2,37,13:54:37,25.025,25025
100,2,2,37,13:55:03,25.601,25601
100,13,2,38,13:55:35,26.633,26633
100,8,3,41,13:59:09,23.013,23013
100,22,3,41,13:59:10,22.884,22884
100,18,3,41,13:59:19,23.724,23724
100,21,2,41,13:59:30,26.554,26554
100,31,3,41,13:59:34,22.754,22754
100,14,3,41,13:59:50,22.130,22130
100,46,4,38,13:59:52,24.024,24024
100,4,3,41,14:00:02,21.604,21604
100,48,3,41,14:00:19,24.352,24352
101,22,1,1,14:12:27,25.075,25075
101,4,1,9,14:22:13,21.514,21514
101,42,1,9,14:22:24,21.090,21090
101,30,1,10,14:23:20,23.811,23811
101,15,1,10,14:23:29,21.552,21552
101,14,1,10,14:23:31,21.693,21693
101,11,1,10,14:23:40,21.676,21676
101,43,1,10,14:23:48,20.981,20981
101,8,1,11,14:24:37,23.225,23225
101,31,1,11,14:24:47,21.886,21886
101,44,1,11,14:25:13,21.985,21985
101,17,1,12,14:26:08,21.433,21433
101,45,1,12,14:27:09,23.490,23490
101,32,1,13,14:27:34,22.013,22013
101,18,1,14,14:28:38,21.768,21768
101,47,1,15,14:31:00,23.690,23690
101,46,1,16,14:32:39,1:14.061,74061
101,2,1,18,14:34:24,23.180,23180
101,21,1,21,14:37:57,22.658,22658
101,43,2,22,14:39:27,21.655,21655
101,13,1,23,14:40:33,23.278,23278
101,22,2,23,14:40:39,22.751,22751
101,31,2,27,14:45:23,21.335,21335
101,11,2,27,14:45:35,22.077,22077
101,30,2,28,14:46:13,22.015,22015
101,14,2,28,14:46:32,21.429,21429
101,15,2,28,14:46:58,28.281,28281
101,42,2,28,14:46:59,21.558,21558
101,4,2,29,14:47:44,20.585,20585
101,17,2,29,14:48:08,20.860,20860
101,44,2,29,14:48:23,21.623,21623
101,45,2,29,14:49:24,23.462,23462
101,32,2,31,14:50:47,21.456,21456
101,47,2,30,14:51:24,22.814,22814
101,18,2,34,14:54:01,20.490,20490
101,46,2,32,14:55:19,23.250,23250
101,2,2,38,15:00:51,25.110,25110
101,2,3,39,15:02:37,24.164,24164
101,21,2,44,15:07:30,22.989,22989
101,17,3,45,15:08:36,22.563,22563
101,15,3,45,15:09:01,21.286,21286
101,13,2,45,15:09:13,22.074,22074
101,42,3,46,15:10:01,22.636,22636
101,22,3,46,15:10:06,22.176,22176
101,30,3,47,15:10:24,23.665,23665
101,4,3,47,15:10:37,21.197,21197
101,14,3,47,15:10:45,22.529,22529
101,45,3,46,15:11:44,32.268,32268
101,31,3,48,15:12:14,21.813,21813
101,11,3,48,15:12:25,22.219,22219
101,32,3,48,15:12:43,21.958,21958
101,44,3,48,15:13:03,22.348,22348
101,47,3,46,15:13:12,23.261,23261
101,18,3,50,15:14:25,20.821,20821
101,46,3,49,15:18:23,25.066,25066
101,44,4,57,15:24:56,19.895,19895
101,45,4,60,15:30:41,22.790,22790
102,4,1,10,14:16:40,21.033,21033
102,21,1,10,14:16:55,21.677,21677
102,22,1,11,14:17:52,21.33,21330
102,31,1,11,14:18:06,21.858,21858
102,18,1,11,14:18:07,21.464,21464
102,15,1,11,14:18:09,21.008,21008
102,14,1,11,14:18:24,21.813,21813
102,41,1,11,14:18:41,21.944,21944
102,30,1,12,14:19:07,20.989,20989
102,11,1,12,14:19:35,21.251,21251
102,8,1,12,14:19:59,24.834,24834
102,13,1,12,14:20:00,21.909,21909
102,44,1,12,14:20:00,21.602,21602
102,46,1,12,14:20:32,22.695,22695
102,45,1,13,14:21:28,22.466,22466
102,42,1,14,14:22:24,21.211,21211
102,2,1,14,14:22:42,22.916,22916
102,32,1,15,14:24:14,24.14,24140
102,17,1,16,14:25:18,22.26,22260
102,47,1,16,14:26:28,22.166,22166
102,13,2,18,14:28:40,41.537,41537
102,41,2,24,14:37:13,21.652,21652
102,11,2,28,14:41:50,20.605,20605
102,4,2,29,14:42:45,21.826,21826
102,2,2,29,14:44:00,28.684,28684
102,31,2,30,14:44:24,21.501,21501
102,18,2,30,14:44:30,21.044,21044
102,21,2,30,14:44:49,22.478,22478
102,22,2,31,14:45:05,21.701,21701
102,15,2,31,14:45:55,21.724,21724
102,30,2,32,14:46:16,21.805,21805
102,17,2,31,14:46:41,21.242,21242
102,44,2,31,14:46:44,23.675,23675
102,14,2,32,14:47:43,21.712,21712
102,46,2,31,14:48:31,22.551,22551
102,45,2,32,14:48:35,22.116,22116
102,42,2,33,14:48:40,20.623,20623
102,32,2,33,14:49:58,21.774,21774
102,47,2,33,14:51:39,30.54,30540
102,15,3,41,15:00:12,20.694,20694
102,17,3,46,15:07:29,22.495,22495
102,11,3,47,15:08:06,22.545,22545
102,18,3,49,15:10:38,23.149,23149
102,22,3,50,15:11:08,21.365,21365
102,45,3,48,15:11:24,23.476,23476
102,42,3,50,15:12:11,24.191,24191
102,30,3,51,15:12:12,21.983,21983
102,2,3,49,15:12:22,21.868,21868
102,32,3,49,15:12:39,22.927,22927
102,4,3,51,15:13:01,21.373,21373
102,46,3,48,15:13:26,22.514,22514
102,21,3,51,15:14:03,21.532,21532
102,44,3,51,15:14:35,21.061,21061
102,31,3,52,15:14:37,21.809,21809
102,14,3,52,15:15:27,21.263,21263
102,47,3,50,15:17:00,22.147,22147
103,18,1,1,14:06:47,35.343,35343
103,13,1,1,14:06:48,37.441,37441
103,47,1,1,14:06:53,35.584,35584
103,22,1,1,14:07:05,33.423,33423
103,2,1,1,14:07:06,36.952,36952
103,44,1,1,14:07:06,33.287,33287
103,13,2,2,14:10:20,1:57.323,117323
103,22,2,2,14:10:22,2:46.531,166531
103,32,1,9,14:25:35,32.402,32402
103,15,1,10,14:27:05,33.009,33009
103,14,1,12,14:32:06,35.212,35212
103,8,1,13,14:32:28,34.302,34302
103,21,1,14,14:34:34,33.885,33885
103,31,1,15,14:36:17,32.868,32868
103,30,1,16,14:38:05,32.971,32971
103,41,1,16,14:38:28,32.556,32556
103,47,2,16,14:39:11,34.325,34325
103,2,2,16,14:39:22,37.085,37085
103,42,1,17,14:40:00,33.627,33627
103,2,3,18,14:43:37,31.609,31609
103,13,3,19,14:43:56,32.630,32630
103,44,2,19,14:44:06,32.769,32769
103,32,2,20,14:45:58,32.557,32557
103,18,2,21,14:47:19,32.701,32701
103,15,2,22,14:49:47,34.734,34734
103,22,3,23,14:51:16,36.181,36181
103,21,2,26,14:56:46,38.562,38562
103,8,2,29,15:01:26,34.458,34458
103,31,2,29,15:01:56,33.713,33713
103,32,3,29,15:02:39,32.696,32696
103,14,2,29,15:03:08,33.816,33816
103,30,2,30,15:03:23,32.582,32582
103,42,2,30,15:03:42,32.495,32495
103,41,2,30,15:04:10,32.373,32373
103,13,4,30,15:04:13,32.002,32002
103,44,3,30,15:04:23,32.541,32541
103,2,4,29,15:04:42,32.296,32296
103,2,5,35,15:20:29,4:46.457,286457
103,14,3,39,15:26:11,41.524,41524
104,22,1,5,14:11:31,25.981,25981
104,13,1,5,14:11:46,26.189,26189
104,46,1,7,14:15:07,27.482,27482
104,13,2,8,14:16:44,29.248,29248
104,4,1,10,14:18:30,27.64,27640
104,32,1,11,14:20:17,27.702,27702
104,17,1,12,14:21:43,27.759,27759
104,15,1,12,14:21:49,28.086,28086
104,31,1,13,14:22:45,29.404,29404
104,11,1,13,14:22:55,27.128,27128
104,41,1,13,14:23:23,26.819,26819
104,47,1,13,14:24:00,31.905,31905
104,18,1,14,14:24:07,27.969,27969
104,45,1,14,14:24:55,27.504,27504
104,30,1,15,14:26:00,27.759,27759
104,42,1,16,14:27:28,27.067,27067
104,21,1,19,14:31:42,26.766,26766
104,2,1,24,14:39:24,31.386,31386
104,14,1,26,14:41:35,30.209,30209
104,22,2,29,14:45:34,24.557,24557
104,32,2,31,14:49:06,28.061,28061
104,17,2,32,14:50:20,27.063,27063
104,4,2,33,14:51:04,26.78,26780
104,31,2,33,14:51:05,28.39,28390
104,11,2,33,14:51:09,28.675,28675
104,41,2,33,14:52:07,27.642,27642
104,13,3,33,14:52:21,27.25,27250
104,47,2,32,14:52:22,29.488,29488
104,18,2,34,14:52:26,27.507,27507
104,45,2,33,14:52:29,28.188,28188
104,15,2,34,14:53:19,26.415,26415
104,42,2,35,14:54:19,27.688,27688
104,30,2,36,14:55:24,25.766,25766
104,32,3,36,14:56:39,15.321,15321
104,21,2,37,14:57:15,26.229,26229
104,22,3,42,15:03:40,23.487,23487
105,13,1,10,14:19:57,25.026,25026
105,44,1,10,14:20:10,24.158,24158
105,46,1,10,14:21:25,28.603,28603
105,21,1,11,14:21:25,25.455,25455
105,14,1,11,14:21:27,24.922,24922
105,41,1,11,14:21:30,23.534,23534
105,22,1,12,14:22:42,25.155,25155
105,8,1,12,14:22:43,25.623,25623
105,47,1,12,14:23:55,26.193,26193
105,4,1,13,14:24:25,26.392,26392
105,18,1,14,14:25:53,27.977,27977
105,35,1,14,14:26:24,26.167,26167
105,23,1,15,14:27:42,26.992,26992
105,17,1,15,14:27:59,26.816,26816
105,10,1,15,14:28:18,27.176,27176
105,31,1,16,14:29:34,27.646,27646
105,2,1,17,14:31:20,26.4,26400
105,11,1,18,14:32:44,26.953,26953
105,30,1,20,14:36:07,26.436,26436
105,44,2,23,14:41:30,23.868,23868
105,47,2,23,14:43:00,25.898,25898
105,41,2,25,14:44:09,24.065,24065
105,13,2,26,14:45:46,25.687,25687
105,46,2,25,14:46:42,26.035,26035
105,8,2,27,14:46:43,23.555,23555
105,21,2,27,14:47:13,25.379,25379
105,14,2,28,14:48:48,24.207,24207
105,22,2,29,14:49:47,23.665,23665
105,4,2,33,14:56:32,27.367,27367
105,10,2,33,14:57:47,28.73,28730
105,23,2,34,14:58:08,28.189,28189
105,35,2,34,14:58:49,26.871,26871
105,18,2,35,14:59:23,28.313,28313
105,17,2,35,15:00:22,27.558,27558
105,30,2,35,15:00:49,27.561,27561
105,8,3,36,15:01:08,26.787,26787
105,2,2,36,15:02:21,27.909,27909
105,11,2,38,15:04:46,26.337,26337
105,31,2,38,15:04:48,27.286,27286
105,14,3,38,15:05:11,27.64,27640
105,44,3,39,15:07:28,24.627,24627
105,47,3,38,15:08:40,33.02,33020
105,22,3,42,15:10:26,23.667,23667
105,21,3,42,15:11:16,25.048,25048
105,13,3,44,15:14:40,24.752,24752
105,30,3,47,15:20:09,24.593,24593
106,23,1,9,14:47:46,22.176,22176
106,44,1,9,14:48:17,21.173,21173
106,17,1,11,14:51:17,24.489,24489
106,31,1,11,14:51:25,21.093,21093
106,13,1,11,14:51:27,21.93,21930
106,10,1,11,14:51:38,23.733,23733
106,46,1,11,14:52:06,23.055,23055
106,11,1,12,14:52:39,21.73,21730
106,15,1,12,14:52:51,21.394,21394
106,21,1,12,14:52:52,22.266,22266
106,22,1,12,14:53:00,21.865,21865
106,2,1,12,14:53:07,22.311,22311
106,30,1,13,14:53:53,21.649,21649
106,4,1,14,14:56:01,23.299,23299
106,8,1,14,14:56:14,25.033,25033
106,18,1,15,14:57:26,23.595,23595
106,14,1,15,14:57:34,22.275,22275
106,35,1,15,14:57:49,23.891,23891
106,47,1,15,14:59:00,22.85,22850
106,32,1,16,14:59:35,23.909,23909
106,17,2,18,15:03:15,38.215,38215
106,44,2,20,15:06:28,21.61,21610
106,23,2,24,15:11:47,21.546,21546
106,10,2,24,15:13:28,26.49,26490
106,15,2,25,15:14:06,21.018,21018
106,30,2,26,15:14:33,21.782,21782
106,11,2,26,15:15:09,21.956,21956
106,13,2,26,15:15:48,23.004,23004
106,2,2,26,15:16:00,21.73,21730
106,46,2,25,15:16:02,24.21,24210
106,21,2,27,15:17:14,22.243,22243
106,22,2,28,15:18:39,21.475,21475
106,31,2,28,15:18:49,20.816,20816
106,47,2,27,15:19:36,28.295,28295
106,14,2,32,15:24:44,24.192,24192
106,4,2,33,15:26:28,23.737,23737
106,32,2,33,15:27:21,23.989,23989
106,35,2,34,15:28:37,23.008,23008
106,18,2,35,15:29:24,23.374,23374
106,44,3,35,15:31:29,21.727,21727
106,8,2,36,15:31:32,22.915,22915
106,13,3,38,15:35:15,21.47,21470
106,30,3,39,15:35:17,22.233,22233
106,15,3,38,15:35:19,21.825,21825
106,23,3,39,15:35:43,21.553,21553
106,10,3,38,15:37:00,22.758,22758
106,2,3,39,15:37:18,27.588,27588
106,46,3,38,15:38:18,22.18,22180
106,11,3,41,15:39:09,21.496,21496
106,31,3,41,15:39:38,22.248,22248
106,21,3,41,15:39:43,21.594,21594
106,47,3,40,15:42:04,22.084,22084
107,23,1,4,14:08:51,25.234,25234
107,31,1,5,14:10:08,24.115,24115
107,8,1,5,14:10:08,24.378,24378
107,11,1,5,14:10:12,23.712,23712
107,15,1,5,14:10:14,24.767,24767
107,30,1,5,14:10:25,23.943,23943
107,22,1,6,14:11:30,23.354,23354
107,32,1,6,14:11:40,26.627,26627
107,17,1,6,14:11:42,35.387,35387
107,41,1,6,14:11:44,24.222,24222
107,10,1,6,14:11:54,26.044,26044
107,47,1,6,14:12:12,30.82,30820
107,13,1,7,14:12:52,25.664,25664
107,2,1,8,14:14:30,25.059,25059
107,21,1,8,14:14:31,24.155,24155
107,46,1,8,14:14:54,25.338,25338
107,14,1,14,14:22:00,25.927,25927
107,4,1,18,14:26:23,26.452,26452
107,35,1,20,14:29:17,26.289,26289
107,41,2,23,14:33:15,24.424,24424
107,32,2,24,14:34:42,34.72,34720
107,47,2,24,14:35:37,27.032,27032
107,23,2,26,14:36:16,25.245,25245
107,11,2,27,14:37:34,25.971,25971
107,22,2,27,14:37:37,24.073,24073
107,31,2,28,14:38:30,25.002,25002
107,30,2,28,14:39:04,24.355,24355
107,15,2,28,14:39:18,24.079,24079
107,8,2,29,14:39:47,25.616,25616
107,46,2,31,14:44:50,25.149,25149
107,13,2,33,14:45:23,26.065,26065
107,10,2,33,14:46:34,25.632,25632
107,21,2,34,14:46:38,24.63,24630
107,14,2,41,14:55:29,27.039,27039
107,15,3,45,15:00:43,24.108,24108
107,35,2,46,15:01:32,25.13,25130
107,4,2,47,15:02:09,25.888,25888
107,23,3,48,15:03:23,26.287,26287
107,47,3,46,15:04:01,36.145,36145
107,22,3,49,15:04:35,24.261,24261
107,31,3,50,15:05:25,25.048,25048
107,41,3,49,15:05:48,25.059,25059
107,30,3,50,15:06:00,24.077,24077
107,46,3,48,15:06:43,33.306,33306
107,32,3,51,15:08:46,24.708,24708
107,13,3,53,15:10:03,24.125,24125
107,11,3,54,15:10:47,24.137,24137
107,21,3,54,15:11:17,23.801,23801
107,8,3,55,15:11:30,23.939,23939
107,10,3,54,15:13:07,25.843,25843
71,40,1,15,14:31:15,24.7,24700
71,15,1,18,14:33:58,22.279,22279
71,2,1,18,14:34:05,24.102,24102
71,33,1,18,14:34:49,23.528,23528
71,23,1,19,14:35:57,21.802,21802
71,39,1,19,14:36:18,26.634,26634
71,17,1,20,14:36:56,23.535,23535
71,32,1,20,14:37:04,22.961,22961
71,11,1,20,14:37:31,23.219,23219
71,14,1,21,14:38:22,22.696,22696
71,18,1,21,14:38:55,22.884,22884
71,23,2,21,14:39:22,23.684,23684
71,35,1,22,14:40:25,21.839,21839
71,21,1,23,14:41:09,21.566,21566
71,31,1,23,14:41:28,23.12,23120
71,22,1,25,14:44:22,21.252,21252
71,4,1,25,14:44:30,21.921,21921
71,8,1,25,14:44:56,19.951,19951
71,30,1,26,14:46:25,20.825,20825
71,13,1,27,14:47:56,25.924,25924
71,15,2,36,15:01:11,22.19,22190
71,40,2,34,15:01:36,27.694,27694
71,33,2,36,15:02:54,26.593,26593
71,17,2,39,15:05:11,23.361,23361
71,8,2,39,15:05:39,22.684,22684
71,35,2,39,15:06:05,23.348,23348
71,39,2,39,15:06:46,22.987,22987
71,32,2,40,15:06:58,23.15,23150
71,2,2,40,15:07:00,23.66,23660
71,11,2,40,15:07:35,24.279,24279
71,23,3,40,15:07:46,20.103,20103
71,18,2,41,15:09:01,24.357,24357
71,21,2,42,15:09:18,19.546,19546
71,14,2,42,15:09:35,20.679,20679
71,31,2,42,15:09:42,20.803,20803
71,30,2,42,15:10:03,19.803,19803
71,22,2,43,15:11:01,19.885,19885
71,4,2,45,15:14:00,18.751,18751
72,27,1,15,15:29:56,29.372,29372
72,32,1,18,15:33:20,28.252,28252
72,23,1,20,15:36:20,27.871,27871
72,2,1,20,15:36:25,29.233,29233
72,14,1,20,15:36:33,28.013,28013
72,33,1,19,15:36:34,27.389,27389
72,4,1,21,15:37:36,26.864,26864
72,15,1,21,15:37:45,27.178,27178
72,39,1,20,15:37:47,28.315,28315
72,13,1,21,15:38:25,27.981,27981
72,21,1,22,15:39:29,26.272,26272
72,17,1,22,15:39:31,28.325,28325
72,31,1,23,15:41:28,27.108,27108
72,35,1,23,15:41:58,27.573,27573
72,8,1,24,15:42:47,26.004,26004
72,30,1,24,15:43:19,26.461,26461
72,22,1,25,15:44:53,26.181,26181
72,8,2,25,15:45:25,30.893,30893
72,22,2,35,16:01:55,27.489,27489
72,27,2,34,16:03:21,29.29,29290
72,33,2,37,16:07:42,30.688,30688
72,4,2,40,16:08:43,25.71,25710
72,32,2,40,16:09:59,26.432,26432
72,13,2,40,16:10:06,26.805,26805
72,23,2,41,16:11:08,28.574,28574
72,14,2,41,16:11:34,25.858,25858
72,8,3,41,16:11:49,25.806,25806
72,39,2,40,16:12:14,28.084,28084
72,15,2,42,16:12:16,25.412,25412
72,2,2,42,16:12:34,27.637,27637
72,31,2,43,16:14:24,25.044,25044
72,30,2,44,16:16:32,24.565,24565
73,27,1,1,14:35:39,34.894,34894
73,21,1,3,14:38:47,19.157,19157
73,40,1,17,15:01:37,28.604,28604
73,23,1,18,15:02:08,28.569,28569
73,4,1,20,15:04:52,26.993,26993
73,15,1,21,15:06:29,27.362,27362
73,17,1,21,15:06:45,27.793,27793
73,33,1,21,15:08:03,28.208,28208
73,13,1,22,15:08:40,27.545,27545
73,2,1,23,15:10:00,27.833,27833
73,37,1,23,15:10:10,27.840,27840
73,27,2,22,15:10:35,28.386,28386
73,8,1,24,15:11:33,27.189,27189
73,18,1,24,15:11:44,27.843,27843
73,11,1,25,15:13:15,27.414,27414
73,22,1,25,15:13:17,26.841,26841
73,35,1,25,15:13:32,27.618,27618
73,14,1,26,15:15:15,27.089,27089
73,40,2,36,15:33:26,28.649,28649
73,27,3,38,15:37:13,27.800,27800
73,33,2,39,15:37:45,29.497,29497
73,4,2,41,15:37:46,25.909,25909
73,23,2,41,15:38:34,25.979,25979
73,15,2,42,15:39:32,25.645,25645
73,17,2,42,15:40:13,25.783,25783
73,8,2,43,15:41:31,25.738,25738
73,13,2,43,15:42:08,28.811,28811
73,37,2,44,15:43:27,25.888,25888
73,35,2,44,15:43:54,25.368,25368
73,14,2,45,15:45:32,24.447,24447
73,18,2,46,15:46:40,1:46.193,106193
73,22,2,46,15:46:48,24.982,24982
74,13,1,16,14:26:34,29.367,29367
74,22,1,17,14:27:37,25.132,25132
74,33,1,20,14:32:20,24.843,24843
74,2,1,21,14:33:17,25.275,25275
74,23,1,21,14:33:18,25.341,25341
74,39,1,21,14:33:39,26.942,26942
74,15,1,22,14:34:38,25.561,25561
74,17,1,22,14:34:39,24.856,24856
74,4,1,23,14:35:29,24.715,24715
74,11,1,23,14:36:01,25.184,25184
74,35,1,23,14:36:05,26.298,26298
74,18,1,24,14:36:59,25.833,25833
74,25,1,25,14:38:50,25.787,25787
74,14,1,25,14:39:22,25.856,25856
74,30,1,27,14:41:36,25.529,25529
74,24,1,27,14:42:14,25.674,25674
74,33,2,40,15:01:24,26.464,26464
74,13,2,41,15:02:26,29.836,29836
74,4,2,42,15:02:27,24.165,24165
74,17,2,42,15:03:31,25.379,25379
74,39,2,42,15:04:01,31.257,31257
74,2,2,44,15:06:21,24.229,24229
74,23,2,44,15:06:21,23.282,23282
74,15,2,45,15:07:43,23.136,23136
74,11,2,46,15:08:41,24.97,24970
74,35,2,46,15:09:07,23.905,23905
74,14,2,46,15:09:41,23.753,23753
74,25,2,47,15:09:58,24.446,24446
74,24,2,47,15:10:49,23.502,23502
74,18,2,48,15:11:03,24.455,24455
74,30,2,49,15:12:22,22.17,22170
74,33,3,49,15:14:49,48.542,48542
74,33,4,52,15:20:11,35.131,35131
75,17,1,18,14:28:17,25.553,25553
75,23,1,24,14:36:04,25.539,25539
75,8,1,25,14:36:53,24.824,24824
75,15,1,25,14:37:21,26.33,26330
75,33,1,25,14:38:36,23.409,23409
75,4,1,27,14:39:55,23.952,23952
75,14,1,27,14:40:19,24.663,24663
75,13,1,27,14:40:21,24.313,24313
75,21,1,29,14:42:30,22.81,22810
75,31,1,29,14:42:41,19.941,19941
75,39,1,28,14:42:54,24.362,24362
75,2,1,29,14:43:07,24.689,24689
75,31,2,30,14:44:18,25.544,25544
75,35,1,31,14:45:46,25.257,25257
75,30,1,32,14:46:31,24.245,24245
75,22,1,34,14:49:40,26.307,26307
75,21,2,40,14:57:06,50.613,50613
75,17,2,43,15:01:18,24.817,24817
75,30,2,44,15:02:31,30.526,30526
75,39,2,45,15:06:26,23.336,23336
75,33,2,46,15:07:28,25.555,25555
75,8,2,49,15:08:10,24.261,24261
75,4,2,49,15:08:37,21.98,21980
75,23,2,51,15:11:37,21.732,21732
75,14,2,51,15:12:00,21.814,21814
75,15,2,52,15:12:53,21.651,21651
75,13,2,52,15:13:23,21.077,21077
75,2,2,55,15:17:19,21.152,21152
75,31,3,56,15:18:27,20.122,20122
76,39,1,10,14:17:12,25.985,25985
76,39,2,11,14:19:08,26.220,26220
76,39,3,18,14:29:34,1:01.892,61892
76,13,1,24,14:34:45,25.132,25132
76,30,1,24,14:35:16,29.831,29831
76,40,1,24,14:35:48,37.572,37572
76,4,1,25,14:35:49,29.936,29936
76,21,1,25,14:35:51,50.234,50234
76,17,1,25,14:35:54,25.703,25703
76,2,1,25,14:36:06,26.090,26090
76,35,1,37,14:54:08,31.258,31258
76,33,1,37,14:56:08,28.488,28488
76,15,1,39,14:56:27,27.746,27746
76,23,1,41,14:59:28,27.243,27243
76,8,1,42,14:59:58,27.617,27617
76,27,1,39,15:00:32,35.428,35428
76,22,1,45,15:04:41,36.516,36516
76,24,1,45,15:04:43,27.064,27064
76,31,1,46,15:06:00,26.306,26306
76,22,2,48,15:09:08,14.735,14735
76,13,2,50,15:11:08,25.194,25194
76,2,2,57,15:20:24,22.489,22489
76,17,2,58,15:21:45,23.231,23231
76,30,2,58,15:22:11,22.139,22139
76,35,2,63,15:29:30,26.235,26235
76,15,2,65,15:31:54,28.447,28447
77,11,1,1,14:09:04,30.619,30619
77,23,1,1,14:09:24,26.87,26870
77,15,1,8,14:19:42,13.658,13658
77,22,1,11,14:24:27,25.585,25585
77,2,1,12,14:25:35,23.876,23876
77,8,1,18,14:34:41,25.702,25702
77,15,2,18,14:35:23,27.484,27484
77,13,1,19,14:36:47,27.346,27346
77,24,1,19,14:36:54,27.232,27232
77,31,1,19,14:36:54,25.994,25994
77,40,1,19,14:38:06,27.82,27820
77,14,1,20,14:38:06,27.099,27099
77,30,1,20,14:38:25,26.431,26431
77,27,1,20,14:39:33,28.087,28087
77,33,1,21,14:40:37,25.413,25413
77,21,1,22,14:41:40,26.905,26905
77,39,1,22,14:42:13,24.722,24722
77,4,1,23,14:42:41,26.478,26478
77,14,2,23,14:43:15,13.683,13683
77,18,1,23,14:43:15,25.616,25616
77,35,1,24,14:45:17,26.019,26019
77,23,2,26,14:48:26,25.374,25374
77,11,2,27,14:49:58,25.37,25370
77,2,2,31,14:55:09,24.911,24911
77,27,2,30,14:56:08,13.905,13905
77,22,2,33,14:58:34,23.395,23395
77,40,2,37,15:07:46,28.357,28357
77,27,3,38,15:09:10,26.772,26772
77,39,2,40,15:11:01,24.509,24509
77,8,2,43,15:13:40,23.444,23444
77,33,2,42,15:14:11,24.156,24156
77,13,2,44,15:16:07,24.14,24140
77,24,2,44,15:16:15,24.2,24200
77,31,2,45,15:17:42,23.937,23937
77,33,3,44,15:17:48,13.732,13732
77,15,3,45,15:17:49,23.596,23596
77,30,2,46,15:19:10,22.871,22871
77,18,2,46,15:19:25,23.459,23459
77,4,2,47,15:20:04,22.738,22738
77,35,2,46,15:20:11,22.902,22902
77,14,3,47,15:20:35,22.793,22793
77,22,3,48,15:21:56,21.88,21880
77,11,3,49,15:24:32,21.936,21936
77,2,3,50,15:24:55,22.073,22073
77,21,2,50,15:25:35,21.126,21126
77,13,3,54,15:32:48,38.483,38483
78,35,1,2,13:06:48,43.456,43456
78,30,1,12,13:19:27,25.973,25973
78,18,1,15,13:23:08,24.562,24562
78,23,1,15,13:23:30,27.734,27734
78,11,1,16,13:24:40,24.961,24961
78,27,1,16,13:25:20,26.530,26530
78,40,1,17,13:27:09,26.293,26293
78,14,1,18,13:27:27,28.150,28150
78,33,1,20,13:30:38,24.473,24473
78,13,1,21,13:31:06,28.190,28190
78,2,1,21,13:31:07,28.363,28363
78,32,1,21,13:31:27,27.447,27447
78,11,2,22,13:32:39,30:51.763,1851763
78,39,1,22,13:33:17,24.467,24467
78,15,1,23,13:33:32,27.504,27504
78,4,1,24,13:34:21,30.026,30026
78,8,1,24,13:34:27,28.238,28238
78,21,1,25,13:35:34,27.234,27234
78,31,1,25,13:35:39,27.691,27691
78,35,2,27,13:39:42,27.330,27330
78,17,1,28,13:40:09,26.295,26295
78,22,1,31,13:44:11,26.340,26340
78,27,2,32,13:46:54,26.785,26785
78,18,2,34,13:47:31,25.510,25510
78,30,2,34,13:47:37,25.279,25279
78,40,2,35,13:51:43,26.468,26468
78,33,2,36,13:51:57,24.527,24527
78,23,2,45,14:02:16,25.928,25928
78,22,2,47,14:04:59,27.291,27291
78,8,2,48,14:05:10,28.805,28805
78,14,2,47,14:05:13,25.866,25866
78,33,3,46,14:05:27,25.602,25602
78,32,2,47,14:05:31,26.383,26383
78,30,3,48,14:05:38,23.405,23405
78,35,3,47,14:05:53,24.406,24406
78,27,3,46,14:05:58,27.083,27083
78,15,2,48,14:05:58,24.726,24726
78,13,2,48,14:06:09,25.701,25701
78,17,2,48,14:06:09,23.996,23996
78,31,2,49,14:07:25,24.732,24732
79,27,1,10,13:15:39,25.413,25413
79,40,1,19,13:27:00,27.373,27373
79,39,1,20,13:28:03,25.162,25162
79,33,1,22,13:30:18,24.137,24137
79,22,1,24,13:32:25,25.855,25855
79,30,1,26,13:34:49,32.866,32866
79,27,2,31,13:42:20,42.31,42310
79,40,2,44,13:58:51,37.141,37141
79,39,2,46,14:00:45,25.19,25190
79,33,2,48,14:02:48,24.071,24071
79,22,2,49,14:03:06,24.056,24056
79,30,2,51,14:05:32,23.615,23615
79,27,3,50,14:06:46,24.413,24413
80,40,1,13,14:21:02,42.014,42014
80,11,1,15,14:22:47,20.616,20616
80,13,1,15,14:22:52,21.548,21548
80,23,1,15,14:22:59,23.615,23615
80,33,1,15,14:23:34,20.773,20773
80,39,1,16,14:24:50,21.511,21511
80,27,1,16,14:25:06,25.821,25821
80,22,1,17,14:25:22,21.305,21305
80,15,1,18,14:26:39,22.510,22510
80,30,1,18,14:26:40,19.863,19863
80,2,1,18,14:27:05,20.240,20240
80,21,1,19,14:27:58,27.230,27230
80,18,1,19,14:28:01,23.021,23021
80,35,1,19,14:28:09,24.237,24237
80,17,1,19,14:28:21,21.366,21366
80,4,1,20,14:28:46,21.305,21305
80,14,1,21,14:31:03,21.182,21182
80,31,1,25,14:35:42,23.369,23369
80,8,1,28,14:39:35,22.745,22745
80,13,2,28,14:40:50,7:09.183,429183
80,17,2,30,14:43:17,22.879,22879
80,40,2,30,14:45:16,22.368,22368
80,30,2,34,14:47:49,19.631,19631
80,33,2,33,14:48:12,20.624,20624
80,11,2,34,14:48:14,21.742,21742
80,27,2,33,14:48:55,21.612,21612
80,39,2,35,14:51:21,21.140,21140
80,2,2,37,14:52:27,20.308,20308
80,22,2,39,14:54:45,19.935,19935
80,4,2,41,14:56:14,21.242,21242
80,14,2,42,14:59:01,20.244,20244
80,23,2,43,15:00:09,22.884,22884
80,21,2,44,15:01:19,19.038,19038
80,15,2,45,15:02:36,21.707,21707
80,18,2,46,15:03:55,21.636,21636
80,2,3,47,15:06:11,26.734,26734
80,35,2,48,15:06:41,22.093,22093
80,2,4,48,15:08:05,35.143,35143
80,30,3,51,15:10:21,20.452,20452
80,17,3,52,15:12:50,21.232,21232
80,33,3,51,15:13:06,20.101,20101
80,2,5,51,15:13:18,11.706,11706
80,22,3,54,15:14:56,19.318,19318
80,8,2,55,15:14:56,19.492,19492
80,39,3,53,15:16:49,19.894,19894
80,11,3,56,15:17:59,19.142,19142
80,4,3,58,15:18:35,18.987,18987
80,2,6,55,15:19:32,21.142,21142
80,21,3,58,15:19:52,32.401,32401
80,14,3,58,15:20:30,19.342,19342
81,32,1,11,13:20:23,25.596,25596
81,27,1,16,13:27:54,25.524,25524
81,22,1,17,13:28:14,21.414,21414
81,40,1,17,13:29:28,26.018,26018
81,35,1,19,13:31:27,36.605,36605
81,2,1,19,13:31:35,23.846,23846
81,14,1,19,13:31:37,26.057,26057
81,18,1,20,13:32:20,24.215,24215
81,15,1,20,13:32:43,24.145,24145
81,17,1,20,13:32:52,24.043,24043
81,23,1,21,13:34:10,25.408,25408
81,31,1,22,13:34:57,23.824,23824
81,33,1,22,13:36:17,23.791,23791
81,4,1,23,13:36:20,24.627,24627
81,30,1,24,13:38:11,23.976,23976
81,13,1,24,13:38:32,24.567,24567
81,21,1,25,13:39:13,24.099,24099
81,8,1,26,13:40:57,23.284,23284
81,22,2,32,13:49:28,21.341,21341
81,11,1,31,13:50:28,25.97,25970
81,27,2,36,13:57:37,24.663,24663
81,35,2,38,13:58:55,24.473,24473
81,32,2,38,13:58:56,25.568,25568
81,40,2,38,14:00:55,24.711,24711
81,33,2,39,14:01:26,23.149,23149
81,2,2,41,14:03:06,23.07,23070
81,15,2,42,14:03:51,22.417,22417
81,18,2,43,14:04:34,23.213,23213
81,31,2,44,14:05:35,21.818,21818
81,17,2,43,14:05:36,22.418,22418
81,8,2,45,14:07:17,21.152,21152
81,22,3,45,14:07:52,21.327,21327
81,21,2,46,14:08:28,33.81,33810
81,30,2,46,14:09:12,20.76,20760
81,23,2,47,14:10:50,21.006,21006
81,13,2,47,14:11:08,21.211,21211
81,14,2,47,14:11:42,21.134,21134
81,4,2,49,14:12:30,20.367,20367
82,11,1,1,14:04:53,26.782,26782
82,15,1,1,14:04:58,24.311,24311
82,17,1,1,14:05:28,12:45.414,765414
82,35,1,4,14:09:08,22.844,22844
82,38,1,4,14:09:15,27.792,27792
82,33,1,14,14:22:00,20.932,20932
82,2,1,15,14:22:43,22.172,22172
82,39,1,16,14:24:37,22.952,22952
82,13,1,19,14:27:55,24.579,24579
82,32,1,19,14:27:59,24.917,24917
82,27,1,19,14:28:36,26.289,26289
82,18,1,20,14:28:59,23.407,23407
82,14,1,20,14:29:08,24.099,24099
82,4,1,22,14:31:16,23.844,23844
82,30,1,22,14:31:29,23.742,23742
82,38,2,21,14:32:31,22.482,22482
82,21,1,23,14:33:01,24.402,24402
82,8,1,25,14:34:57,23.142,23142
82,23,1,25,14:35:39,23.082,23082
82,22,1,26,14:37:06,22.524,22524
82,15,2,26,14:37:37,23.414,23414
82,31,1,27,14:38:06,24.738,24738
82,38,3,25,14:38:14,26.302,26302
82,33,2,27,14:39:55,47.896,47896
82,11,2,28,14:40:11,23.259,23259
82,35,2,27,14:40:19,29.476,29476
82,39,2,32,14:46:16,22.558,22558
82,33,3,32,14:47:31,30.259,30259
82,2,2,35,14:49:02,20.786,20786
82,17,2,28,14:53:28,21.056,21056
82,27,2,42,14:59:41,24.745,24745
82,39,3,44,15:02:36,11.193,11193
82,18,2,46,15:02:51,21.849,21849
82,13,2,46,15:03:09,22.882,22882
82,32,2,46,15:03:19,23.283,23283
82,4,2,47,15:03:33,22.259,22259
82,14,2,47,15:04:19,21.608,21608
82,15,3,47,15:05:05,19.948,19948
82,38,4,45,15:05:20,28.450,28450
82,30,2,49,15:06:45,20.983,20983
82,22,2,49,15:07:17,20.530,20530
82,21,2,50,15:08:07,23.201,23201
82,23,2,50,15:08:11,20.450,20450
82,2,3,50,15:08:57,20.458,20458
82,35,3,49,15:10:09,22.348,22348
82,39,4,50,15:10:50,21.556,21556
82,11,3,53,15:13:05,20.506,20506
82,15,4,53,15:13:13,11.093,11093
82,33,4,52,15:14:38,21.281,21281
82,15,5,54,15:14:41,19.772,19772
82,31,2,56,15:15:40,20.460,20460
82,39,5,54,15:17:03,24.670,24670
82,17,3,47,15:18:29,43.734,43734
82,15,6,58,15:20:12,22.060,22060
83,4,1,1,14:04:44,27.810,27810
83,22,1,1,14:04:45,23.488,23488
83,33,1,1,14:05:21,26.268,26268
83,8,1,11,14:18:16,22.230,22230
83,15,1,13,14:21:13,21.194,21194
83,30,1,15,14:23:42,22.596,22596
83,23,1,15,14:23:59,21.136,21136
83,27,1,15,14:25:04,22.847,22847
83,38,1,17,14:27:58,22.373,22373
83,39,1,18,14:29:15,23.193,23193
83,11,1,21,14:32:46,24.712,24712
83,31,1,22,14:33:23,23.791,23791
83,33,2,20,14:33:28,20.775,20775
83,18,1,23,14:35:20,22.593,22593
83,21,1,23,14:35:38,24.925,24925
83,13,1,25,14:38:30,24.804,24804
83,4,2,26,14:40:17,23.706,23706
83,2,1,27,14:41:13,23.909,23909
83,35,1,27,14:41:24,23.936,23936
83,17,1,29,14:44:10,23.198,23198
83,15,2,33,14:49:20,21.508,21508
83,22,2,33,14:50:09,21.921,21921
83,23,2,35,14:51:59,20.839,20839
83,30,2,36,14:53:03,21.811,21811
83,27,2,34,14:53:08,22.436,22436
83,8,2,37,14:54:24,19.599,19599
83,33,3,35,14:55:24,21.007,21007
83,39,2,41,15:02:51,23.691,23691
83,13,2,42,15:03:49,8:20.256,500256
83,18,2,47,15:09:09,21.769,21769
83,8,3,48,15:09:41,21.129,21129
83,11,2,50,15:13:48,21.219,21219
83,21,2,51,15:15:17,20.476,20476
83,15,3,52,15:16:00,20.385,20385
83,27,3,50,15:17:20,5:59.837,359837
83,23,3,54,15:18:34,19.987,19987
83,33,4,51,15:18:57,20.930,20930
83,2,2,54,15:19:02,20.094,20094
83,35,2,53,15:19:24,22.501,22501
83,17,2,55,15:20:46,20.283,20283
83,22,3,55,15:21:18,19.343,19343
83,4,3,55,15:21:19,19.478,19478
83,30,3,57,15:22:39,19.270,19270
83,27,4,53,15:28:31,3:46.361,226361
83,21,3,68,15:39:32,18.941,18941
84,13,1,1,15:05:25,25.340,25340
84,2,1,5,15:11:21,26.098,26098
84,17,1,9,15:18:17,30.901,30901
84,4,1,13,15:22:33,27.266,27266
84,2,2,13,15:23:33,26.837,26837
84,21,1,14,15:24:03,36.962,36962
84,17,2,13,15:24:44,42.115,42115
84,30,1,14,15:24:50,59.003,59003
84,33,1,14,15:25:06,28.770,28770
84,38,1,15,15:26:42,44.474,44474
84,30,2,15,15:27:43,25:22.614,1522614
84,27,1,16,15:28:09,23.630,23630
84,27,2,17,15:29:59,26.756,26756
84,39,1,17,15:29:59,24.714,24714
84,15,1,18,15:30:00,27.064,27064
84,23,1,18,15:30:50,27.500,27500
84,31,1,21,15:34:10,27.808,27808
84,18,1,21,15:34:35,28.527,28527
84,8,1,22,15:35:24,27.581,27581
84,32,1,23,15:37:38,26.503,26503
84,35,1,23,15:38:06,26.496,26496
84,14,1,24,15:39:05,25.938,25938
84,22,1,24,15:39:15,26.035,26035
84,27,3,25,15:42:45,2:31.886,151886
84,11,1,29,15:46:41,28.938,28938
84,33,2,28,15:46:49,50.742,50742
84,39,2,30,15:50:03,24.526,24526
84,4,2,34,15:53:18,29.505,29505
84,38,2,34,15:56:06,30.554,30554
84,31,2,41,16:03:16,24.983,24983
84,23,2,40,16:03:32,23.795,23795
84,33,3,39,16:04:13,27.116,27116
84,30,3,23,16:05:02,25.042,25042
84,27,4,39,16:06:56,1:43.242,103242
84,15,2,43,16:06:57,23.325,23325
84,32,2,44,16:08:41,23.991,23991
84,8,2,45,16:08:49,23.384,23384
84,39,3,43,16:10:00,23.750,23750
84,14,2,45,16:10:06,23.189,23189
84,35,2,45,16:10:48,23.322,23322
84,22,2,46,16:11:48,22.947,22947
84,18,2,47,16:12:43,23.092,23092
85,14,1,1,14:05:15,30.937,30937
85,17,1,1,14:05:19,29.032,29032
85,27,1,1,14:05:22,29.851,29851
85,39,1,1,14:05:46,28.296,28296
85,33,1,11,14:19:30,27.721,27721
85,30,1,13,14:21:59,28.081,28081
85,22,1,14,14:23:21,27.28,27280
85,35,1,14,14:23:30,29.014,29014
85,11,1,16,14:26:07,26.891,26891
85,38,1,16,14:26:52,28.958,28958
85,18,1,17,14:27:28,28.673,28673
85,11,2,17,14:28:00,26.812,26812
85,32,1,18,14:29:12,28.805,28805
85,4,1,19,14:29:54,30.15,30150
85,27,2,18,14:30:15,28.228,28228
85,13,1,19,14:30:32,27.694,27694
85,39,2,18,14:30:56,26.512,26512
85,31,1,20,14:31:14,26.908,26908
85,15,1,20,14:31:40,26.654,26654
85,21,1,21,14:33:03,26.401,26401
85,23,1,22,14:34:34,26.669,26669
85,42,1,23,14:36:08,27.337,27337
85,8,1,25,14:38:41,29.887,29887
85,17,2,26,14:41:02,26.056,26056
85,8,2,28,14:43:29,23.198,23198
85,14,2,28,14:43:50,29.318,29318
85,27,3,29,14:46:38,15.232,15232
85,33,2,31,14:48:47,28.533,28533
85,38,2,33,14:51:52,30.812,30812
85,18,2,35,14:53:17,26.678,26678
85,39,3,34,14:54:40,28.034,28034
85,30,2,36,14:54:46,25.918,25918
85,27,4,35,14:55:33,29.982,29982
85,22,2,37,14:56:09,25.757,25757
85,4,2,39,14:58:10,28.801,28801
85,35,2,39,14:59:20,25.284,25284
85,31,2,40,14:59:26,25.198,25198
85,39,4,37,14:59:40,32.242,32242
85,21,2,40,14:59:55,25.925,25925
85,15,2,40,15:00:01,24.524,24524
85,23,2,41,15:01:42,23.922,23922
85,13,2,41,15:02:01,24.179,24179
85,22,3,42,15:03:38,26.089,26089
85,32,2,42,15:03:45,24.234,24234
85,17,3,42,15:03:52,23.658,23658
85,11,3,42,15:03:52,24.168,24168
85,42,2,43,15:04:33,23.709,23709
86,27,1,4,14:12:50,40.482,40482
86,38,1,7,14:19:09,39.831,39831
86,23,1,10,14:23:54,32.808,32808
86,31,1,11,14:25:32,36.695,36695
86,8,1,11,14:25:55,38.154,38154
86,15,1,11,14:25:56,39.686,39686
86,4,1,11,14:25:57,37.235,37235
86,30,1,11,14:25:59,38.994,38994
86,11,1,11,14:26:00,40.853,40853
86,18,1,11,14:26:04,52.506,52506
86,13,1,11,14:26:05,46.995,46995
86,17,1,11,14:26:06,49.904,49904
86,14,1,11,14:26:06,47.956,47956
86,32,1,11,14:26:11,56.91,56910
86,42,1,11,14:26:11,55.395,55395
86,22,1,11,14:26:15,42.653,42653
86,33,1,11,14:26:26,39.73,39730
86,39,1,11,14:26:31,49.941,49941
86,30,2,12,14:29:38,32.798,32798
86,11,2,12,14:29:39,34.727,34727
86,17,2,12,14:29:41,35.675,35675
86,14,2,12,14:29:41,49.169,49169
86,18,2,12,14:29:44,40.149,40149
86,42,2,12,14:29:47,55.694,55694
86,15,2,13,14:33:03,34.773,34773
86,32,2,13,14:33:08,35.015,35015
86,35,1,20,14:46:42,38.267,38267
86,27,2,21,14:51:19,37.47,37470
86,23,2,24,14:54:25,36.486,36486
86,38,2,23,14:55:30,35.894,35894
86,23,3,25,14:57:21,31.085,31085
86,38,3,24,14:58:42,36.564,36564
86,13,2,29,15:04:50,34.444,34444
86,33,2,30,15:07:23,34.244,34244
86,22,2,31,15:08:47,32.142,32142
86,32,3,31,15:09:40,33.7,33700
86,4,2,32,15:10:16,32.578,32578
86,17,3,32,15:10:46,33.048,33048
86,39,2,32,15:11:33,39.796,39796
86,15,3,32,15:11:34,35.298,35298
86,31,2,33,15:11:59,32.999,32999
86,13,3,32,15:12:13,32.61,32610
86,18,3,33,15:12:53,32.558,32558
86,42,3,33,15:13:16,33.876,33876
86,8,2,35,15:15:50,31.518,31518
86,17,4,38,15:23:20,31.89,31890
86,42,4,39,15:25:57,32.409,32409
86,22,3,40,15:27:05,31.851,31851
86,23,4,40,15:27:28,30.36,30360
87,17,1,1,14:05:01,32:26.712,1946712
87,13,1,17,14:25:58,27.024,27024
87,39,1,18,14:27:29,26.983,26983
87,27,1,20,14:30:03,26.340,26340
87,4,1,22,14:31:38,25.561,25561
87,21,1,23,14:33:00,25.588,25588
87,22,1,23,14:33:18,25.700,25700
87,38,1,23,14:33:59,26.514,26514
87,33,1,23,14:34:02,25.568,25568
87,32,1,24,14:34:31,27.328,27328
87,30,1,26,14:36:43,25.944,25944
87,18,1,26,14:36:57,27.087,27087
87,23,1,26,14:37:04,26.591,26591
87,31,1,28,14:38:53,25.609,25609
87,8,1,31,14:42:35,27.139,27139
87,15,1,32,14:44:54,24.977,24977
87,35,1,34,14:47:34,23.918,23918
87,39,2,35,14:49:44,24.583,24583
87,11,1,37,14:51:04,29.051,29051
87,27,2,44,15:01:01,28.101,28101
87,39,3,44,15:01:28,26.565,26565
87,13,2,46,15:02:58,25.703,25703
87,33,2,46,15:03:38,25.296,25296
87,4,2,48,15:04:03,25.244,25244
87,21,2,49,15:05:36,24.003,24003
87,22,2,50,15:07:13,23.590,23590
87,31,2,54,15:11:06,23.366,23366
87,30,2,54,15:11:46,22.963,22963
87,15,2,53,15:11:49,28.860,28860
87,32,2,54,15:12:21,23.686,23686
87,17,2,29,15:12:32,23.781,23781
87,35,2,54,15:13:05,24.299,24299
87,18,2,55,15:13:30,24.606,24606
87,23,2,56,15:14:52,22.386,22386
87,8,2,59,15:17:15,22.556,22556
88,22,1,1,14:06:22,27.039,27039
88,11,1,2,14:07:35,24.098,24098
88,22,2,6,14:17:59,21.215,21215
88,23,1,13,14:29:48,21.827,21827
88,39,1,13,14:30:15,23.486,23486
88,38,1,15,14:33:37,23.895,23895
88,27,1,16,14:35:08,23.724,23724
88,33,1,18,14:38:19,22.226,22226
88,21,1,20,14:40:40,22.661,22661
88,18,1,22,14:43:51,26.085,26085
88,4,1,22,14:44:01,21.982,21982
88,32,1,22,14:44:13,23.802,23802
88,14,1,23,14:45:30,24.058,24058
88,17,1,23,14:45:31,22.389,22389
88,13,1,25,14:49:08,23.159,23159
88,30,1,26,14:50:18,21.820,21820
88,8,1,26,14:50:18,22.960,22960
88,35,1,27,14:52:19,26.348,26348
88,23,2,28,14:53:38,22.045,22045
88,11,2,29,14:55:46,24.872,24872
88,39,2,31,14:59:44,23.888,23888
88,38,2,32,15:01:37,24.658,24658
88,22,3,33,15:02:03,23.889,23889
88,33,2,34,15:04:34,23.403,23403
88,27,2,34,15:04:38,3:54.187,234187
88,4,2,36,15:06:20,22.380,22380
88,21,2,38,15:09:05,22.581,22581
88,18,2,41,15:14:06,21.101,21101
88,17,2,41,15:14:07,20.478,20478
88,32,2,41,15:14:35,21.062,21062
88,30,2,42,15:15:48,24.858,24858
88,14,2,44,15:19:01,20.309,20309
88,23,3,44,15:19:06,19.571,19571
88,13,2,44,15:19:27,19.925,19925
88,8,2,45,15:20:15,18.899,18899
88,39,3,44,15:21:56,19.970,19970
89,11,1,4,14:10:11,13.895,13895
89,33,1,15,14:28:05,25.276,25276
89,27,1,16,14:30:07,27.533,27533
89,14,1,17,14:30:42,26.112,26112
89,15,1,17,14:30:56,26.811,26811
89,38,1,17,14:31:37,26.94,26940
89,31,1,18,14:32:15,27.204,27204
89,18,1,18,14:32:17,26.925,26925
89,11,2,18,14:33:03,26.314,26314
89,39,1,18,14:33:16,27.06,27060
89,4,1,19,14:33:27,24.51,24510
89,21,1,19,14:33:47,24.551,24551
89,8,1,19,14:33:48,27.013,27013
89,22,1,19,14:34:01,26.328,26328
89,17,1,19,14:34:03,27.324,27324
89,23,1,19,14:34:03,26.358,26358
89,13,1,19,14:34:10,26.702,26702
89,32,1,19,14:34:12,26.028,26028
89,42,1,19,14:34:14,31.285,31285
89,35,1,19,14:34:19,31.353,31353
89,31,2,19,14:34:33,27.803,27803
89,33,2,23,14:45:06,29.33,29330
89,4,2,30,14:57:10,24.945,24945
89,21,2,30,14:57:23,23.941,23941
89,8,2,30,14:57:24,21.961,21961
89,22,2,30,14:57:24,23.255,23255
89,17,2,30,14:57:35,23.588,23588
89,14,2,30,14:57:37,25.241,25241
89,18,2,30,14:57:37,22.955,22955
89,42,2,30,14:57:42,27.615,27615
89,15,2,30,14:57:43,23.669,23669
89,38,2,30,14:57:44,26.771,26771
89,35,2,30,14:57:46,23.261,23261
89,27,2,30,15:00:41,29.494,29494
89,13,2,44,15:24:36,23.457,23457
89,32,2,45,15:26:10,22.397,22397
89,22,3,46,15:28:20,20.992,20992
89,23,2,47,15:29:16,21.745,21745
89,21,3,52,15:37:20,13.833,13833
89,15,3,54,15:42:08,29.455,29455
53,3,1,1,14:35:36,38.477,38477
53,34,1,7,14:45:38,15.797,15797
53,13,1,8,14:46:34,1:05.526,65526
53,23,1,12,14:53:17,25.853,25853
53,30,1,15,14:57:11,27.009,27009
53,34,2,14,14:57:26,33.196,33196
53,22,1,16,14:59:11,27.177,27177
53,21,1,16,14:59:18,27.474,27474
53,2,1,17,15:00:59,27.416,27416
53,18,1,18,15:02:05,27.658,27658
53,33,1,18,15:03:07,27.481,27481
53,34,3,17,15:03:27,10:45.296,645296
53,11,1,18,15:03:29,15.302,15302
53,4,1,19,15:03:31,26.602,26602
53,11,2,19,15:05:22,1:14.871,74871
53,11,3,20,15:08:25,40.992,40992
53,32,1,22,15:08:38,27.937,27937
53,24,1,22,15:08:50,27.441,27441
53,15,1,22,15:09:18,25.885,25885
53,31,1,23,15:09:56,27.492,27492
53,17,1,23,15:10:12,26.208,26208
53,35,1,23,15:10:20,27.041,27041
53,11,4,22,15:12:27,33.459,33459
53,26,1,25,15:14:06,27.579,27579
53,23,2,26,15:15:44,25.781,25781
53,3,2,27,15:17:07,25.849,25849
53,11,5,25,15:17:59,35.539,35539
53,8,1,30,15:21:07,29.638,29638
53,14,1,30,15:21:27,29.271,29271
53,13,2,32,15:25:08,28.245,28245
53,2,2,35,15:29:53,26.846,26846
53,30,2,36,15:30:19,27.374,27374
53,33,2,37,15:34:19,27.136,27136
53,4,2,39,15:34:59,26.220,26220
53,22,2,38,15:35:09,25.935,25935
53,17,2,39,15:35:30,26.605,26605
53,24,2,39,15:35:57,28.244,28244
53,18,2,40,15:36:54,25.424,25424
53,15,2,39,15:36:54,25.637,25637
53,32,2,41,15:38:55,26.075,26075
53,23,3,41,15:39:54,25.497,25497
53,11,6,39,15:41:34,30.916,30916
53,3,3,43,15:42:19,26.178,26178
53,26,2,43,15:42:53,27.118,27118
53,31,2,44,15:43:17,25.369,25369
54,24,1,1,15:05:29,34.193,34193
54,32,1,1,15:06:22,9:34.749,574749
54,32,2,4,15:21:12,4:08.631,248631
54,33,1,12,15:24:10,28.625,28625
54,23,1,13,15:25:08,27.796,27796
54,17,1,14,15:26:27,26.486,26486
54,21,1,17,15:30:56,29.126,29126
54,34,1,16,15:31:41,30.339,30339
54,18,1,19,15:34:15,26.023,26023
54,27,1,19,15:35:48,26.871,26871
54,24,2,19,15:35:53,34.239,34239
54,11,1,19,15:35:53,28.588,28588
54,15,1,20,15:36:35,25.511,25511
54,26,1,22,15:40:06,29.904,29904
54,23,2,22,15:40:07,28.675,28675
54,31,1,23,15:41:07,26.518,26518
54,30,1,23,15:41:12,30.135,30135
54,35,1,23,15:41:25,27.015,27015
54,2,1,24,15:42:48,25.701,25701
54,4,1,26,15:45:42,25.455,25455
54,13,1,29,15:51:04,28.412,28412
54,22,1,31,15:54:41,30.540,30540
54,15,2,36,16:03:00,30.312,30312
54,22,2,36,16:03:17,30.219,30219
54,21,2,38,16:04:59,25.473,25473
54,18,2,38,16:05:13,26.325,26325
54,33,2,36,16:05:15,28.686,28686
54,27,2,37,16:06:07,28.201,28201
54,24,3,37,16:06:15,28.073,28073
54,23,3,38,16:06:16,28.431,28431
54,11,2,39,16:10:19,28.241,28241
54,35,2,41,16:10:58,25.341,25341
54,31,2,42,16:12:01,25.467,25467
54,2,2,42,16:12:07,24.971,24971
54,4,2,43,16:13:13,24.441,24441
54,30,2,45,16:17:00,25.614,25614
55,33,1,8,14:22:37,22.093,22093
55,31,1,18,14:38:12,22.924,22924
55,18,1,19,14:39:43,21.287,21287
55,23,1,19,14:39:45,20.878,20878
55,21,1,19,14:40:03,23.327,23327
55,4,1,20,14:40:52,23.013,23013
55,8,1,21,14:42:30,23.199,23199
55,34,1,20,14:42:45,23.592,23592
55,27,1,22,14:45:03,22.226,22226
55,24,1,23,14:45:53,22.449,22449
55,23,2,23,14:46:03,10.164,10164
55,11,1,23,14:46:33,22.059,22059
55,26,1,24,14:47:37,22.871,22871
55,34,2,23,14:48:07,22.445,22445
55,2,1,25,14:48:37,20.8,20800
55,30,1,25,14:48:49,21.26,21260
55,14,1,29,14:55:29,20.525,20525
55,22,1,30,14:56:57,19.667,19667
55,35,1,33,15:01:04,22.901,22901
55,26,2,33,15:01:25,40.915,40915
55,33,2,33,15:01:40,37.932,37932
55,4,2,34,15:01:49,20.934,20934
55,27,2,33,15:02:05,30.698,30698
55,8,2,34,15:02:13,29.926,29926
55,31,2,34,15:02:21,36.16,36160
55,2,2,34,15:02:22,20.16,20160
55,11,2,33,15:02:25,22.983,22983
55,18,2,34,15:02:27,21.479,21479
55,23,3,34,15:02:35,20.822,20822
55,24,2,34,15:02:40,22.848,22848
55,21,2,34,15:02:41,19.612,19612
55,34,3,33,15:05:02,40.486,40486
55,22,2,38,15:11:43,20.396,20396
55,14,2,38,15:11:44,19.899,19899
55,11,3,47,15:29:20,19.486,19486
56,34,1,1,14:05:45,1:19.951,79951
56,34,2,2,14:09:20,11:55.326,715326
56,22,1,14,14:24:55,32.618,32618
56,18,1,15,14:26:09,26.651,26651
56,23,1,16,14:27:50,23.342,23342
56,33,1,17,14:30:11,25.767,25767
56,13,1,19,14:31:58,25.381,25381
56,30,1,20,14:33:10,25.502,25502
56,8,1,22,14:36:32,25.185,25185
56,31,1,23,14:37:52,24.292,24292
56,17,1,23,14:37:58,24.469,24469
56,26,1,24,14:40:06,26.539,26539
56,4,1,25,14:40:29,26.041,26041
56,11,1,24,14:41:08,26.350,26350
56,24,1,25,14:41:37,25.272,25272
56,35,1,27,14:44:05,41.869,41869
56,3,1,27,14:44:11,27.538,27538
56,14,1,27,14:44:18,24.743,24743
56,2,1,28,14:45:56,25.749,25749
56,32,1,28,14:45:58,26.000,26000
56,21,1,29,14:47:00,23.905,23905
56,18,2,30,14:48:05,38.792,38792
56,23,2,32,14:51:22,23.150,23150
56,22,2,34,14:54:32,26.958,26958
56,33,2,37,15:00:23,25.957,25957
56,4,2,41,15:03:54,23.310,23310
56,13,2,41,15:04:07,24.531,24531
56,30,2,42,15:05:19,23.936,23936
56,17,2,42,15:05:43,25.456,25456
56,26,2,42,15:06:46,27.964,27964
56,31,2,44,15:08:26,23.999,23999
56,11,2,42,15:08:42,25.322,25322
56,18,3,44,15:08:48,24.110,24110
56,24,2,44,15:09:41,25.228,25228
56,23,3,46,15:11:49,23.432,23432
56,14,2,46,15:12:17,25.055,25055
56,8,2,47,15:12:53,22.918,22918
56,21,2,48,15:14:37,22.856,22856
56,3,2,48,15:15:07,24.163,24163
56,35,2,48,15:15:18,25.103,25103
56,2,2,51,15:19:50,23.759,23759
57,14,1,1,14:05:33,39.531,39531
57,14,2,2,14:07:58,39.601,39601
57,4,1,17,14:31:35,24.33,24330
57,13,1,17,14:31:39,25.076,25076
57,30,1,18,14:33:09,24.781,24781
57,22,1,20,14:36:51,25.431,25431
57,18,1,21,14:38:12,25.27,25270
57,35,1,21,14:38:27,25.07,25070
57,32,1,21,14:38:34,24.301,24301
57,2,1,22,14:40:06,24.623,24623
57,27,1,22,14:40:45,25.996,25996
57,8,1,23,14:41:07,24.882,24882
57,36,1,22,14:41:11,25.514,25514
57,26,1,23,14:41:49,25.866,25866
57,33,1,24,14:43:54,24.615,24615
57,11,1,24,14:44:21,24.213,24213
57,15,1,25,14:44:51,23.624,23624
57,21,1,26,14:46:26,24.415,24415
57,31,1,27,14:47:58,25.691,25691
57,23,1,28,14:49:35,23.261,23261
57,3,1,33,14:57:40,23.501,23501
57,4,2,38,15:04:44,25.225,25225
57,13,2,40,15:07:59,24.185,24185
57,30,2,41,15:09:22,23.754,23754
57,27,2,41,15:11:40,24.766,24766
57,11,2,41,15:12:33,25.605,25605
57,33,2,42,15:13:14,25.123,25123
57,15,2,43,15:13:54,23.755,23755
57,26,2,43,15:13:59,25.255,25255
57,8,2,44,15:14:19,23.542,23542
57,22,2,44,15:15:11,23.129,23129
57,23,2,44,15:15:12,22.771,22771
57,35,2,44,15:15:17,24.1,24100
57,21,2,44,15:15:17,23.098,23098
57,2,2,45,15:17:10,23.546,23546
57,31,2,48,15:21:35,24.857,24857
57,3,2,49,15:23:10,23.175,23175
58,11,1,10,14:17:40,23.684,23684
58,23,1,16,14:25:21,26.230,26230
58,4,1,17,14:25:30,23.741,23741
58,21,1,18,14:26:58,23.001,23001
58,13,1,19,14:28:22,23.173,23173
58,8,1,22,14:32:30,23.299,23299
58,30,1,23,14:33:29,23.347,23347
58,22,1,24,14:35:19,23.299,23299
58,18,1,25,14:36:34,23.026,23026
58,26,1,26,14:38:23,24.393,24393
58,33,1,26,14:39:18,22.441,22441
58,15,1,27,14:39:32,22.432,22432
58,3,1,27,14:39:42,23.540,23540
58,24,1,27,14:39:58,23.418,23418
58,14,1,27,14:39:59,23.672,23672
58,17,1,28,14:40:54,23.809,23809
58,32,1,28,14:41:03,23.625,23625
58,2,1,29,14:42:10,23.157,23157
58,27,1,29,14:43:32,43.051,43051
58,11,2,31,14:46:56,23.635,23635
58,27,2,37,14:55:21,29.272,29272
58,4,2,40,14:55:40,23.407,23407
58,35,1,40,14:57:13,24.559,24559
58,27,3,38,14:57:19,4:08.136,248136
58,21,2,41,14:57:20,23.285,23285
58,22,2,41,14:57:54,24.032,24032
58,13,2,43,14:59:59,23.422,23422
58,18,2,44,15:01:42,22.770,22770
58,11,3,43,15:03:34,22.956,22956
58,30,2,46,15:03:38,22.630,22630
58,8,2,46,15:04:14,22.848,22848
58,15,2,46,15:04:57,22.242,22242
58,33,2,45,15:05:13,24.584,24584
58,17,2,47,15:06:16,22.398,22398
58,3,2,49,15:08:58,25.740,25740
58,24,2,49,15:09:24,22.318,22318
58,2,2,50,15:10:06,21.449,21449
58,32,2,50,15:10:41,22.288,22288
58,14,2,53,15:14:52,21.187,21187
59,33,1,1,14:04:37,29.002,29002
59,27,1,18,14:27:06,14.781,14781
59,31,1,21,14:29:59,26.513,26513
59,8,1,22,14:31:07,26.739,26739
59,3,1,23,14:33:08,28.155,28155
59,4,1,24,14:33:40,24.857,24857
59,17,1,25,14:34:58,27.378,27378
59,21,1,27,14:38:26,27.419,27419
59,14,1,29,14:41:00,29.227,29227
59,30,1,36,14:50:45,25.331,25331
59,13,1,37,14:52:16,29.217,29217
59,23,1,39,14:54:46,28.923,28923
59,2,1,40,14:56:07,25.857,25857
59,27,2,40,14:56:22,28.604,28604
59,32,1,41,14:57:01,26.222,26222
59,18,1,41,14:57:44,25.337,25337
59,35,1,44,15:01:38,24.67,24670
59,22,1,45,15:02:08,25.702,25702
59,15,1,45,15:02:09,25.997,25997
59,11,1,46,15:05:12,29.38,29380
59,4,2,49,15:06:27,23.553,23553
59,8,2,49,15:06:28,23.555,23555
59,36,1,47,15:06:36,26.176,26176
59,33,2,47,15:06:37,26.11,26110
59,21,2,48,15:06:40,24.51,24510
59,31,2,49,15:06:44,26.06,26060
59,24,1,48,15:06:49,26.521,26521
59,3,2,48,15:06:50,26.63,26630
59,26,1,48,15:07:00,36.64,36640
59,35,2,58,15:22:34,14.733,14733
59,22,2,63,15:27:52,14.686,14686
60,15,1,17,12:29:46,23.169,23169
60,30,1,18,12:30:32,23.736,23736
60,8,1,19,12:31:53,24.124,24124
60,13,1,19,12:31:57,23.932,23932
60,22,1,19,12:32:21,23.59,23590
60,31,1,20,12:33:38,25.329,25329
60,21,1,21,12:34:43,23.516,23516
60,4,1,22,12:35:54,23.02,23020
60,11,1,21,12:36:12,25.122,25122
60,33,1,22,12:37:03,22.832,22832
60,36,1,23,12:39:27,22.793,22793
60,2,1,25,12:40:31,31.398,31398
60,3,1,25,12:40:47,23.534,23534
60,14,1,25,12:41:00,23.717,23717
60,27,1,25,12:41:17,22.072,22072
60,35,1,27,12:43:35,25.422,25422
60,24,1,27,12:43:56,27.091,27091
60,32,1,27,12:43:58,21.822,21822
60,15,2,37,12:58:06,23.435,23435
60,30,2,41,13:02:47,21.708,21708
60,33,2,40,13:03:07,25.684,25684
60,32,2,41,13:04:02,23.377,23377
60,8,2,42,13:04:09,22.969,22969
60,11,2,40,13:04:37,23.1,23100
60,22,2,42,13:05:03,21.895,21895
60,27,2,42,13:05:52,25.542,25542
60,36,2,41,13:06:21,23.545,23545
60,4,2,44,13:06:42,21.967,21967
60,21,2,45,13:08:23,21.687,21687
60,13,2,45,13:08:29,21.301,21301
60,31,2,45,13:08:50,21.529,21529
60,3,2,45,13:09:09,23.877,23877
60,14,2,45,13:09:42,21.904,21904
60,2,2,46,13:10:22,23.404,23404
60,35,2,48,13:13:20,21.047,21047
61,33,1,1,13:06:08,1:39.447,99447
61,31,1,2,13:06:39,44.391,44391
61,36,1,2,13:06:54,27.564,27564
61,11,1,4,13:10:28,53.249,53249
61,21,1,7,13:14:00,14.488,14488
61,24,1,14,13:23:36,44.285,44285
61,17,1,15,13:24:55,25.510,25510
61,4,1,23,13:34:25,26.036,26036
61,11,2,22,13:36:09,27.054,27054
61,8,1,25,13:36:58,30.270,30270
61,23,1,24,13:37:01,16.391,16391
61,21,2,25,13:37:31,25.686,25686
61,15,1,25,13:37:31,29.515,29515
61,23,2,25,13:39:27,30.199,30199
61,24,2,26,13:40:17,25.778,25778
61,18,1,27,13:40:24,26.357,26357
61,26,1,28,13:42:01,27.047,27047
61,32,1,29,13:43:13,25.973,25973
61,23,3,28,13:43:57,14.627,14627
61,30,1,32,13:46:26,25.706,25706
61,35,1,33,13:48:12,24.922,24922
61,2,1,34,13:49:35,27.326,27326
61,14,1,34,13:49:59,25.360,25360
61,13,1,36,13:52:00,28.589,28589
61,33,2,34,13:53:06,27.977,27977
61,17,2,44,14:03:45,27.227,27227
61,11,3,43,14:05:19,26.896,26896
61,15,2,48,14:07:59,24.812,24812
61,4,2,50,14:09:22,24.574,24574
61,24,3,48,14:09:50,27.300,27300
61,26,2,50,14:11:19,25.985,25985
61,21,3,52,14:12:54,24.283,24283
61,8,2,53,14:13:32,32.505,32505
61,18,2,52,14:13:41,24.823,24823
61,32,2,53,14:15:04,27.033,27033
61,23,4,51,14:15:37,24.674,24674
61,2,2,54,14:16:00,24.293,24293
61,35,2,55,14:17:17,25.632,25632
61,14,2,56,14:19:02,24.815,24815
61,30,2,57,14:19:11,23.639,23639
61,33,3,57,14:25:13,24.518,24518
61,23,5,57,14:25:27,25.708,25708
62,27,1,1,13:05:10,28.941,28941
62,18,1,3,13:09:19,25.8,25800
62,33,1,8,13:17:47,33.704,33704
62,22,1,24,13:37:17,23.705,23705
62,27,2,28,13:43:00,23.808,23808
62,30,1,29,13:43:06,24.283,24283
62,21,1,29,13:43:16,23.334,23334
62,13,1,30,13:44:19,24.272,24272
62,23,1,30,13:44:39,23.019,23019
62,4,1,31,13:45:50,23.147,23147
62,27,3,32,13:48:33,24.936,24936
62,15,1,39,13:55:50,25.314,25314
62,24,1,39,13:56:34,25.07,25070
62,3,1,43,14:01:31,26.597,26597
62,14,1,47,14:06:35,23.712,23712
62,22,2,49,14:08:33,23.101,23101
62,13,2,52,14:11:45,22.732,22732
62,21,2,53,14:13:12,21.784,21784
62,23,2,53,14:13:25,22.16,22160
62,30,2,54,14:14:01,22.901,22901
62,4,2,55,14:15:54,24.784,24784
63,13,1,16,14:24:00,20.764,20764
63,4,1,17,14:25:21,21.412,21412
63,8,1,17,14:25:28,20.651,20651
63,30,1,18,14:26:28,20.146,20146
63,21,1,18,14:26:48,22.213,22213
63,37,1,18,14:27:08,20.390,20390
63,17,1,19,14:28:27,20.764,20764
63,36,1,19,14:29:17,20.788,20788
63,15,1,20,14:29:18,21.254,21254
63,18,1,21,14:31:32,22.179,22179
63,3,1,21,14:31:33,21.565,21565
63,23,1,22,14:31:56,30.654,30654
63,2,1,25,14:36:26,22.434,22434
63,27,1,26,14:38:14,31.955,31955
63,35,1,27,14:39:20,22.434,22434
63,26,1,28,14:40:35,22.746,22746
63,14,1,29,14:41:49,21.450,21450
63,32,1,31,14:44:49,21.292,21292
63,24,1,31,14:44:50,21.118,21118
63,8,2,32,14:45:18,24.753,24753
63,13,2,34,14:47:43,20.127,20127
63,37,2,35,14:49:44,20.196,20196
63,36,2,35,14:51:30,20.483,20483
63,30,2,38,14:52:47,19.686,19686
63,15,2,38,14:53:24,31.856,31856
63,17,2,38,14:54:05,21.584,21584
63,17,3,39,14:56:08,4:36.186,276186
63,4,2,42,14:58:17,23.021,23021
63,3,2,44,15:02:32,23.613,23613
63,21,2,45,15:02:38,21.616,21616
63,18,2,45,15:03:46,21.932,21932
63,23,2,46,15:03:57,21.096,21096
63,2,2,46,15:04:36,21.382,21382
63,27,2,48,15:08:09,23.416,23416
63,37,3,50,15:09:35,20.824,20824
63,26,2,50,15:10:15,20.565,20565
63,17,4,46,15:10:34,21.383,21383
63,14,2,52,15:12:40,20.555,20555
63,13,3,53,15:12:53,20.204,20204
63,24,2,52,15:13:07,20.399,20399
63,8,3,53,15:13:08,20.415,20415
63,36,3,51,15:13:45,22.090,22090
63,35,2,53,15:14:22,20.519,20519
63,32,2,53,15:14:25,22.264,22264
63,30,3,55,15:15:07,19.423,19423
63,3,3,56,15:18:56,19.951,19951
64,35,1,1,14:04:59,28.423,28423
64,23,1,1,14:05:00,24.646,24646
64,2,1,1,14:05:21,26.799,26799
64,8,1,10,14:16:12,28.95,28950
64,18,1,16,14:24:08,23.413,23413
64,22,1,18,14:27:04,24.017,24017
64,13,1,19,14:27:47,22.584,22584
64,21,1,19,14:28:08,23.454,23454
64,30,1,20,14:29:03,22.934,22934
64,4,1,20,14:29:42,22.066,22066
64,14,1,21,14:31:23,20.915,20915
64,33,1,24,14:35:45,22.529,22529
64,32,1,25,14:36:20,22.6,22600
64,24,1,26,14:37:56,22.092,22092
64,26,1,27,14:39:31,21.93,21930
64,11,1,27,14:39:42,22.679,22679
64,17,1,28,14:40:05,22.583,22583
64,8,2,28,14:40:13,21.379,21379
64,15,1,28,14:40:18,23.653,23653
64,23,2,29,14:42:00,21.611,21611
64,27,1,29,14:42:09,22.52,22520
64,23,3,35,14:50:10,11.126,11126
64,21,2,40,14:56:03,21.758,21758
64,14,2,40,14:56:30,23.704,23704
64,18,2,41,14:57:04,24.035,24035
64,4,2,43,14:59:58,22.273,22273
64,13,2,44,15:00:30,22.355,22355
64,33,2,43,15:01:23,11.068,11068
64,30,2,45,15:01:45,22.874,22874
64,33,3,44,15:02:53,22.717,22717
64,32,2,47,15:05:27,22.314,22314
64,23,4,47,15:05:58,20.862,20862
64,17,2,48,15:06:19,22.182,22182
64,27,2,48,15:07:29,21.897,21897
64,26,2,48,15:07:35,20.675,20675
64,24,2,49,15:08:34,20.442,20442
64,15,2,51,15:10:30,20.795,20795
64,8,3,55,15:15:28,20.425,20425
65,22,1,5,14:11:25,21.446,21446
65,13,1,12,14:23:16,22.713,22713
65,33,1,14,14:28:04,22.115,22115
65,37,1,16,14:28:53,26.422,26422
65,8,1,17,14:30:23,26.05,26050
65,18,1,17,14:30:37,23.921,23921
65,30,1,17,14:31:03,28.578,28578
65,27,1,16,14:31:35,22.658,22658
65,9,1,18,14:33:55,27.057,27057
65,23,1,23,14:41:35,24.869,24869
65,15,1,24,14:44:10,23.417,23417
65,37,2,26,14:45:32,26.179,26179
65,22,2,26,14:45:57,22.256,22256
65,14,1,26,14:46:08,26.698,26698
65,2,1,26,14:46:10,23.338,23338
65,4,1,27,14:46:21,25.76,25760
65,11,1,25,14:46:28,27.018,27018
65,26,1,26,14:47:11,37.044,37044
65,33,2,28,14:54:14,27.596,27596
65,26,2,38,15:10:10,23.158,23158
65,13,2,41,15:14:34,23.147,23147
65,26,3,41,15:16:25,25.529,25529
65,9,2,44,15:18:48,23.41,23410
65,18,2,46,15:19:55,20.48,20480
65,30,2,46,15:20:24,22.385,22385
65,23,2,47,15:23:37,22.151,22151
65,27,2,46,15:24:23,25.99,25990
65,15,2,48,15:25:25,23.402,23402
65,22,3,50,15:26:30,21.744,21744
65,4,2,51,15:27:26,21.955,21955
65,37,3,51,15:27:58,22.366,22366
65,26,4,48,15:28:27,24.98,24980
65,14,2,53,15:31:40,22.123,22123
65,18,3,54,15:32:04,20.869,20869
65,11,2,51,15:33:03,22.705,22705
65,33,3,52,15:33:34,21.751,21751
65,2,2,55,15:33:59,21.065,21065
65,13,3,59,15:41:57,20.686,20686
66,23,1,1,15:05:20,26.751,26751
66,21,1,1,15:05:22,37.855,37855
66,2,1,1,15:05:36,38.856,38856
66,26,1,1,15:05:38,36.449,36449
66,8,1,1,15:06:07,51.901,51901
66,11,1,1,15:06:09,23:56.582,1436582
66,13,1,14,15:24:32,26.149,26149
66,30,1,14,15:24:33,37.947,37947
66,4,1,14,15:24:43,25.944,25944
66,18,1,14,15:24:48,25.369,25369
66,17,1,14,15:25:05,25.003,25003
66,9,1,14,15:25:12,24.345,24345
66,27,1,14,15:25:28,25.657,25657
66,29,1,14,15:25:41,29.096,29096
66,15,1,25,15:43:18,24.920,24920
66,14,1,25,15:43:20,27.194,27194
66,32,1,26,15:44:46,24.166,24166
66,2,2,25,15:45:08,25.145,25145
66,22,1,27,15:46:16,24.545,24545
66,26,2,27,15:46:33,24.360,24360
66,37,1,30,15:50:41,28.073,28073
66,21,2,30,15:50:46,29.001,29001
66,23,2,32,15:53:55,26.934,26934
66,9,2,34,15:57:01,26.142,26142
66,27,2,38,16:03:18,35.086,35086
66,13,2,39,16:03:36,25.091,25091
66,4,2,39,16:03:44,25.347,25347
66,18,2,39,16:03:59,25.048,25048
66,17,2,39,16:04:44,26.745,26745
66,30,2,43,16:09:46,24.602,24602
66,2,3,41,16:10:01,33.269,33269
66,32,2,43,16:10:57,23.885,23885
66,26,3,43,16:11:03,24.514,24514
66,22,2,44,16:12:14,23.248,23248
66,15,2,44,16:12:24,23.864,23864
66,14,2,45,16:13:59,23.194,23194
66,11,2,31,16:17:23,29.437,29437
67,37,1,14,14:23:44,28.482,28482
67,8,1,15,14:24:43,27.063,27063
67,30,1,17,14:27:29,28.176,28176
67,13,1,19,14:30:36,27.595,27595
67,4,1,19,14:30:40,26.546,26546
67,27,1,19,14:31:31,1:00.102,60102
67,18,1,20,14:32:03,27.305,27305
67,2,1,21,14:33:28,27.437,27437
67,9,1,22,14:34:45,26.013,26013
67,2,2,25,14:39:33,15.122,15122
67,11,1,25,14:40:15,30.490,30490
67,21,1,26,14:40:39,27.649,27649
67,23,1,28,14:44:09,26.903,26903
67,33,1,28,14:44:15,29.333,29333
67,15,1,29,14:45:07,27.336,27336
67,26,1,29,14:45:32,27.732,27732
67,22,1,30,14:46:28,28.148,28148
67,17,1,30,14:46:41,28.706,28706
67,24,1,30,14:47:03,27.401,27401
67,14,1,32,14:49:50,27.378,27378
67,32,1,35,14:54:08,25.503,25503
67,8,2,38,14:57:11,25.702,25702
67,30,2,39,14:58:31,25.678,25678
67,13,2,39,14:59:02,26.953,26953
67,2,3,40,15:00:47,24.406,24406
67,4,2,41,15:01:50,24.273,24273
67,9,2,41,15:01:50,24.616,24616
67,18,2,41,15:02:00,24.865,24865
67,33,2,40,15:02:07,44.807,44807
67,13,3,44,15:06:30,25.115,25115
67,33,3,43,15:07:20,33.890,33890
68,38,1,1,14:05:41,30.705,30705
68,18,1,15,14:30:31,24.936,24936
68,8,1,16,14:31:56,26.323,26323
68,22,1,17,14:34:04,26.032,26032
68,37,1,17,14:34:06,25.173,25173
68,29,1,18,14:36:59,30.392,30392
68,3,1,20,14:40:08,25.905,25905
68,30,1,21,14:40:50,24.313,24313
68,17,1,21,14:41:29,24.043,24043
68,29,2,20,14:42:14,27.722,27722
68,4,1,22,14:42:15,25.654,25654
68,21,1,23,14:44:16,23.759,23759
68,33,1,23,14:45:58,25.848,25848
68,9,1,24,14:46:44,23.936,23936
68,26,1,24,14:47:05,25.436,25436
68,23,1,24,14:47:12,28.846,28846
68,2,1,25,14:48:18,23.287,23287
68,15,1,25,14:48:56,28.473,28473
68,11,1,25,14:49:22,24.359,24359
68,9,2,25,14:49:35,28.954,28954
68,27,1,25,14:50:02,26.68,26680
68,27,2,26,14:52:50,33.183,33183
68,38,2,28,14:54:07,26.11,26110
68,13,1,29,14:55:33,27.862,27862
68,14,1,29,14:55:41,27.941,27941
68,24,1,31,14:59:28,26.707,26707
68,29,3,30,15:01:21,15.131,15131
68,3,2,32,15:01:52,26.596,26596
68,26,2,33,15:03:50,25.39,25390
68,18,2,34,15:04:20,26.57,26570
68,17,2,34,15:04:36,27.585,27585
68,13,2,34,15:04:41,24.893,24893
68,4,2,35,15:05:34,35.892,35892
68,29,4,33,15:07:10,26.945,26945
68,37,2,36,15:07:38,26.896,26896
68,22,2,37,15:09:19,26.176,26176
68,38,3,37,15:10:31,23.975,23975
68,33,2,37,15:11:41,27.644,27644
68,11,2,38,15:12:35,25.291,25291
68,27,3,37,15:13:06,27.108,27108
68,14,2,39,15:13:19,24.347,24347
68,30,2,40,15:13:57,24.57,24570
68,2,2,40,15:14:29,24.271,24271
68,21,2,41,15:15:38,23.403,23403
68,9,3,40,15:15:55,23.625,23625
69,22,1,2,14:07:07,24.846,24846
69,15,1,12,14:22:38,21.454,21454
69,13,1,13,14:24:06,23.037,23037
69,23,1,13,14:24:13,21.262,21262
69,21,1,14,14:25:46,22.266,22266
69,4,1,15,14:27:16,22.909,22909
69,3,1,15,14:27:50,22.918,22918
69,18,1,16,14:29:02,23.742,23742
69,30,1,18,14:31:52,23.656,23656
69,2,1,18,14:32:24,22.107,22107
69,14,1,18,14:33:10,21.636,21636
69,9,1,20,14:35:42,22.389,22389
69,17,1,20,14:35:55,22.788,22788
69,37,1,20,14:35:59,24.302,24302
69,24,1,20,14:36:28,22.124,22124
69,29,1,20,14:37:03,22.236,22236
69,38,1,21,14:38:02,20.754,20754
69,8,1,22,14:38:44,23.143,23143
69,22,2,22,14:39:39,22.917,22917
69,26,1,23,14:41:13,21.787,21787
69,11,1,23,14:41:33,22.203,22203
69,33,1,25,14:44:44,25.497,25497
69,15,2,29,14:49:47,23.607,23607
69,23,2,30,14:51:23,23.255,23255
69,21,2,33,14:56:07,23.008,23008
69,3,2,34,14:58:27,24.09,24090
69,29,2,33,14:58:41,32.641,32641
69,4,2,35,14:58:57,21.824,21824
69,13,2,35,14:59:08,22.459,22459
69,14,2,34,14:59:12,23.028,23028
69,24,2,34,14:59:21,22.125,22125
69,30,2,36,15:00:24,21.984,21984
69,29,3,34,15:00:52,23.513,23513
69,38,2,35,15:00:53,22.775,22775
69,26,2,35,15:01:19,23.101,23101
69,2,2,36,15:01:25,21.679,21679
69,18,2,37,15:02:33,21.763,21763
69,9,2,37,15:03:06,23.299,23299
69,17,2,38,15:05:03,21.99,21990
69,11,2,38,15:06:07,22.06,22060
69,33,2,39,15:07:53,23.524,23524
69,37,2,40,15:08:16,21.161,21161
69,8,2,41,15:09:00,19.897,19897
69,22,3,41,15:10:22,21.478,21478
70,30,1,9,14:18:49,29.476,29476
70,8,1,21,14:33:02,25.482,25482
70,21,1,21,14:33:08,26.612,26612
70,22,1,21,14:33:09,25.601,25601
70,13,1,24,14:36:31,25.916,25916
70,18,1,25,14:38:03,24.903,24903
70,4,1,26,14:39:13,25.969,25969
70,27,1,26,14:39:57,24.995,24995
70,9,1,27,14:40:45,25.746,25746
70,29,1,27,14:41:16,24.638,24638
70,2,1,28,14:42:07,23.763,23763
70,11,1,28,14:42:27,24.116,24116
70,24,1,32,14:47:28,26.744,26744
70,26,1,33,14:48:39,24.507,24507
70,37,1,35,14:50:51,27.841,27841
70,38,1,35,14:51:16,25.16,25160
70,2,2,38,14:54:54,27.887,27887
70,33,1,39,14:56:25,27.683,27683
70,22,2,46,15:04:31,25.514,25514
70,29,2,46,15:05:29,25.361,25361
70,30,2,47,15:05:49,24.624,24624
70,11,2,48,15:07:29,24.866,24866
70,27,2,48,15:07:57,26.239,26239
70,21,2,49,15:08:11,23.891,23891
70,9,2,49,15:08:30,24.582,24582
70,18,2,50,15:09:21,24.432,24432
70,8,2,51,15:10:36,23.872,23872
70,13,2,52,15:11:20,24.395,24395
70,24,2,53,15:14:13,24.432,24432
70,4,2,54,15:14:15,24.101,24101
70,26,2,54,15:15:18,23.832,23832
70,38,2,59,15:21:38,23.266,23266
70,29,3,63,15:27:31,22.886,22886
36,2,1,14,14:25:00,26.633,26633
36,8,1,19,14:32:01,24.905,24905
36,22,1,19,14:33:08,25.17,25170
36,21,1,20,14:33:58,24.426,24426
36,9,1,21,14:35:17,24.065,24065
36,4,1,22,14:36:37,24.412,24412
36,17,1,22,14:37:10,33.832,33832
36,1,1,23,14:38:03,24.025,24025
36,16,1,22,14:38:05,24.856,24856
36,24,1,23,14:39:20,24.634,24634
36,16,2,23,14:40:04,12.672,12672
36,23,1,24,14:40:15,23.548,23548
36,11,1,24,14:40:21,24.708,24708
36,15,1,25,14:41:49,23.699,23699
36,16,3,24,14:41:54,12.673,12673
36,26,1,25,14:42:19,25.051,25051
36,5,1,27,14:44:47,23.296,23296
36,3,1,27,14:44:48,22.297,22297
36,18,1,27,14:45:11,22.818,22818
36,14,1,28,14:46:42,24.717,24717
36,13,1,29,14:47:43,27.97,27970
36,19,1,29,14:48:36,22.281,22281
36,18,2,30,14:50:06,12.841,12841
36,25,1,32,14:52:43,26.136,26136
36,2,2,38,15:00:40,23.625,23625
36,22,2,39,15:03:14,22.954,22954
36,3,2,41,15:05:46,23.328,23328
36,8,2,42,15:05:48,22.685,22685
36,11,2,42,15:07:34,29.317,29317
36,1,2,43,15:07:35,23.352,23352
36,17,2,42,15:07:45,32.145,32145
36,16,4,41,15:07:48,24.718,24718
36,18,3,43,15:09:44,22.908,22908
36,21,2,44,15:09:45,21.704,21704
36,4,2,45,15:10:28,21.509,21509
36,23,2,45,15:11:48,24.116,24116
36,24,2,45,15:12:43,22.51,22510
36,19,2,45,15:12:48,22.309,22309
36,5,2,46,15:13:22,21.809,21809
36,15,2,46,15:13:29,22.794,22794
36,14,2,47,15:15:13,20.963,20963
37,24,1,2,15:07:27,37.684,37684
37,9,1,11,15:22:14,35.953,35953
37,22,1,12,15:24:06,29.725,29725
37,13,1,17,15:31:50,31.178,31178
37,25,1,17,15:32:15,30.767,30767
37,26,1,17,15:32:24,30.072,30072
37,11,1,17,15:32:28,28.996,28996
37,4,1,18,15:33:02,30.566,30566
37,8,1,18,15:33:18,31.472,31472
37,15,1,18,15:33:48,29.933,29933
37,19,1,18,15:34:06,30.189,30189
37,3,1,19,15:35:11,29.579,29579
37,23,1,19,15:35:44,29.718,29718
37,24,2,19,15:36:13,29.083,29083
37,1,1,20,15:36:33,29.073,29073
37,17,1,21,15:38:49,30.949,30949
37,18,1,21,15:39:07,29.018,29018
37,2,1,22,15:39:59,30.129,30129
37,5,1,22,15:40:25,28.26,28260
37,21,1,23,15:41:59,28.813,28813
37,14,1,26,15:47:19,29.718,29718
37,9,2,27,15:49:35,31.454,31454
37,23,2,28,15:51:16,28.991,28991
37,25,2,34,16:00:38,31.872,31872
37,22,2,34,16:01:08,30.32,30320
37,26,2,34,16:01:14,31.202,31202
37,19,2,34,16:01:22,29.495,29495
37,24,3,36,16:04:46,30.083,30083
37,18,2,37,16:06:09,29.359,29359
37,1,2,38,16:06:19,28.984,28984
37,3,2,38,16:06:51,30.969,30969
37,15,2,38,16:07:08,29.38,29380
37,5,2,39,16:08:50,28.437,28437
37,4,2,40,16:09:26,28.864,28864
37,11,2,39,16:09:33,35.358,35358
37,13,2,40,16:10:01,29.107,29107
37,8,2,41,16:11:24,28.169,28169
37,2,2,42,16:13:15,27.692,27692
37,21,2,42,16:13:40,27.76,27760
37,17,2,42,16:14:00,28.828,28828
38,16,1,1,14:36:05,5:08.638,308638
38,24,1,2,14:38:43,30.216,30216
38,24,2,9,14:50:58,18.997,18997
38,14,1,17,15:03:41,30.164,30164
38,25,1,17,15:03:41,30.964,30964
38,23,1,17,15:03:47,30.002,30002
38,17,1,18,15:05:06,33.345,33345
38,1,1,19,15:06:16,31.744,31744
38,21,1,19,15:06:41,32.711,32711
38,11,1,20,15:08:36,31.360,31360
38,27,1,20,15:09:05,31.647,31647
38,13,1,21,15:09:24,30.216,30216
38,15,1,21,15:10:01,30.170,30170
38,24,3,21,15:10:49,2:31.479,151479
38,16,2,19,15:10:56,41.185,41185
38,4,1,22,15:11:11,30.382,30382
38,3,1,22,15:11:42,29.446,29446
38,8,1,23,15:12:45,30.141,30141
38,2,1,23,15:12:48,29.990,29990
38,9,1,23,15:13:04,29.525,29525
38,5,1,25,15:16:36,29.193,29193
38,22,1,26,15:18:37,30.772,30772
38,19,1,28,15:21:26,28.441,28441
38,25,2,34,15:31:31,30.812,30812
38,14,2,35,15:32:59,30.805,30805
38,17,2,38,15:37:50,29.771,29771
38,23,2,38,15:38:01,29.425,29425
38,3,2,39,15:39:33,29.579,29579
38,19,2,39,15:39:36,29.747,29747
38,13,2,40,15:39:57,30.034,30034
38,16,3,37,15:40:58,30.326,30326
38,8,2,41,15:41:42,29.101,29101
38,2,2,41,15:41:48,29.018,29018
38,27,2,41,15:44:02,29.471,29471
38,15,2,42,15:44:14,28.655,28655
38,5,2,42,15:44:22,28.133,28133
38,4,2,43,15:45:00,28.570,28570
38,9,2,43,15:45:23,28.055,28055
38,1,2,44,15:46:25,28.717,28717
38,21,2,44,15:47:31,28.100,28100
38,22,2,46,15:51:25,28.879,28879
39,23,1,1,14:08:13,36.427,36427
39,22,1,18,14:32:05,27.927,27927
39,13,1,19,14:32:46,28.325,28325
39,4,1,19,14:33:00,29.103,29103
39,5,1,19,14:33:16,26.441,26441
39,14,1,20,14:34:38,26.652,26652
39,9,1,21,14:35:54,27.467,27467
39,18,1,21,14:36:21,27.42,27420
39,21,1,21,14:36:22,29.42,29420
39,1,1,22,14:37:06,27.531,27531
39,18,2,22,14:38:26,38.845,38845
39,3,1,23,14:39:03,27.217,27217
39,16,1,23,14:39:45,27.62,27620
39,2,1,24,14:40:08,41.664,41664
39,11,1,24,14:40:39,28.084,28084
39,27,1,24,14:41:16,27.474,27474
39,2,2,25,14:42:49,26.262,26262
39,19,1,27,14:45:13,28.121,28121
39,23,2,27,14:45:30,26.964,26964
39,5,2,30,14:49:09,26.202,26202
39,27,2,33,14:54:47,16.656,16656
39,21,2,40,15:03:47,25.498,25498
39,22,2,41,15:05:11,26.691,26691
39,13,2,42,15:05:17,27.403,27403
39,14,2,42,15:05:55,27.068,27068
39,5,3,42,15:06:14,29.459,29459
39,3,2,43,15:07:36,27.367,27367
39,11,2,46,15:12:18,27.29,27290
39,1,2,47,15:12:34,25.655,25655
39,9,2,47,15:12:53,25.726,25726
39,16,2,46,15:13:21,31.719,31719
39,4,2,48,15:14:15,25.834,25834
39,27,3,47,15:15:08,37.648,37648
39,18,3,48,15:16:11,26.345,26345
39,19,2,49,15:17:07,25.668,25668
39,21,3,58,15:29:24,23.904,23904
40,21,1,23,14:33:02,29.057,29057
40,3,1,23,14:33:28,26.446,26446
40,11,1,24,14:35:26,28.747,28747
40,27,1,24,14:35:46,25.757,25757
40,4,1,26,14:36:29,24.861,24861
40,13,1,26,14:36:43,25.872,25872
40,1,1,29,14:40:21,25.329,25329
40,2,1,32,14:45:02,28.197,28197
40,19,1,36,14:51:22,14.703,14703
40,22,1,37,14:51:47,24.726,24726
40,19,2,37,14:52:52,28.595,28595
40,18,1,41,14:57:02,24.998,24998
40,14,1,42,14:58:43,27.318,27318
40,25,1,44,15:00:52,26.804,26804
40,5,1,44,15:01:20,25.501,25501
40,16,1,44,15:01:56,26.838,26838
40,9,1,45,15:02:00,28.254,28254
40,26,1,45,15:02:31,26.479,26479
40,8,1,47,15:05:03,25.002,25002
40,15,1,47,15:05:42,25.228,25228
40,23,1,49,15:08:24,25.042,25042
40,4,2,51,15:08:29,24.687,24687
40,1,2,53,15:11:11,23.297,23297
40,27,2,51,15:11:51,26.295,26295
40,13,2,55,15:14:23,28.15,28150
40,21,2,55,15:14:41,24.025,24025
40,11,2,57,15:18:58,23.948,23948
40,3,2,59,15:20:55,24.092,24092
40,22,2,60,15:22:09,24.01,24010
40,18,2,61,15:23:28,24.936,24936
41,2,1,20,13:29:34,28.291,28291
41,1,1,22,13:31:57,29.642,29642
41,17,1,22,13:33:04,30.491,30491
41,4,1,23,13:33:38,29.217,29217
41,3,1,23,13:33:40,29.112,29112
41,13,1,25,13:38:08,29.157,29157
41,8,1,25,13:38:13,37.643,37643
41,21,1,25,13:38:13,28.361,28361
41,9,1,25,13:38:14,34.776,34776
41,11,1,25,13:38:18,33.122,33122
41,15,1,25,13:38:19,30.466,30466
41,24,1,25,13:38:20,30.723,30723
41,27,1,25,13:38:30,30.381,30381
41,14,1,27,13:41:38,29.553,29553
41,5,1,27,13:41:41,49.659,49659
41,15,2,29,13:45:47,26.684,26684
41,22,1,30,13:47:42,28.48,28480
41,25,1,30,13:47:44,32.921,32921
41,14,2,30,13:47:57,26.086,26086
41,24,2,30,13:47:59,28.927,28927
41,15,3,30,13:48:02,27.011,27011
41,14,3,31,13:50:09,28.012,28012
41,24,3,32,13:52:18,27.998,27998
41,4,2,36,13:57:49,30.591,30591
41,3,2,36,13:57:51,31.049,31049
41,19,1,37,13:59:17,55.663,55663
41,19,2,39,14:02:57,34.436,34436
41,23,1,40,14:03:11,27.623,27623
41,5,2,44,14:08:48,30.466,30466
41,2,2,47,14:11:56,28.901,28901
41,1,2,48,14:13:06,26.474,26474
41,21,2,48,14:13:42,28.346,28346
41,3,3,49,14:15:53,27.911,27911
41,11,2,50,14:16:24,45.674,45674
41,19,3,51,14:19:57,25.834,25834
41,8,2,53,14:21:40,27.411,27411
41,4,3,53,14:21:41,26.911,26911
41,23,2,53,14:21:43,26.413,26413
41,11,3,53,14:21:45,28.194,28194
41,17,2,54,14:23:43,27.663,27663
41,15,4,58,14:30:41,27.693,27693
41,22,2,63,14:38:39,27.46,27460
42,1,1,21,13:29:29,27.21,27210
42,13,1,21,13:29:37,27.884,27884
42,2,1,21,13:29:49,26.124,26124
42,4,1,22,13:30:46,26.343,26343
42,8,1,24,13:33:32,26.573,26573
42,20,1,24,13:33:54,25.12,25120
42,5,1,27,13:37:15,25.61,25610
42,16,1,28,13:39:37,26.3,26300
42,17,1,30,13:41:13,26.446,26446
42,15,1,31,13:42:24,26.339,26339
42,21,1,36,13:49:33,28.603,28603
42,26,1,36,13:49:46,28.492,28492
42,24,1,37,13:51:00,37.649,37649
42,27,1,38,13:52:54,32.563,32563
42,3,1,40,13:53:47,31.752,31752
42,19,1,41,13:56:04,25.298,25298
42,25,1,43,13:58:33,27.556,27556
42,18,1,43,13:58:34,34.015,34015
42,5,2,47,14:02:32,26.615,26615
42,2,2,48,14:03:44,25.45,25450
42,4,2,50,14:05:50,24.986,24986
42,1,2,51,14:07:01,25.344,25344
42,8,2,51,14:07:18,25.412,25412
42,16,2,50,14:07:47,26.926,26926
42,20,2,51,14:07:55,25.004,25004
42,13,2,52,14:08:29,25.626,25626
42,19,2,53,14:11:32,25.331,25331
42,15,2,56,14:14:03,24.351,24351
42,17,2,59,14:17:49,24.272,24272
43,5,1,1,14:05:02,24.761,24761
43,1,1,16,14:23:47,23.96,23960
43,4,1,16,14:24:06,24.525,24525
43,11,1,18,14:27:12,35.119,35119
43,13,1,19,14:27:28,24.904,24904
43,9,1,19,14:27:48,24.48,24480
43,21,1,19,14:27:52,26.012,26012
43,3,1,20,14:29:19,25.171,25171
43,8,1,22,14:31:23,24.308,24308
43,2,1,22,14:31:49,24.616,24616
43,5,2,26,14:38:08,24.908,24908
43,23,1,27,14:38:58,24.608,24608
43,25,1,28,14:40:18,24.225,24225
43,16,1,28,14:40:35,26.675,26675
43,27,1,28,14:40:41,33.274,33274
43,17,1,30,14:42:53,24.189,24189
43,26,1,30,14:42:57,25.388,25388
43,18,1,32,14:45:07,23.239,23239
43,14,1,32,14:45:30,24.488,24488
43,22,1,33,14:46:48,23.328,23328
43,16,2,34,14:48:57,14.635,14635
43,1,2,37,14:51:13,22.822,22822
43,4,2,37,14:51:39,26.998,26998
43,11,2,40,14:56:39,27.309,27309
43,13,2,43,14:58:42,25.412,25412
43,9,2,45,15:01:55,24.221,24221
43,8,2,46,15:02:34,24.145,24145
43,3,2,46,15:03:32,25.021,25021
43,17,2,46,15:04:12,23.888,23888
43,2,2,47,15:04:40,23.889,23889
43,16,3,46,15:05:03,25.342,25342
43,14,2,48,15:06:49,23.75,23750
43,21,2,50,15:08:37,22.862,22862
43,18,2,50,15:08:43,23.781,23781
43,25,2,50,15:09:30,25.812,25812
43,1,3,51,15:09:32,22.788,22788
43,22,2,51,15:10:41,22.869,22869
43,23,2,52,15:11:46,22.783,22783
43,26,2,52,15:12:09,23.584,23584
43,5,3,54,15:15:09,22.684,22684
44,5,1,15,13:27:41,28.384,28384
44,3,1,15,13:28:08,27.098,27098
44,1,1,16,13:28:46,26.170,26170
44,9,1,16,13:28:56,26.036,26036
44,21,1,16,13:29:01,27.030,27030
44,23,1,16,13:29:08,26.541,26541
44,8,1,18,13:31:28,26.975,26975
44,15,1,18,13:32:15,25.951,25951
44,2,1,19,13:33:11,25.752,25752
44,4,1,20,13:34:14,24.065,24065
44,13,1,20,13:34:35,27.006,27006
44,27,1,23,13:39:49,25.962,25962
44,24,1,24,13:40:54,26.680,26680
44,26,1,25,13:42:09,26.096,26096
44,14,1,26,13:43:32,25.702,25702
44,25,1,26,13:43:36,24.992,24992
44,11,1,28,13:46:55,25.575,25575
44,19,1,30,13:49:39,9:04.703,544703
44,22,1,31,13:50:42,28.200,28200
44,18,1,33,13:53:37,27.371,27371
44,15,2,33,13:54:09,26.095,26095
44,21,2,35,13:55:56,26.064,26064
44,4,2,37,13:57:53,25.923,25923
44,5,2,37,13:58:49,25.738,25738
44,1,2,38,13:59:40,25.557,25557
44,3,2,38,14:01:09,24.829,24829
44,9,2,40,14:02:42,24.919,24919
44,27,2,39,14:03:03,26.705,26705
44,2,2,42,14:05:31,25.230,25230
44,8,2,43,14:06:07,24.181,24181
44,25,2,42,14:06:47,24.705,24705
44,13,2,45,14:09:40,24.454,24454
44,24,2,44,14:09:41,24.458,24458
44,14,2,45,14:10:37,25.178,25178
44,11,2,45,14:11:26,25.258,25258
45,13,1,1,14:05:38,30.701,30701
45,4,1,1,14:05:39,30.431,30431
45,17,1,1,14:05:42,28.644,28644
45,18,1,1,14:05:43,28.309,28309
45,5,1,1,14:05:44,35.046,35046
45,26,1,1,14:05:45,1:03.138,63138
45,24,1,1,14:05:46,1:13.592,73592
45,19,1,1,14:05:47,55.816,55816
45,23,1,1,14:05:48,50.049,50049
45,3,1,1,14:05:50,52.917,52917
45,14,1,1,14:05:51,29.482,29482
45,1,1,1,14:05:57,31.974,31974
45,22,1,1,14:05:57,29.515,29515
45,16,1,1,14:05:59,31.285,31285
45,2,1,1,14:06:05,35.136,35136
45,8,1,2,14:08:02,28.332,28332
45,11,1,2,14:08:15,28.555,28555
45,25,1,2,14:08:21,29.143,29143
45,15,1,2,14:08:27,30.310,30310
45,21,1,2,14:08:28,30.048,30048
45,9,1,2,14:08:32,32.959,32959
45,24,2,2,14:09:09,27.751,27751
45,28,1,3,14:10:03,27.487,27487
45,22,2,3,14:11:21,29.884,29884
45,23,2,3,14:11:35,30.789,30789
45,11,2,3,14:11:35,29.661,29661
45,15,2,3,14:11:42,44.752,44752
45,2,2,3,14:12:26,28.594,28594
45,19,2,3,14:12:30,30.447,30447
45,2,3,5,14:38:02,27.994,27994
45,15,3,6,14:40:42,26.919,26919
45,19,3,6,14:40:43,42.478,42478
45,1,2,6,14:42:20,28.796,28796
45,8,2,11,14:50:20,25.955,25955
45,25,2,11,14:50:22,26.502,26502
45,19,4,11,14:50:38,28.277,28277
45,28,2,11,14:50:44,33.738,33738
45,13,2,12,14:51:56,25.652,25652
45,4,2,12,14:51:56,27.550,27550
45,17,2,12,14:52:00,26.472,26472
45,5,2,12,14:52:07,26.822,26822
45,21,2,12,14:52:13,31.263,31263
45,23,3,12,14:52:14,26.347,26347
45,9,2,12,14:52:14,25.669,25669
45,22,3,12,14:52:18,26.626,26626
45,11,3,12,14:52:20,26.483,26483
45,15,4,12,14:52:22,44.688,44688
45,14,2,13,14:53:54,25.841,25841
45,2,4,13,14:53:59,24.705,24705
45,5,3,27,15:16:32,27.288,27288
45,21,3,30,15:21:36,30.003,30003
45,15,5,34,15:28:23,27.943,27943
45,1,3,34,15:28:27,28.847,28847
45,4,3,37,15:31:50,27.448,27448
45,25,3,37,15:32:20,28.495,28495
45,2,5,37,15:32:40,27.416,27416
45,13,3,38,15:33:15,28.422,28422
45,19,5,38,15:34:45,29.311,29311
45,9,3,39,15:35:48,27.995,27995
45,22,4,39,15:36:21,27.514,27514
45,17,3,41,15:38:37,27.435,27435
45,14,3,43,15:42:06,27.702,27702
45,5,4,49,15:51:49,26.181,26181
45,19,6,51,15:56:11,25.678,25678
45,14,4,52,15:56:54,25.324,25324
45,9,4,52,15:56:57,25.190,25190
45,13,4,53,15:57:25,26.470,26470
45,21,4,52,15:57:28,26.950,26950
45,4,4,53,15:57:29,25.997,25997
45,22,5,52,15:57:59,26.124,26124
45,17,4,53,15:58:18,25.816,25816
45,25,4,53,15:58:21,26.630,26630
45,2,6,53,15:58:43,25.545,25545
45,15,6,53,16:00:22,26.316,26316
45,1,4,54,16:01:09,27.191,27191
46,2,1,17,14:26:36,23.787,23787
46,3,1,17,14:26:44,22.792,22792
46,4,1,17,14:26:48,26.116,26116
46,22,1,17,14:27:42,22.799,22799
46,23,1,18,14:28:08,25.405,25405
46,1,1,19,14:29:04,25.951,25951
46,8,1,19,14:29:07,24.833,24833
46,9,1,19,14:29:33,23.358,23358
46,21,1,19,14:29:55,23.754,23754
46,17,1,20,14:31:01,23.463,23463
46,15,1,20,14:31:17,25.655,25655
46,24,1,20,14:31:40,24.135,24135
46,14,1,26,14:39:29,24.95,24950
46,5,1,27,14:40:45,23.566,23566
46,16,1,27,14:41:38,24.205,24205
46,25,1,29,14:43:57,24.458,24458
46,19,1,30,14:45:20,24.674,24674
46,18,1,30,14:45:41,24.789,24789
46,20,1,31,14:46:59,24.068,24068
46,3,2,32,14:47:37,23.622,23622
46,11,1,32,14:48:13,24.304,24304
46,13,1,35,14:52:19,22.618,22618
46,22,2,35,14:53:03,27.962,27962
46,17,2,40,14:58:47,22.882,22882
46,2,2,41,14:59:41,22.182,22182
46,21,2,41,15:00:35,26.351,26351
46,9,2,42,15:01:15,21.566,21566
46,14,2,43,15:03:19,23.024,23024
46,8,2,46,15:06:16,24.18,24180
46,16,2,45,15:07:09,24.489,24489
46,23,2,48,15:09:38,24.247,24247
46,5,2,49,15:11:17,24.112,24112
46,1,2,50,15:11:37,24.079,24079
46,20,2,49,15:12:17,24.259,24259
46,4,2,50,15:12:20,23.184,23184
46,13,2,50,15:13:07,23.195,23195
46,15,2,51,15:14:16,24.328,24328
46,25,2,51,15:14:28,24.372,24372
46,2,3,54,15:17:44,22.023,22023
46,3,3,55,15:19:24,23.331,23331
46,11,2,55,15:20:26,22.396,22396
46,9,3,56,15:20:34,21.833,21833
46,17,3,58,15:23:45,21.444,21444
47,9,1,12,15:21:40,28.993,28993
47,2,1,17,15:29:07,28.993,28993
47,3,1,17,15:29:16,29.085,29085
47,14,1,17,15:29:21,29.665,29665
47,8,1,18,15:30:22,29.075,29075
47,4,1,18,15:30:36,29.495,29495
47,25,1,18,15:30:53,30.246,30246
47,13,1,19,15:31:48,29.150,29150
47,1,1,20,15:33:21,29.570,29570
47,15,1,20,15:34:21,29.158,29158
47,5,1,21,15:35:11,28.436,28436
47,16,1,21,15:36:02,3:45.816,225816
47,21,1,22,15:36:51,28.603,28603
47,18,1,22,15:37:19,27.358,27358
47,29,1,22,15:37:44,38.357,38357
47,22,1,23,15:38:52,27.499,27499
47,24,1,24,15:40:16,27.885,27885
47,19,1,26,15:43:19,26.625,26625
47,20,1,28,15:46:34,43.362,43362
47,23,1,32,15:52:23,29.712,29712
47,11,1,32,15:52:52,29.513,29513
47,18,2,35,15:57:08,29.428,29428
47,16,2,33,15:58:00,30.169,30169
47,22,2,36,15:58:51,27.859,27859
47,9,2,37,15:59:30,28.164,28164
47,29,2,36,15:59:55,29.144,29144
47,24,2,37,16:00:13,28.262,28262
47,3,2,39,16:02:30,27.713,27713
47,8,2,41,16:04:48,27.006,27006
47,2,2,41,16:05:19,27.411,27411
47,13,2,42,16:06:15,27.164,27164
47,5,2,42,16:06:55,27.034,27034
47,14,2,42,16:07:18,26.821,26821
47,19,2,42,16:07:47,28.906,28906
47,4,2,43,16:08:05,26.802,26802
47,1,2,43,16:08:18,31.079,31079
47,21,2,43,16:08:36,30.215,30215
47,20,2,43,16:09:51,27.010,27010
47,25,2,44,16:10:26,26.120,26120
47,15,2,44,16:10:56,26.906,26906
48,20,1,1,14:05:22,32.765,32765
48,13,1,9,14:20:07,33.363,33363
48,1,1,18,14:32:32,29.868,29868
48,4,1,20,14:35:17,30.805,30805
48,29,1,20,14:36:20,29.014,29014
48,2,1,21,14:36:58,28.63,28630
48,5,1,21,14:37:07,29.693,29693
48,16,1,21,14:37:45,30.29,30290
48,9,1,23,14:39:50,38.641,38641
48,8,1,25,14:42:28,32.678,32678
48,3,1,30,14:50:10,30.717,30717
48,15,1,30,14:50:20,31.041,31041
48,23,1,31,14:51:59,29.498,29498
48,20,2,31,14:52:06,30.479,30479
48,24,1,32,14:53:29,30.054,30054
48,18,1,33,14:54:30,30.094,30094
48,21,1,33,14:54:46,29.757,29757
48,17,1,34,14:55:59,29.504,29504
48,22,1,34,14:56:00,29.772,29772
48,11,1,34,14:56:21,29.853,29853
48,19,1,35,14:57:39,29.582,29582
48,29,2,35,14:58:29,30.424,30424
48,25,1,37,15:00:28,31.563,31563
48,16,2,37,15:01:17,29.987,29987
48,2,2,39,15:02:49,27.517,27517
48,1,2,40,15:03:45,27.428,27428
48,5,2,41,15:05:56,27.459,27459
48,4,2,43,15:07:47,27.245,27245
48,9,2,43,15:08:45,27.388,27388
49,20,1,7,14:17:36,26.953,26953
49,3,1,14,14:30:00,27.656,27656
49,17,1,14,14:30:04,28.064,28064
49,15,1,14,14:30:36,27.496,27496
49,8,1,15,14:31:20,29.203,29203
49,4,1,15,14:31:31,29.38,29380
49,9,1,15,14:32:05,28.107,28107
49,13,1,16,14:33:14,28.612,28612
49,1,1,16,14:33:23,29.378,29378
49,16,1,16,14:34:19,27.819,27819
49,29,1,17,14:36:32,29.074,29074
49,2,1,18,14:37:20,27.288,27288
49,23,1,20,14:41:25,29.947,29947
49,11,1,21,14:43:47,26.608,26608
49,25,1,21,14:44:01,30.167,30167
49,5,1,22,14:45:02,31.109,31109
49,18,1,24,14:49:14,29.268,29268
49,24,1,24,14:49:15,32.463,32463
49,14,1,25,14:51:01,28.676,28676
49,19,1,25,14:51:37,28.871,28871
49,22,1,26,14:53:09,28.746,28746
49,3,2,30,14:59:49,27.642,27642
49,8,2,31,15:00:46,26.719,26719
49,16,2,30,15:00:47,27.716,27716
49,17,2,31,15:01:45,26.479,26479
49,15,2,31,15:02:19,26.764,26764
49,13,2,32,15:02:40,26.203,26203
49,29,2,31,15:03:14,27.674,27674
49,4,2,33,15:04:44,25.612,25612
49,25,2,32,15:05:16,25.655,25655
49,9,2,33,15:05:35,25.818,25818
49,11,2,33,15:06:28,25.777,25777
49,2,2,34,15:06:56,26.276,26276
49,1,2,37,15:12:05,26.032,26032
50,13,1,2,13:34:50,33.588,33588
50,8,1,3,13:37:01,34.105,34105
50,24,1,10,13:55:02,34.516,34516
50,29,1,13,13:59:27,38.944,38944
50,8,2,14,14:01:38,32.031,32031
50,13,2,15,14:03:48,34.520,34520
50,25,1,16,14:06:00,35.403,35403
50,22,1,18,14:10:22,34.843,34843
50,11,1,18,14:10:26,35.025,35025
50,15,1,18,14:10:28,36.262,36262
50,13,3,20,14:14:31,23.769,23769
50,11,2,22,14:17:39,51.419,51419
50,18,1,23,14:19:00,38.945,38945
50,4,1,27,14:24:21,38.483,38483
50,1,1,28,14:25:46,38.286,38286
50,23,1,28,14:26:45,34.683,34683
50,20,1,32,14:32:03,37.388,37388
50,2,1,35,14:37:10,37.076,37076
50,17,1,36,14:38:05,36.213,36213
50,9,1,36,14:38:31,38.947,38947
50,19,1,37,14:40:51,38.155,38155
50,5,1,39,14:43:05,35.845,35845
50,14,1,39,14:43:13,34.403,34403
50,8,3,40,14:45:00,40.000,40000
50,3,1,40,14:45:19,35.510,35510
50,9,2,40,14:45:25,23.893,23893
50,21,1,41,14:46:21,35.295,35295
50,24,2,44,14:52:38,34.873,34873
50,16,1,44,14:52:44,36.663,36663
50,11,3,43,14:52:47,34.754,34754
50,23,2,48,15:01:43,34.916,34916
50,3,2,49,15:04:04,34.198,34198
50,23,3,53,15:10:25,14:35.538,875538
50,29,2,57,15:16:00,34.678,34678
50,13,4,58,15:16:49,32.499,32499
50,22,2,60,15:20:22,30.873,30873
50,15,2,60,15:20:50,34.598,34598
51,16,1,6,14:15:21,27.782,27782
51,29,1,7,14:17:21,28.711,28711
51,19,1,11,14:24:37,32.689,32689
51,1,1,15,14:30:12,27.29,27290
51,13,1,17,14:33:58,27.465,27465
51,4,1,18,14:35:45,27.81,27810
51,8,1,19,14:37:18,27.644,27644
51,14,1,19,14:37:49,27.556,27556
51,24,1,19,14:37:56,26.508,26508
51,25,1,22,14:43:52,28.99,28990
51,17,1,23,14:45:05,27.287,27287
51,23,1,23,14:45:50,32.481,32481
51,5,1,24,14:47:24,29.54,29540
51,18,1,24,14:47:25,27.728,27728
51,9,1,25,14:48:39,26.805,26805
51,15,1,25,14:48:59,29.071,29071
51,3,1,25,14:49:00,31.037,31037
51,21,1,25,14:49:07,26.535,26535
51,22,1,25,14:49:17,29.815,29815
51,16,2,24,14:49:21,29.113,29113
51,11,1,25,14:49:28,31.392,31392
51,29,2,24,14:49:32,54.949,54949
51,13,2,26,14:50:13,28.643,28643
51,20,1,26,14:50:35,32.182,32182
51,14,2,26,14:50:45,27.522,27522
51,22,2,26,14:51:42,34.047,34047
51,17,2,27,14:52:42,26.469,26469
51,2,1,28,14:54:05,30.377,30377
51,29,3,26,14:54:32,27.838,27838
51,3,2,28,14:56:30,30.559,30559
51,24,2,31,14:59:57,29.436,29436
51,17,3,31,15:00:20,27.199,27199
51,8,2,32,15:01:07,28.543,28543
51,4,2,32,15:01:21,29.267,29267
51,22,3,31,15:01:31,26.822,26822
51,2,2,32,15:01:54,29.351,29351
51,3,3,31,15:02:34,27.257,27257
51,29,4,30,15:02:35,28.624,28624
51,25,2,37,15:10:48,27.117,27117
51,18,2,42,15:18:46,26.716,26716
51,21,2,45,15:24:06,25.693,25693
52,24,1,1,14:05:09,34.899,34899
52,5,1,1,14:05:41,34.164,34164
52,22,1,9,14:15:12,17.362,17362
52,9,1,19,14:27:20,27.933,27933
52,13,1,20,14:28:15,29.333,29333
52,8,1,21,14:29:30,29.163,29163
52,4,1,22,14:30:56,28.964,28964
52,15,1,22,14:31:14,26.528,26528
52,20,1,22,14:31:27,28.329,28329
52,1,1,22,14:31:36,26.753,26753
52,19,1,22,14:31:51,28.718,28718
52,16,1,22,14:31:53,26.873,26873
52,3,1,23,14:32:29,29.534,29534
52,14,1,23,14:32:32,27.421,27421
52,2,1,25,14:34:58,27.047,27047
52,11,1,25,14:35:37,29.890,29890
52,19,2,24,14:35:47,42.189,42189
52,16,2,26,14:37:44,2:49.325,169325
52,16,3,27,14:41:53,3:10.813,190813
52,22,2,30,14:41:56,27.154,27154
52,24,2,30,14:42:51,33.743,33743
52,6,1,31,14:43:00,34.201,34201
52,23,1,33,14:45:38,34.708,34708
52,16,4,29,14:47:45,33.207,33207
52,1,2,36,14:49:21,26.468,26468
52,9,2,38,14:51:18,25.569,25569
52,14,2,42,14:56:41,28.376,28376
52,15,2,43,14:57:47,26.261,26261
52,16,5,38,15:00:03,32.288,32288
52,11,2,44,15:00:06,28.700,28700
52,13,2,50,15:05:35,26.974,26974
52,19,3,48,15:07:14,28.565,28565
52,2,2,51,15:07:41,26.507,26507
52,4,2,52,15:08:47,26.469,26469
52,8,2,53,15:09:15,26.166,26166
52,3,2,54,15:11:23,28.398,28398
52,24,3,54,15:13:43,27.482,27482
52,1,3,56,15:14:23,25.261,25261
52,9,3,58,15:16:24,25.220,25220
52,6,2,61,15:21:00,28.706,28706
52,23,2,61,15:21:01,27.982,27982
52,15,3,63,15:23:01,25.879,25879
18,6,1,1,15:35:41,31.811,31811
18,13,1,1,15:35:43,29.785,29785
18,13,2,2,15:38:20,22.92,22920
18,9,1,16,15:58:55,24.029,24029
18,1,1,18,16:01:38,24.797,24797
18,7,1,19,16:04:23,28.762,28762
18,3,1,21,16:06:27,24.146,24146
18,2,1,21,16:06:28,22.9,22900
18,5,1,22,16:07:44,24.446,24446
18,14,1,22,16:08:21,24.363,24363
18,22,1,23,16:09:46,23.217,23217
18,11,1,25,16:13:33,26.095,26095
18,7,2,28,16:18:45,26.371,26371
18,9,2,29,16:20:34,23.915,23915
18,4,1,29,16:20:35,25.291,25291
18,10,1,29,16:20:37,28.75,28750
18,6,2,29,16:20:39,26.892,26892
18,12,1,30,16:23:02,22.454,22454
18,8,1,31,16:24:39,25.414,25414
18,1,2,43,16:42:03,24.254,24254
18,3,2,43,16:42:15,22.873,22873
18,2,2,44,16:43:39,22.371,22371
18,22,2,45,16:45:34,22.421,22421
18,5,2,47,16:51:07,25.195,25195
18,4,2,47,16:51:12,24.293,24293
18,6,3,48,16:53:53,58.458,58458
18,22,3,49,16:55:07,26.847,26847
19,3,1,2,15:07:17,38.701,38701
19,17,1,16,15:29:44,31.528,31528
19,6,1,16,15:30:15,30.474,30474
19,13,1,17,15:30:57,29.913,29913
19,15,1,17,15:31:22,30.926,30926
19,2,1,17,15:31:27,30.255,30255
19,8,1,18,15:32:34,29.511,29511
19,11,1,18,15:33:49,30.627,30627
19,1,1,19,15:34:33,41.548,41548
19,5,1,20,15:36:12,31.88,31880
19,21,1,20,15:36:59,30.125,30125
19,19,1,20,15:37:10,30.945,30945
19,9,1,21,15:37:37,30.507,30507
19,4,1,22,15:39:45,30.071,30071
19,18,1,22,15:39:57,30.459,30459
19,14,1,23,15:41:33,31.229,31229
19,12,1,24,15:43:18,28.678,28678
19,20,1,24,15:43:29,29.252,29252
19,22,1,24,15:43:32,29.566,29566
19,6,2,29,15:52:02,30.755,30755
19,3,2,29,15:52:19,33.756,33756
19,11,2,35,16:02:38,30.981,30981
19,8,2,38,16:05:14,30.139,30139
19,21,2,38,16:07:00,30.231,30231
19,17,2,39,16:07:48,29.249,29249
19,22,2,39,16:08:34,28.516,28516
19,15,2,40,16:09:13,28.692,28692
19,19,2,39,16:09:15,29.311,29311
19,12,2,40,16:09:50,29.264,29264
19,2,2,41,16:11:04,27.944,27944
19,4,2,41,16:11:08,28.534,28534
19,9,2,43,16:13:41,28.121,28121
19,18,2,43,16:14:40,28.205,28205
19,1,2,44,16:15:51,30.255,30255
19,14,2,44,16:16:14,28.307,28307
19,5,2,45,16:17:14,28.723,28723
19,22,3,46,16:20:28,18.949,18949
20,18,1,1,14:35:43,32.397,32397
20,16,1,1,14:35:56,37.74,37740
20,1,1,2,14:37:06,33.797,33797
20,14,1,2,14:37:09,34.912,34912
20,9,1,17,15:00:47,30.683,30683
20,3,1,17,15:01:06,30.851,30851
20,12,1,17,15:01:28,29.583,29583
20,18,2,18,15:04:01,35.618,35618
20,8,1,20,15:05:29,31.237,31237
20,15,1,20,15:05:48,30.508,30508
20,4,1,20,15:06:01,29.062,29062
20,13,1,21,15:06:59,30.536,30536
20,14,2,20,15:07:09,38.38,38380
20,2,1,21,15:07:14,30.299,30299
20,5,1,21,15:07:18,31.307,31307
20,17,1,22,15:09:06,30.197,30197
20,21,1,22,15:09:21,30.731,30731
20,22,1,22,15:09:22,29.802,29802
20,7,1,23,15:11:13,31.456,31456
20,10,1,24,15:12:23,29.705,29705
20,19,1,24,15:13:11,30.979,30979
20,11,1,25,15:14:47,29.843,29843
20,16,2,26,15:17:29,30.544,30544
20,1,2,31,15:24:19,31.699,31699
20,6,1,32,15:25:45,32.141,32141
20,12,2,35,15:30:45,30.368,30368
20,4,2,37,15:33:37,30.132,30132
20,8,2,38,15:34:18,29.958,29958
20,16,3,37,15:35:41,37.713,37713
20,7,2,38,15:35:44,29.914,29914
20,13,2,39,15:35:47,30.349,30349
20,3,2,40,15:38:15,29.297,29297
20,9,2,41,15:39:13,28.763,28763
20,14,3,40,15:40:02,28.964,28964
20,17,2,42,15:41:17,28.81,28810
20,22,2,42,15:41:40,28.183,28183
20,21,2,42,15:41:56,29.762,29762
20,15,2,43,15:42:48,28.243,28243
20,19,2,43,15:44:31,30.085,30085
20,10,2,44,15:44:45,29.033,29033
20,2,2,45,15:45:37,27.678,27678
20,11,2,44,15:46:08,30.289,30289
20,5,2,47,15:49:03,28.531,28531
21,4,1,16,14:27:20,28.547,28547
21,13,1,19,14:31:21,27.347,27347
21,8,1,20,14:32:40,27.188,27188
21,17,1,20,14:33:04,28.876,28876
21,15,1,20,14:33:09,26.84,26840
21,11,1,20,14:33:46,38.711,38711
21,1,1,21,14:34:12,27.637,27637
21,9,1,21,14:34:15,26.829,26829
21,3,1,22,14:36:03,30.481,30481
21,2,1,24,14:39:19,27.49,27490
21,22,1,25,14:41:47,29.517,29517
21,18,1,25,14:41:51,34.001,34001
21,6,1,25,14:41:52,29.336,29336
21,21,1,25,14:41:57,28.11,28110
21,14,1,25,14:42:02,27.719,27719
21,10,1,25,14:42:05,27.472,27472
21,22,2,26,14:44:22,31.718,31718
21,2,2,33,14:55:41,29.68,29680
21,11,2,38,15:02:56,34.09,34090
21,21,2,44,15:11:19,28.012,28012
21,2,3,45,15:12:49,26.433,26433
21,13,2,46,15:13:24,26.241,26241
21,17,2,46,15:13:43,26.924,26924
21,15,2,46,15:13:48,30.542,30542
21,8,2,47,15:14:43,27.999,27999
21,1,2,47,15:14:50,26.455,26455
21,9,2,47,15:14:52,26.156,26156
21,6,2,51,15:21:01,26.446,26446
21,10,2,51,15:21:11,25.324,25324
21,14,2,52,15:22:34,27.266,27266
21,15,3,53,15:24:06,16.796,16796
21,10,3,53,15:24:30,27.655,27655
21,18,2,54,15:25:14,25.413,25413
21,14,3,54,15:26:17,32.36,32360
22,20,1,1,15:05:36,29.242,29242
22,16,1,1,15:05:36,37.316,37316
22,5,1,2,15:07:48,29.802,29802
22,4,1,15,15:26:52,30.169,30169
22,1,1,16,15:28:08,26.794,26794
22,17,1,18,15:31:20,30.46,30460
22,13,1,19,15:32:28,28.413,28413
22,9,1,19,15:32:36,29.36,29360
22,15,1,20,15:34:33,30.686,30686
22,8,1,21,15:35:31,28.987,28987
22,2,1,21,15:35:45,28.927,28927
22,16,2,21,15:36:31,27.825,27825
22,20,2,22,15:37:53,25.573,25573
22,14,1,23,15:38:58,29.772,29772
22,7,1,23,15:39:20,43.662,43662
22,20,3,23,15:39:43,40.624,40624
22,3,1,24,15:40:25,28.678,28678
22,5,2,26,15:43:46,30.152,30152
22,22,1,27,15:45:13,31.029,31029
22,12,1,29,15:48:14,27.664,27664
22,18,1,31,15:51:08,30.201,30201
22,10,1,31,15:51:09,30.16,30160
22,1,2,32,15:51:46,26.2,26200
22,16,3,37,16:00:52,29.299,29299
22,13,2,40,16:03:33,27.356,27356
22,9,2,40,16:03:50,27.547,27547
22,4,2,41,16:05:43,27.519,27519
22,2,2,42,16:07:02,26.662,26662
22,8,2,43,16:08:05,26.981,26981
22,20,4,42,16:08:36,27.433,27433
22,3,2,43,16:08:54,27.223,27223
22,17,2,44,16:10:15,26.685,26685
22,1,3,45,16:11:00,25.763,25763
22,14,2,45,16:11:54,26.155,26155
22,12,2,45,16:12:20,28.63,28630
22,15,2,48,16:16:28,25.642,25642
22,5,3,50,16:19:41,26.301,26301
23,18,1,1,14:04:53,51.346,51346
23,3,1,3,14:08:08,30.562,30562
23,10,1,4,14:10:03,29.124,29124
23,1,1,6,14:12:49,29.031,29031
23,4,1,8,14:16:36,32.638,32638
23,15,1,8,14:16:47,27.419,27419
23,18,2,9,14:19:16,27.500,27500
23,8,1,13,14:26:17,15.034,15034
23,4,2,14,14:28:18,30.915,30915
23,3,2,14,14:28:38,30.790,30790
23,2,1,17,14:33:41,32.004,32004
23,9,1,26,14:46:43,27.297,27297
23,8,2,27,14:48:46,35.126,35126
23,13,1,33,14:57:22,29.823,29823
23,5,1,34,15:00:24,29.636,29636
23,15,2,37,15:05:03,30.116,30116
23,10,2,38,15:07:07,29.970,29970
23,4,3,44,15:16:30,27.244,27244
23,12,1,46,15:19:11,31.593,31593
23,17,1,48,15:20:37,29.934,29934
23,18,3,48,15:22:07,26.237,26237
23,10,3,48,15:22:42,28.333,28333
23,5,2,49,15:23:44,27.038,27038
23,6,1,52,15:27:11,1:00.396,60396
23,20,1,52,15:27:12,26.027,26027
23,9,2,53,15:27:39,26.375,26375
23,3,3,52,15:27:42,15.617,15617
23,16,1,53,15:27:53,27.070,27070
23,1,2,54,15:28:26,26.376,26376
23,15,3,52,15:28:35,25.767,25767
23,3,4,53,15:29:20,27.186,27186
23,22,1,54,15:30:10,27.344,27344
23,13,2,56,15:32:01,27.376,27376
23,2,2,54,15:32:51,26.035,26035
23,8,3,57,15:34:00,25.418,25418
23,2,3,59,15:42:33,37.093,37093
23,8,4,68,15:53:21,27.602,27602
24,18,1,17,13:26:32,28.309,28309
24,1,1,19,13:29:48,32.911,32911
24,9,1,19,13:29:48,35.071,35071
24,8,1,19,13:29:49,30.167,30167
24,3,1,19,13:29:50,50.808,50808
24,4,1,19,13:29:50,35.331,35331
24,13,1,19,13:29:55,34.43,34430
24,5,1,19,13:29:57,38.723,38723
24,12,1,19,13:30:02,31.727,31727
24,7,1,19,13:30:10,32.186,32186
24,18,2,19,13:30:11,28.307,28307
24,3,2,20,13:32:22,36.976,36976
24,13,2,21,13:34:14,31.034,31034
24,2,1,29,13:44:31,33.404,33404
24,17,1,29,13:44:48,28.693,28693
24,21,1,30,13:46:17,58.438,58438
24,6,1,33,13:50:06,30.187,30187
24,3,3,35,13:53:07,28.351,28351
24,22,1,36,13:53:59,31.243,31243
24,14,1,37,13:55:19,31.26,31260
24,20,1,37,13:55:32,44.668,44668
24,15,1,39,13:58:08,30.672,30672
24,10,1,42,14:02:10,31.364,31364
24,7,2,42,14:02:43,29.853,29853
24,21,2,44,14:05:53,32.854,32854
24,9,2,49,14:11:16,28.276,28276
24,13,3,53,14:17:13,27.197,27197
24,5,2,53,14:17:18,27.746,27746
24,18,3,53,14:17:20,27.363,27363
24,17,2,53,14:17:23,27.575,27575
25,18,1,5,14:10:20,28.958,28958
25,1,1,13,14:20:13,14.559,14559
25,4,1,15,14:22:36,25.117,25117
25,1,2,19,14:28:16,25.864,25864
25,15,1,20,14:29:01,25.888,25888
25,9,1,20,14:29:07,24.901,24901
25,16,1,20,14:29:54,24.766,24766
25,8,1,21,14:29:57,25.714,25714
25,10,1,21,14:30:33,26.655,26655
25,13,1,23,14:32:37,26.068,26068
25,17,1,23,14:33:10,24.886,24886
25,5,1,25,14:35:50,26.121,26121
25,12,1,25,14:35:50,25.269,25269
25,14,1,26,14:37:13,26.127,26127
25,7,1,26,14:37:38,26.203,26203
25,20,1,29,14:41:16,24.261,24261
25,2,1,29,14:41:19,22.988,22988
25,21,1,32,14:45:41,24.871,24871
25,22,1,34,14:48:18,24.767,24767
25,6,1,35,14:49:31,24.95,24950
25,3,1,40,14:56:21,26.519,26519
25,4,2,42,14:58:17,26.31,26310
25,16,2,43,15:00:40,26.485,26485
25,9,2,46,15:03:27,24.839,24839
25,7,2,46,15:04:26,24.384,24384
25,20,2,48,15:06:27,24.241,24241
25,2,2,48,15:06:30,23.899,23899
25,17,2,49,15:07:31,23.864,23864
25,10,2,49,15:07:41,25.578,25578
25,15,2,50,15:08:37,23.848,23848
25,12,2,50,15:08:53,23.54,23540
25,8,2,52,15:10:56,25.075,25075
25,5,2,52,15:11:19,23.304,23304
25,14,2,52,15:11:38,23.811,23811
25,1,3,52,15:11:44,23.625,23625
25,13,2,54,15:13:20,23.983,23983
25,21,2,54,15:15:06,25.161,25161
25,22,2,56,15:17:35,23.55,23550
25,6,2,58,15:20:16,24.545,24545
26,17,1,18,13:32:53,25.861,25861
26,5,1,19,13:33:52,26.529,26529
26,4,1,20,13:35:29,26.703,26703
26,1,1,21,13:36:44,26.34,26340
26,8,1,21,13:36:45,26.242,26242
26,13,1,21,13:38:02,26.77,26770
26,2,1,22,13:38:39,26.562,26562
26,12,1,22,13:38:52,27.714,27714
26,9,1,23,13:40:42,27.349,27349
26,22,1,24,13:42:35,26.681,26681
26,3,1,24,13:43:12,26.842,26842
26,10,1,25,13:44:12,26.28,26280
26,18,1,25,13:44:21,26.439,26439
26,6,1,25,13:44:51,25.817,25817
26,15,1,26,13:45:56,25.926,25926
26,4,2,26,13:45:58,26.558,26558
26,7,1,27,13:48:27,30.488,30488
26,17,2,28,13:49:54,28.312,28312
26,8,2,30,13:52:24,28.218,28218
26,13,2,30,13:53:47,26.68,26680
26,5,2,34,13:58:54,25.595,25595
26,22,2,35,14:00:51,47.461,47461
26,18,2,35,14:01:07,48.083,48083
26,3,2,35,14:01:35,29.122,29122
26,6,2,35,14:01:50,36.232,36232
26,7,2,35,14:02:26,26.85,26850
26,1,2,38,14:05:13,25.638,25638
26,2,2,38,14:05:48,25.783,25783
26,9,2,38,14:06:10,29.443,29443
26,3,3,40,14:11:01,31.52,31520
26,10,2,43,14:16:47,24.726,24726
26,22,3,46,14:20:13,26.864,26864
26,15,2,47,14:22:44,24.088,24088
26,13,3,49,14:28:18,24.643,24643
27,20,1,21,14:30:28,24.893,24893
27,14,1,21,14:30:46,25.247,25247
27,8,1,22,14:31:43,24.352,24352
27,17,1,23,14:33:08,24.769,24769
27,7,1,23,14:33:17,24.841,24841
27,16,1,25,14:36:20,24.655,24655
27,2,1,27,14:38:25,24.602,24602
27,18,1,27,14:38:47,25.145,25145
27,21,1,27,14:39:07,22.85,22850
27,3,1,28,14:40:06,24.015,24015
27,10,1,29,14:40:55,24.49,24490
27,6,1,29,14:41:33,24.011,24011
27,22,1,31,14:44:04,24.069,24069
27,12,1,35,14:49:17,28.375,28375
27,18,2,35,14:49:51,24.327,24327
27,13,1,38,14:54:24,25.622,25622
27,21,2,37,14:54:25,25.896,25896
27,9,1,38,14:54:26,24.419,24419
27,15,1,38,14:54:29,25.043,25043
27,20,2,38,14:54:30,24.639,24639
27,17,2,38,14:54:31,24.919,24919
27,4,1,38,14:54:31,24.27,24270
27,14,2,38,14:54:33,36.101,36101
27,7,2,38,14:54:33,33.428,33428
27,3,2,38,14:54:34,29.361,29361
27,16,2,39,14:58:09,24.986,24986
27,6,2,40,14:59:29,23.28,23280
27,22,2,49,15:11:56,34.314,34314
27,1,1,50,15:12:17,22.952,22952
27,2,2,53,15:16:11,22.263,22263
27,18,3,54,15:19:06,23.0,23000
28,13,1,18,14:27:48,27.515,27515
28,9,1,18,14:28:14,28.985,28985
28,17,1,18,14:28:20,28.625,28625
28,1,1,19,14:29:14,27.895,27895
28,10,1,20,14:30:46,32.754,32754
28,20,1,20,14:31:47,34.948,34948
28,5,1,21,14:32:05,28.994,28994
28,4,1,22,14:33:48,27.922,27922
28,15,1,23,14:35:14,28.039,28039
28,12,1,25,14:38:00,28.65,28650
28,14,1,29,14:43:55,27.208,27208
28,21,1,29,14:44:30,27.837,27837
28,3,1,30,14:45:47,35.784,35784
28,16,1,30,14:45:58,26.177,26177
28,18,1,31,14:47:01,26.792,26792
28,7,1,31,14:47:11,38.907,38907
28,22,1,32,14:48:34,54.402,54402
28,6,1,32,14:48:37,30.547,30547
28,1,2,41,15:00:32,28.619,28619
28,2,1,41,15:00:53,28.779,28779
28,13,2,44,15:03:58,26.719,26719
28,16,2,45,15:07:44,26.853,26853
28,7,2,45,15:07:46,46.516,46516
28,10,2,47,15:08:35,26.013,26013
28,17,2,47,15:09:11,26.817,26817
28,5,2,48,15:09:50,25.631,25631
28,7,3,46,15:10:05,28.457,28457
28,4,2,50,15:12:56,26.502,26502
28,9,2,50,15:13:19,26.46,26460
28,18,2,52,15:16:44,26.064,26064
28,15,2,53,15:17:20,25.132,25132
28,14,2,53,15:17:43,25.706,25706
28,12,2,54,15:18:42,26.851,26851
28,22,2,53,15:19:11,26.012,26012
28,21,2,55,15:21:48,25.126,25126
28,3,2,58,15:25:56,25.126,25126
28,16,3,60,15:30:40,33.834,33834
29,6,1,1,14:05:22,27.838,27838
29,14,1,14,14:27:48,23.033,23033
29,13,1,15,14:28:25,22.569,22569
29,1,1,17,14:31:47,22.624,22624
29,20,1,17,14:32:10,22.686,22686
29,9,1,18,14:33:40,22.778,22778
29,8,1,18,14:33:48,24.125,24125
29,7,1,18,14:34:15,22.332,22332
29,15,1,19,14:35:31,22.59,22590
29,16,1,19,14:36:09,21.485,21485
29,5,1,20,14:37:03,22.831,22831
29,3,1,20,14:37:19,21.685,21685
29,2,1,22,14:40:48,21.922,21922
29,17,1,28,14:51:08,27.324,27324
29,21,1,28,14:51:23,26.805,26805
29,18,1,29,14:52:58,24.307,24307
29,10,1,30,14:54:13,24.824,24824
29,22,1,30,14:55:10,23.849,23849
29,6,2,30,14:55:11,24.144,24144
29,14,2,31,14:57:00,23.579,23579
29,12,1,33,14:59:43,22.975,22975
29,16,2,36,15:05:15,23.026,23026
29,13,2,37,15:05:16,22.385,22385
29,7,2,37,15:06:28,21.563,21563
29,3,2,38,15:07:47,21.479,21479
29,1,2,39,15:08:45,20.675,20675
29,20,2,39,15:09:22,22.646,22646
29,9,2,40,15:10:46,20.986,20986
29,15,2,41,15:12:40,20.537,20537
29,2,2,41,15:13:10,20.44,20440
29,8,2,43,15:15:54,29.702,29702
29,5,2,43,15:15:54,22.809,22809
30,21,1,1,14:06:55,38.763,38763
30,1,1,11,14:24:30,27.412,27412
30,8,1,12,14:26:16,27.586,27586
30,17,1,12,14:26:48,30.492,30492
30,13,1,13,14:28:12,28.335,28335
30,4,1,13,14:28:20,28.88,28880
30,5,1,13,14:28:34,29.413,29413
30,2,1,14,14:30:25,28.952,28952
30,5,2,14,14:30:52,17.517,17517
30,15,1,14,14:31:15,29.175,29175
30,7,1,15,14:32:12,28.972,28972
30,9,1,15,14:32:12,28.566,28566
30,16,1,16,14:34:54,29.723,29723
30,20,1,17,14:35:59,28.171,28171
30,22,1,17,14:36:43,28.79,28790
30,14,1,22,14:45:53,32.573,32573
30,18,1,22,14:45:59,29.988,29988
30,21,2,22,14:47:35,31.347,31347
30,8,2,25,14:50:11,29.127,29127
30,1,2,25,14:50:16,28.807,28807
30,3,1,25,14:51:19,29.172,29172
30,10,1,26,14:53:03,28.725,28725
30,4,2,27,14:54:25,28.195,28195
30,6,1,27,14:55:22,28.672,28672
30,13,2,28,14:55:48,28.193,28193
30,16,2,28,14:57:35,27.253,27253
30,2,2,31,15:02:06,26.71,26710
30,7,2,32,15:03:49,26.868,26868
30,17,2,32,15:04:13,27.645,27645
30,9,2,33,15:05:41,32.437,32437
30,20,2,33,15:05:43,26.0,26000
30,5,3,33,15:05:54,26.475,26475
30,15,2,35,15:11:04,26.395,26395
30,21,3,40,15:22:07,27.741,27741
30,2,3,42,15:22:42,26.115,26115
30,10,2,42,15:23:20,25.92,25920
30,3,2,42,15:24:10,30.032,30032
30,14,2,42,15:24:11,27.804,27804
30,6,2,42,15:24:16,36.578,36578
30,18,2,42,15:24:34,28.341,28341
30,4,3,43,15:24:46,29.612,29612
31,22,1,16,14:28:22,31.829,31829
31,20,1,18,14:30:35,30.842,30842
31,5,1,22,14:37:10,31.709,31709
31,17,1,22,14:37:16,30.699,30699
31,13,1,22,14:37:20,30.773,30773
31,7,1,21,14:37:51,32.465,32465
31,18,1,22,14:38:12,30.664,30664
31,10,1,25,14:42:30,33.643,33643
31,15,1,26,14:44:06,33.113,33113
31,8,1,26,14:44:17,28.777,28777
31,16,1,26,14:44:41,36.735,36735
31,1,1,27,14:45:35,32.744,32744
31,3,1,28,14:47:20,36.204,36204
31,14,1,28,14:47:35,36.543,36543
31,2,1,29,14:49:08,33.606,33606
31,7,2,28,14:49:39,29.045,29045
31,4,1,30,14:50:40,33.806,33806
31,6,1,31,14:52:43,32.09,32090
31,13,2,33,14:55:37,29.12,29120
31,10,2,33,14:56:02,29.142,29142
31,3,2,33,14:56:05,29.627,29627
31,5,2,34,14:56:57,29.82,29820
31,9,1,34,14:57:04,30.645,30645
31,17,2,34,14:57:11,30.187,30187
31,8,2,35,14:59:07,28.98,28980
31,15,2,35,14:59:14,28.961,28961
31,20,2,36,14:59:57,29.189,29189
31,1,2,36,15:00:32,28.46,28460
31,12,1,36,15:00:38,31.314,31314
31,16,2,37,15:03:15,30.703,30703
31,22,2,43,15:12:08,31.296,31296
31,16,3,43,15:13:39,45.326,45326
31,18,2,45,15:15:24,27.666,27666
31,14,2,50,15:23:15,47.043,47043
32,4,1,12,20:25:54,28.146,28146
32,17,1,14,20:29:44,31.518,31518
32,14,1,14,20:29:47,41.286,41286
32,22,1,14,20:29:51,28.532,28532
32,3,1,15,20:31:07,27.216,27216
32,9,1,16,20:33:45,29.399,29399
32,13,1,17,20:36:47,2:03.359,123359
32,1,1,17,20:36:48,32.638,32638
32,8,1,17,20:36:49,49.568,49568
32,20,1,17,20:36:50,30.488,30488
32,10,1,17,20:36:51,30.519,30519
32,2,1,17,20:36:54,27.874,27874
32,5,1,17,20:36:54,34.363,34363
32,6,1,17,20:36:55,28.094,28094
32,18,1,17,20:36:57,26.999,26999
32,16,1,17,20:36:59,30.550,30550
32,7,1,18,20:39:46,25.681,25681
32,13,2,24,20:51:57,15.786,15786
32,9,2,27,20:57:12,28.782,28782
32,3,2,28,20:58:37,28.951,28951
32,21,1,29,21:00:50,31.375,31375
32,13,3,31,21:04:57,25.866,25866
32,15,1,33,21:07:49,28.346,28346
32,7,2,33,21:08:30,27.991,27991
32,9,3,33,21:08:31,26.591,26591
32,5,2,34,21:10:11,26.696,26696
32,18,2,35,21:12:01,26.839,26839
32,16,2,39,21:19:26,27.725,27725
32,3,3,40,21:20:30,27.090,27090
32,4,2,41,21:22:07,26.160,26160
32,1,2,42,21:24:22,25.945,25945
32,14,2,42,21:24:24,28.336,28336
32,6,2,42,21:24:39,26.820,26820
32,20,2,43,21:26:15,25.779,25779
32,2,2,43,21:26:16,25.125,25125
32,10,2,46,21:31:36,24.648,24648
32,8,2,50,21:38:57,24.974,24974
33,6,1,1,13:35:11,38.649,38649
33,1,1,2,13:36:27,35.54,35540
33,10,1,5,13:40:26,40.133,40133
33,9,1,17,13:56:04,35.447,35447
33,8,1,17,13:56:08,36.543,36543
33,1,2,17,13:57:12,23.725,23725
33,4,1,18,13:57:24,33.902,33902
33,13,1,18,13:57:43,37.457,37457
33,13,2,19,13:59:41,23.602,23602
33,15,1,21,14:01:36,34.538,34538
33,20,1,23,14:04:25,35.239,35239
33,7,1,25,14:07:00,36.018,36018
33,12,1,28,14:11:02,33.904,33904
33,17,1,34,14:19:29,37.591,37591
33,6,2,36,14:23:24,35.45,35450
33,18,1,37,14:24:26,34.927,34927
33,22,1,38,14:25:31,35.147,35147
33,2,1,40,14:27:52,34.921,34921
33,1,3,40,14:28:21,34.689,34689
33,3,1,42,14:30:40,34.949,34949
33,4,2,43,14:31:06,34.034,34034
33,9,2,46,14:35:18,33.286,33286
33,8,2,48,14:37:59,33.379,33379
33,15,2,50,14:40:50,33.016,33016
33,7,2,50,14:40:56,32.822,32822
33,20,2,51,14:42:27,32.674,32674
33,12,2,52,14:43:30,32.581,32581
33,13,3,53,14:45:36,32.78,32780
34,15,1,1,15:05:59,38.495,38495
34,17,1,12,15:23:33,27.691,27691
34,13,1,14,15:26:21,29.272,29272
34,4,1,14,15:26:26,29.024,29024
34,1,1,15,15:27:48,29.191,29191
34,8,1,15,15:27:53,29.027,29027
34,3,1,15,15:28:39,28.088,28088
34,2,1,17,15:31:31,28.163,28163
34,5,1,18,15:33:04,29.972,29972
34,20,1,18,15:33:16,30.834,30834
34,22,1,19,15:35:10,28.111,28111
34,18,1,22,15:40:18,28.658,28658
34,7,1,23,15:41:57,26.481,26481
34,12,1,24,15:43:14,26.545,26545
34,9,1,25,15:44:45,26.478,26478
34,14,1,28,15:50:04,30.94,30940
34,21,1,28,15:50:36,31.548,31548
34,6,1,31,15:55:15,28.761,28761
34,17,2,31,15:55:16,28.948,28948
34,10,1,32,15:56:32,29.192,29192
34,5,2,35,16:01:58,31.371,31371
34,4,2,36,16:02:45,27.934,27934
34,13,2,37,16:04:15,27.74,27740
34,1,2,38,16:05:38,26.462,26462
34,8,2,38,16:05:49,28.165,28165
34,12,2,38,16:06:32,28.089,28089
34,2,2,39,16:07:52,26.596,26596
34,7,2,39,16:08:35,26.448,26448
34,3,2,39,16:08:41,27.302,27302
34,9,2,40,16:09:39,25.73,25730
34,22,2,40,16:10:12,27.203,27203
34,20,2,41,16:11:37,28.163,28163
34,18,2,43,16:15:28,26.226,26226
35,21,1,2,15:17:11,29.588,29588
35,3,1,7,15:25:11,28.55,28550
35,18,1,7,15:25:12,27.862,27862
35,7,1,8,15:26:26,26.686,26686
35,10,1,8,15:26:27,26.16,26160
35,16,1,8,15:26:36,29.524,29524
35,6,1,8,15:26:38,28.506,28506
35,20,1,9,15:27:42,26.102,26102
35,4,1,9,15:27:43,27.658,27658
35,17,1,9,15:27:50,28.788,28788
35,22,1,9,15:27:56,28.097,28097
35,13,1,10,15:28:58,27.656,27656
35,5,1,10,15:29:10,32.527,32527
35,2,1,10,15:29:10,27.881,27881
35,9,1,10,15:29:25,27.758,27758
35,15,1,11,15:30:20,31.122,31122
35,8,1,11,15:30:21,28.87,28870
35,1,1,11,15:30:23,28.319,28319
35,20,2,27,15:50:56,27.515,27515
35,18,2,33,15:59:14,26.923,26923
35,10,2,36,16:02:26,35.238,35238
35,13,2,38,16:04:31,30.501,30501
35,21,2,38,16:05:23,54.619,54619
35,7,2,38,16:05:32,29.832,29832
35,4,2,40,16:07:07,29.889,29889
35,1,2,40,16:07:22,29.242,29242
35,22,2,40,16:08:00,28.881,28881
35,3,2,41,16:09:18,29.423,29423
35,5,2,42,16:10:08,29.264,29264
35,2,2,42,16:10:25,28.848,28848
35,8,2,43,16:11:03,29.436,29436
35,15,2,43,16:11:38,29.829,29829
35,16,2,44,16:13:41,30.623,30623
35,9,2,46,16:16:11,27.007,27007
35,17,2,48,16:17:59,27.655,27655
35,20,3,51,16:21:17,26.626,26626
35,6,2,51,16:22:46,26.843,26843
35,18,3,56,16:28:35,27.45,27450
35,6,3,62,16:37:16,26.618,26618
35,21,3,63,16:38:24,46.539,46539
35,2,3,64,16:38:40,27.306,27306
35,22,3,64,16:38:54,28.097,28097
35,3,3,64,16:38:59,26.862,26862
35,7,3,64,16:39:01,28.249,28249
35,9,3,64,16:39:11,26.379,26379
35,5,3,65,16:39:29,27.229,27229
35,16,3,64,16:39:46,27.733,27733
35,17,3,65,16:39:53,28.771,28771
35,4,3,66,16:40:11,26.672,26672
35,8,3,66,16:40:12,26.498,26498
35,18,4,65,16:40:19,27.056,27056
35,1,3,66,16:40:32,26.483,26483
35,20,4,66,16:40:33,26.81,26810
35,13,3,67,16:41:17,27.234,27234
35,22,4,67,16:43:49,28.37,28370
1,2,1,1,17:05:44,25.868,25868
1,16,1,1,17:05:45,25.354,25354
1,17,1,1,17:05:52,45.811,45811
1,7,1,9,17:17:40,22.309,22309
1,8,1,10,17:18:54,23.516,23516
1,15,1,10,17:19:08,19.369,19369
1,13,1,11,17:20:21,21.647,21647
1,1,1,11,17:20:34,25.446,25446
1,9,1,12,17:21:54,22.524,22524
1,20,1,16,17:27:21,25.494,25494
1,3,1,16,17:27:48,34.72,34720
1,22,1,18,17:31:00,35.824,35824
1,67,1,18,17:31:14,22.162,22162
1,10,1,18,17:31:16,23.084,23084
1,18,1,19,17:31:44,27.397,27397
1,2,2,18,17:32:19,32.494,32494
1,12,1,19,17:32:51,24.955,24955
1,21,1,19,17:32:54,42.708,42708
1,4,1,19,17:32:55,34.701,34701
1,7,2,21,17:37:04,22.831,22831
1,16,2,22,17:39:59,24.301,24301
1,13,2,31,17:54:42,24.843,24843
1,15,2,33,17:57:44,22.369,22369
1,16,3,34,17:59:36,23.947,23947
1,17,2,35,18:01:17,23.414,23414
1,9,2,39,18:06:30,20.943,20943
1,8,2,39,18:06:35,21.19,21190
1,67,2,41,18:09:51,20.537,20537
1,1,2,43,18:12:50,21.293,21293
1,8,3,43,18:13:06,35.939,35939
1,3,2,44,18:14:17,20.694,20694
1,2,3,44,18:14:49,19.325,19325
1,20,2,45,18:15:22,20.69,20690
1,18,2,47,18:18:15,26.381,26381
1,21,2,49,18:22:13,21.993,21993
1,10,2,50,18:23:28,19.676,19676
1,22,2,51,18:24:44,22.194,22194
1,4,2,51,18:24:57,20.679,20679
1,8,4,55,18:32:09,23.41,23410
2,67,1,2,17:07:33,32.513,32513
2,20,1,13,17:25:30,29.137,29137
2,3,1,15,17:28:09,28.156,28156
2,10,1,15,17:28:50,27.866,27866
2,16,1,15,17:29:01,25.85,25850
2,17,1,16,17:30:19,27.484,27484
2,15,1,17,17:31:28,28.052,28052
2,8,1,18,17:33:36,29.798,29798
2,21,1,18,17:34:01,29.374,29374
2,16,2,18,17:34:28,32.901,32901
2,18,1,19,17:34:42,27.214,27214
2,7,1,19,17:35:38,35.487,35487
2,22,1,20,17:36:28,29.168,29168
2,6,1,21,17:39:00,27.278,27278
2,67,2,21,17:39:46,26.437,26437
2,18,2,22,17:40:08,25.814,25814
2,3,2,22,17:40:23,27.256,27256
2,15,2,22,17:40:27,25.993,25993
2,22,2,22,17:40:28,31.613,31613
2,1,1,22,17:40:39,30.335,30335
2,2,1,22,17:40:40,29.465,29465
2,13,1,22,17:40:47,29.152,29152
2,12,1,22,17:40:47,31.748,31748
2,17,2,22,17:40:48,25.263,25263
2,4,1,22,17:41:04,31.041,31041
2,10,2,22,17:41:09,25.814,25814
2,20,2,22,17:41:10,25.966,25966
2,20,3,26,17:49:33,25.392,25392
2,7,2,26,17:50:00,25.599,25599
2,3,3,27,17:51:07,25.748,25748
2,1,2,27,17:51:20,25.236,25236
2,22,3,28,17:53:08,28.033,28033
2,15,3,28,17:53:11,24.458,24458
2,4,2,28,17:53:42,25.977,25977
2,6,2,28,17:53:48,26.041,26041
2,18,3,29,17:54:38,25.368,25368
2,17,3,29,17:55:01,24.55,24550
2,13,2,29,17:55:13,25.575,25575
2,12,2,29,17:55:41,27.745,27745
2,8,2,29,17:55:53,25.763,25763
2,10,3,30,17:56:58,28.963,28963
2,17,4,30,17:57:21,31.071,31071
2,3,4,30,17:57:27,34.902,34902
2,1,3,30,17:57:35,25.911,25911
2,13,3,30,17:57:37,32.543,32543
2,4,3,30,17:58:01,28.665,28665
2,7,3,30,17:58:03,25.488,25488
2,6,3,30,17:58:09,29.193,29193
2,12,3,30,17:58:11,28.517,28517
2,8,3,30,17:58:23,26.471,26471
3,16,1,4,15:11:42,29.271,29271
3,3,1,5,15:14:12,28.515,28515
3,4,1,7,15:19:34,35.638,35638
3,17,1,14,15:33:59,28.688,28688
3,20,1,15,15:35:48,27.906,27906
3,9,1,17,15:40:40,37.122,37122
3,2,1,18,15:42:50,28.815,28815
3,18,1,19,15:43:52,28.345,28345
3,22,1,19,15:44:10,29.162,29162
3,67,1,19,15:44:19,29.707,29707
3,16,2,19,15:45:16,30.66,30660
3,12,1,21,15:49:55,27.889,27889
3,10,1,24,15:56:21,29.534,29534
3,8,1,27,16:02:08,30.038,30038
3,12,2,28,16:05:14,37.897,37897
3,7,1,30,16:08:17,29.588,29588
3,6,1,32,16:12:33,27.493,27493
3,1,1,33,16:13:49,26.65,26650
3,21,1,33,16:14:27,28.214,28214
3,5,1,34,16:15:51,25.139,25139
3,4,2,35,16:17:51,26.291,26291
3,9,2,35,16:18:22,31.839,31839
3,20,2,37,16:20:57,27.953,27953
3,17,2,39,16:25:01,26.06,26060
3,3,2,40,16:28:04,26.434,26434
3,6,2,40,16:28:58,28.736,28736
3,18,2,42,16:30:56,26.177,26177
3,22,2,43,16:33:02,25.105,25105
3,67,2,45,16:37:12,25.109,25109
3,12,3,45,16:39:48,52.114,52114
3,3,3,48,16:44:28,25.038,25038
4,9,1,2,15:07:38,30.403,30403
4,6,1,2,15:07:39,35.718,35718
4,13,1,3,15:09:07,33.034,33034
4,2,1,3,15:09:21,30.246,30246
4,10,1,11,15:21:30,28.643,28643
4,15,1,12,15:23:06,26.89,26890
4,5,1,12,15:23:56,25.574,25574
4,22,1,14,15:26:31,26.343,26343
4,17,1,14,15:26:55,28.265,28265
4,18,1,15,15:27:54,27.965,27965
4,1,1,15,15:28:03,26.222,26222
4,21,1,15,15:28:33,27.409,27409
4,4,1,16,15:29:58,27.234,27234
4,7,1,18,15:33:44,26.626,26626
4,20,1,19,15:34:25,27.144,27144
4,8,1,21,15:37:52,28.907,28907
4,3,1,21,15:38:04,27.254,27254
4,67,1,21,15:38:36,27.023,27023
4,12,1,23,15:41:33,26.328,26328
4,16,1,23,15:41:50,26.191,26191
4,22,2,26,15:46:06,27.657,27657
4,13,2,29,15:51:41,26.66,26660
4,6,2,30,15:53:41,26.061,26061
4,10,2,33,15:57:38,25.668,25668
4,9,2,34,16:00:09,27.552,27552
4,7,2,36,16:02:59,26.721,26721
4,18,2,37,16:03:21,27.676,27676
4,2,2,36,16:03:37,27.0,27000
4,15,2,37,16:03:39,26.381,26381
4,1,2,37,16:03:41,26.34,26340
4,4,2,37,16:04:03,26.282,26282
4,21,2,37,16:04:33,27.61,27610
4,5,2,37,16:04:35,26.793,26793
4,17,2,37,16:04:36,27.462,27462
4,67,2,39,16:08:05,29.923,29923
4,20,2,40,16:08:26,25.776,25776
4,16,2,41,16:11:17,25.545,25545
4,12,2,42,16:12:23,26.224,26224
4,8,2,44,16:15:11,27.716,27716
4,3,2,45,16:17:00,25.525,25525
4,13,3,46,16:19:19,26.169,26169
4,22,3,47,16:20:05,25.197,25197
5,21,1,1,14:05:12,27.244,27244
5,6,1,2,14:07:28,28.994,28994
5,10,1,17,14:31:19,25.458,25458
5,18,1,18,14:32:22,25.489,25489
5,4,1,18,14:32:33,25.316,25316
5,22,1,19,14:33:43,23.332,23332
5,17,1,19,14:33:53,27.101,27101
5,20,1,20,14:35:15,24.897,24897
5,13,1,20,14:35:15,25.072,25072
5,12,1,21,14:37:12,23.402,23402
5,9,1,23,14:39:57,23.694,23694
5,3,1,25,14:42:32,23.787,23787
5,21,2,30,14:50:06,25.035,25035
5,22,2,31,14:50:44,23.063,23063
5,2,1,31,14:51:10,22.625,22625
5,1,1,31,14:51:11,24.02,24020
5,6,2,36,14:58:36,23.626,23626
5,13,2,43,15:07:45,24.392,24392
5,20,2,43,15:07:46,25.099,25099
5,4,2,44,15:09:31,25.713,25713
5,9,2,46,15:12:50,23.027,23027
5,12,2,46,15:12:53,23.749,23749
5,10,2,47,15:14:15,22.691,22691
5,18,2,48,15:14:39,25.278,25278
5,1,2,48,15:15:40,22.265,22265
5,3,2,49,15:16:45,23.663,23663
5,22,3,50,15:17:38,22.489,22489
5,17,2,50,15:17:42,22.885,22885
5,2,2,50,15:18:12,22.232,22232
5,6,3,51,15:20:08,25.51,25510
5,21,3,52,15:21:56,23.204,23204
5,21,4,53,15:23:47,21.999,21999
6,9,1,2,14:06:11,22.824,22824
6,20,1,10,14:16:24,26.771,26771
6,1,1,10,14:16:47,25.715,25715
6,16,1,11,14:18:12,22.561,22561
6,8,1,15,14:22:38,23.693,23693
6,22,1,16,14:23:57,22.647,22647
6,18,1,17,14:25:01,22.539,22539
6,3,1,18,14:26:34,25.846,25846
6,13,1,20,14:29:13,23.952,23952
6,5,1,21,14:30:33,25.299,25299
6,17,1,22,14:31:50,23.85,23850
6,4,1,28,14:39:48,24.406,24406
6,6,1,35,14:49:01,25.27,25270
6,2,1,42,14:58:13,24.37,24370
6,15,1,49,15:07:27,22.284,22284
6,22,2,50,15:07:36,22.318,22318
6,16,2,49,15:07:55,32.058,32058
6,7,1,50,15:08:18,23.077,23077
6,18,2,51,15:08:35,22.604,22604
6,21,1,52,15:10:56,22.636,22636
6,8,2,53,15:11:26,25.66,25660
6,1,2,53,15:12:52,29.446,29446
6,13,2,56,15:15:20,22.741,22741
6,17,2,56,15:15:22,22.693,22693
6,10,1,57,15:17:46,22.7,22700
6,3,2,65,15:27:12,22.907,22907
6,15,2,65,15:28:13,21.592,21592
6,4,2,66,15:28:37,21.348,21348
6,6,2,71,15:35:40,21.865,21865
7,22,1,13,15:23:26,29.013,29013
7,4,1,14,15:24:32,26.82,26820
7,20,1,15,15:25:43,24.271,24271
7,15,1,16,15:27:22,26.472,26472
7,18,1,17,15:28:33,26.57,26570
7,13,1,17,15:28:56,27.069,27069
7,17,1,18,15:30:12,26.656,26656
7,3,1,18,15:30:22,26.155,26155
7,8,1,18,15:30:35,28.475,28475
7,5,1,19,15:32:17,26.535,26535
7,9,1,20,15:33:32,26.519,26519
7,16,1,20,15:33:53,25.48,25480
7,67,1,25,15:41:34,25.742,25742
7,6,1,26,15:42:33,24.509,24509
7,2,1,28,15:45:49,24.749,24749
7,20,2,29,15:46:40,26.08,26080
7,10,1,30,15:48:37,24.399,24399
7,12,1,31,15:50:25,26.016,26016
7,1,1,32,15:51:54,27.336,27336
7,7,1,32,15:52:18,27.373,27373
7,16,2,36,15:58:11,26.918,26918
7,22,2,38,16:01:10,25.358,25358
7,4,2,39,16:02:17,25.264,25264
7,3,2,40,16:03:22,24.485,24485
7,13,2,42,16:06:29,24.913,24913
7,5,2,42,16:07:08,24.495,24495
7,18,2,43,16:07:11,24.565,24565
7,67,2,42,16:07:19,25.283,25283
7,17,2,43,16:07:30,24.687,24687
7,15,2,43,16:07:49,23.515,23515
7,6,2,43,16:08:07,43.507,43507
7,9,2,44,16:09:40,23.753,23753
7,8,2,44,16:09:42,23.606,23606
7,2,2,45,16:11:21,23.453,23453
7,10,2,47,16:14:07,23.122,23122
7,12,2,47,16:14:35,40.01,40010
7,20,3,48,16:15:00,23.227,23227
8,6,1,15,13:24:11,24.767,24767
8,8,1,16,13:25:35,24.678,24678
8,3,1,18,13:28:18,24.102,24102
8,15,1,18,13:28:22,24.414,24414
8,18,1,18,13:28:23,25.056,25056
8,4,1,18,13:29:01,23.853,23853
8,22,1,19,13:29:34,25.008,25008
8,10,1,19,13:29:51,28.808,28808
8,17,1,20,13:30:56,27.231,27231
8,1,1,20,13:31:49,23.624,23624
8,20,1,21,13:31:58,25.18,25180
8,21,1,21,13:32:39,23.977,23977
8,2,1,21,13:33:11,25.616,25616
8,67,1,22,13:34:42,23.418,23418
8,13,1,23,13:35:15,23.595,23595
8,7,1,27,13:41:33,24.359,24359
8,9,1,28,13:42:52,25.258,25258
8,12,1,29,13:44:17,26.077,26077
8,5,1,33,13:49:58,24.853,24853
8,16,1,33,13:50:20,26.245,26245
8,7,2,34,13:52:07,37.452,37452
8,5,2,34,13:52:12,23.899,23899
8,4,2,38,13:57:11,23.327,23327
8,6,2,40,13:59:21,22.977,22977
8,67,2,41,14:01:41,22.952,22952
8,8,2,42,14:02:03,22.545,22545
8,3,2,43,14:03:12,21.683,21683
8,20,2,44,14:03:54,23.965,23965
8,1,2,43,14:04:28,21.966,21966
8,13,2,45,14:05:58,22.772,22772
8,21,2,45,14:06:19,22.283,22283
8,15,2,46,14:07:33,20.672,20672
8,17,2,47,14:08:17,22.184,22184
8,2,2,46,14:08:37,21.131,21131
8,22,2,47,14:08:41,21.993,21993
8,9,2,47,14:09:32,22.731,22731
8,10,2,48,14:10:30,20.538,20538
8,18,2,49,14:11:41,21.723,21723
9,1,1,1,14:05:52,29.659,29659
9,15,1,2,14:06:44,26.516,26516
9,18,1,13,14:24:14,23.21,23210
9,22,1,14,14:25:30,23.614,23614
9,17,1,14,14:25:32,14.009,14009
9,5,1,15,14:27:30,25.127,25127
9,4,1,17,14:30:54,26.082,26082
9,21,1,18,14:32:31,24.224,24224
9,17,2,19,14:33:46,25.645,25645
9,20,1,21,14:37:16,25.482,25482
9,67,1,21,14:37:34,24.822,24822
9,15,2,21,14:37:53,22.4,22400
9,9,1,23,14:40:39,24.544,24544
9,8,1,24,14:42:08,24.903,24903
9,13,1,25,14:43:44,24.866,24866
9,2,1,26,14:45:39,25.667,25667
9,12,1,26,14:45:40,25.428,25428
9,16,1,27,14:46:58,23.866,23866
9,16,2,28,14:49:03,27.843,27843
9,3,1,29,14:50:11,24.458,24458
9,18,2,31,14:53:30,23.689,23689
9,6,1,31,14:53:55,23.873,23873
9,22,2,32,14:55:00,28.445,28445
9,21,2,35,15:00:26,24.213,24213
9,10,1,37,15:03:39,24.809,24809
9,1,2,37,15:05:18,24.751,24751
9,67,2,38,15:05:26,24.614,24614
9,5,2,40,15:08:25,23.853,23853
9,17,3,43,15:12:23,23.749,23749
9,20,2,44,15:14:17,23.612,23612
9,9,2,44,15:15:02,23.421,23421
9,13,2,45,15:15:58,22.884,22884
9,4,2,46,15:17:52,22.511,22511
9,16,3,46,15:18:16,23.789,23789
9,3,2,47,15:19:12,23.777,23777
9,2,2,47,15:19:40,24.251,24251
9,12,2,47,15:19:49,22.54,22540
9,15,3,49,15:23:29,22.14,22140
9,22,3,50,15:24:02,22.57,22570
9,6,2,50,15:24:32,22.798,22798
9,18,3,51,15:25:37,22.753,22753
10,4,1,12,14:19:46,22.971,22971
10,4,2,13,14:22:17,30.331,30331
10,2,1,18,14:28:40,24.214,24214
10,17,1,19,14:29:34,27.066,27066
10,8,1,19,14:29:36,24.676,24676
10,1,1,20,14:30:51,26.484,26484
10,3,1,20,14:31:03,26.933,26933
10,5,1,21,14:32:33,23.314,23314
10,20,1,21,14:32:34,27.069,27069
10,9,1,21,14:32:57,25.079,25079
10,6,1,22,14:34:10,26.018,26018
10,12,1,23,14:35:36,24.538,24538
10,18,1,25,14:38:22,25.18,25180
10,67,1,26,14:40:09,24.414,24414
10,20,2,27,14:41:38,43.121,43121
10,15,1,28,14:42:35,24.67,24670
10,153,1,28,14:43:06,24.66,24660
10,21,1,29,14:44:27,22.871,22871
10,10,1,32,14:48:14,24.001,24001
10,22,1,33,14:49:56,24.245,24245
10,67,2,38,14:57:41,23.251,23251
10,5,2,44,15:05:09,24.429,24429
10,8,2,45,15:06:15,28.191,28191
10,1,2,46,15:07:28,24.378,24378
10,21,2,47,15:10:00,24.399,24399
10,12,2,48,15:11:15,23.771,23771
10,3,2,49,15:12:07,23.177,23177
10,2,2,49,15:12:41,22.716,22716
10,17,2,50,15:13:29,23.902,23902
10,9,2,52,15:16:56,23.174,23174
10,153,2,52,15:17:19,22.943,22943
10,18,2,55,15:20:59,22.203,22203
10,6,2,56,15:22:23,22.998,22998
10,22,2,57,15:23:53,21.878,21878
10,15,2,58,15:25:11,23.17,23170
10,10,2,60,15:27:40,21.367,21367
11,154,1,1,14:05:26,25.808,25808
11,10,1,1,14:05:50,24.016,24016
11,67,1,1,14:06:12,25.134,25134
11,1,1,16,14:30:16,22.218,22218
11,20,1,16,14:30:31,21.534,21534
11,9,1,16,14:30:42,21.571,21571
11,5,1,17,14:32:04,21.054,21054
11,4,1,17,14:32:16,21.648,21648
11,20,2,17,14:32:32,23.185,23185
11,8,1,19,14:35:31,20.989,20989
11,18,1,19,14:35:43,20.558,20558
11,22,1,20,14:37:04,20.972,20972
11,3,1,20,14:37:14,21.578,21578
11,17,1,20,14:37:23,22.132,22132
11,2,1,22,14:40:53,20.749,20749
11,16,1,22,14:40:53,18.664,18664
11,153,1,22,14:41:20,20.949,20949
11,67,2,23,14:44:24,20.964,20964
11,154,2,28,14:51:44,18.913,18913
11,69,1,28,14:51:44,19.445,19445
11,6,1,30,14:54:37,21.925,21925
11,21,1,31,14:56:15,22.022,22022
11,10,2,32,14:58:35,19.278,19278
11,69,2,32,14:58:51,8.757,8757
11,153,2,33,15:00:15,19.48,19480
11,15,1,34,15:01:28,21.019,21019
11,1,2,37,15:05:40,25.599,25599
11,5,2,38,15:07:30,20.407,20407
11,16,2,38,15:08:01,21.605,21605
11,22,2,40,15:10:42,19.021,19021
11,8,2,40,15:10:54,19.718,19718
11,9,2,40,15:11:18,19.981,19981
11,6,2,39,15:11:47,22.245,22245
11,4,2,42,15:14:28,18.638,18638
11,18,2,42,15:14:39,17.838,17838
11,154,3,42,15:15:25,19.679,19679
11,3,2,43,15:16:03,19.311,19311
11,17,2,43,15:16:19,20.321,20321
11,2,2,43,15:16:28,18.505,18505
11,69,3,43,15:18:12,19.507,19507
11,10,3,49,15:27:12,16.941,16941
12,15,1,1,14:06:24,25.568,25568
12,22,1,1,14:06:36,25.392,25392
12,16,1,1,14:06:39,27.514,27514
12,9,1,12,14:29:40,25.317,25317
12,10,1,12,14:29:44,30.283,30283
12,8,1,14,14:33:12,25.922,25922
12,21,1,14,14:33:14,25.144,25144
12,17,1,14,14:33:21,27.239,27239
12,2,1,14,14:33:23,25.79,25790
12,20,1,16,14:37:01,27.093,27093
12,3,1,18,14:40:48,23.866,23866
12,17,2,18,14:41:07,13.929,13929
12,15,2,20,14:45:00,28.246,28246
12,67,1,21,14:46:27,24.261,24261
12,4,1,24,14:51:45,52.446,52446
12,69,1,24,14:52:19,32.911,32911
12,5,1,26,14:55:29,25.679,25679
12,16,2,26,14:55:45,25.596,25596
12,22,2,27,14:57:25,24.872,24872
12,6,1,28,14:59:37,24.222,24222
12,9,2,30,15:02:40,24.002,24002
12,67,2,30,15:03:12,23.126,23126
12,8,2,31,15:04:21,23.842,23842
12,21,2,31,15:04:22,24.145,24145
12,2,2,32,15:06:22,23.867,23867
12,10,2,32,15:06:42,24.165,24165
12,3,2,33,15:08:30,23.38,23380
12,17,3,34,15:10:20,23.936,23936
12,20,2,35,15:11:42,23.333,23333
13,3,1,4,14:09:43,36.543,36543
13,9,1,9,14:16:52,29.272,29272
13,1,1,15,14:24:55,26.078,26078
13,3,2,15,14:26:34,39.569,39569
13,16,1,17,14:27:54,25.396,25396
13,8,1,19,14:30:43,25.617,25617
13,4,1,26,14:41:13,28.643,28643
13,5,1,27,14:42:43,28.407,28407
13,20,1,27,14:42:49,28.843,28843
13,18,1,28,14:43:46,27.644,27644
13,22,1,29,14:45:09,27.403,27403
13,21,1,30,14:47:11,27.798,27798
13,2,1,31,14:48:36,26.918,26918
13,154,1,33,14:52:08,27.497,27497
13,1,2,34,14:52:28,25.646,25646
13,6,1,35,14:54:42,25.562,25562
13,15,1,35,14:54:43,25.835,25835
13,67,1,36,14:56:21,26.916,26916
13,16,2,37,14:56:50,27.559,27559
13,8,2,37,14:56:50,26.288,26288
13,10,1,38,14:59:05,25.4,25400
13,3,3,40,15:03:41,39.219,39219
14,20,1,17,20:34:49,24.514,24514
14,3,1,18,20:36:36,25.453,25453
14,17,1,18,20:37:01,29.802,29802
14,21,1,18,20:38:11,23.552,23552
14,24,1,18,20:38:13,25.621,25621
14,10,1,19,20:38:42,25.897,25897
14,22,1,19,20:38:53,25.101,25101
14,1,1,20,20:40:12,24.714,24714
14,9,1,20,20:40:49,25.377,25377
14,16,1,20,20:42:09,28.592,28592
14,4,1,21,20:42:36,26.059,26059
14,5,1,21,20:42:47,24.386,24386
14,18,1,21,20:42:48,25.845,25845
14,6,1,21,20:42:57,26.046,26046
14,8,1,21,20:43:17,25.628,25628
14,67,1,21,20:43:24,24.518,24518
14,153,1,21,20:44:12,31.437,31437
14,15,1,21,20:44:13,23.114,23114
14,3,2,27,20:57:30,12.76,12760
14,3,3,34,21:10:47,25.327,25327
14,67,2,38,21:18:10,42.695,42695
14,20,2,39,21:19:18,24.481,24481
14,67,3,39,21:20:46,25.255,25255
14,9,2,42,21:25:20,22.43,22430
14,20,3,43,21:27:04,12.676,12676
14,17,2,44,21:29:00,31.074,31074
14,10,2,45,21:30:20,21.702,21702
14,1,2,46,21:31:58,22.429,22429
14,22,2,46,21:32:25,27.438,27438
14,5,2,46,21:32:30,23.625,23625
14,6,2,46,21:32:40,23.254,23254
14,21,2,46,21:33:09,22.082,22082
14,24,2,46,21:33:11,22.118,22118
14,153,2,46,21:33:43,29.017,29017
14,4,2,50,21:39:37,21.361,21361
14,18,2,51,21:41:34,22.408,22408
14,15,2,51,21:42:11,22.055,22055
14,8,2,52,21:43:49,22.061,22061
15,17,1,1,14:05:37,31.836,31836
15,17,2,2,14:07:54,1:00.406,60406
15,17,3,4,14:12:09,24.089,24089
15,1,1,15,14:27:13,25.285,25285
15,16,1,15,14:27:49,27.650,27650
15,15,1,16,14:28:49,26.604,26604
15,18,1,17,14:30:50,25.776,25776
15,21,1,17,14:30:58,26.099,26099
15,20,1,18,14:31:48,29.989,29989
15,2,1,18,14:32:02,25.765,25765
15,8,1,18,14:32:10,24.928,24928
15,22,1,18,14:32:12,26.464,26464
15,3,1,22,14:38:35,25.812,25812
15,153,1,22,14:39:00,25.618,25618
15,5,1,24,14:41:55,24.871,24871
15,24,1,25,14:43:47,24.341,24341
15,9,1,26,14:45:04,24.192,24192
15,6,1,27,14:46:56,26.835,26835
15,154,1,29,14:50:28,27.915,27915
15,4,1,30,14:51:40,27.282,27282
15,17,4,33,14:58:33,26.734,26734
15,8,2,35,14:59:09,24.571,24571
15,2,2,36,15:00:43,26.949,26949
15,1,2,37,15:02:03,23.828,23828
15,15,2,39,15:05:12,23.765,23765
15,5,2,39,15:05:57,26.897,26897
15,21,2,39,15:05:59,24.448,24448
15,16,2,39,15:06:04,24.175,24175
15,20,2,40,15:06:36,25.316,25316
15,18,2,40,15:07:24,23.815,23815
15,9,2,41,15:09:03,25.119,25119
15,22,2,42,15:10:27,23.449,23449
15,153,2,43,15:12:31,23.191,23191
15,24,2,43,15:12:38,23.210,23210
15,3,2,45,15:15:16,24.888,24888
15,17,5,45,15:20:35,30.045,30045
16,1,1,1,14:04:51,25.059,25059
16,8,1,1,14:04:59,40.485,40485
16,5,1,1,14:05:00,50.009,50009
16,24,1,2,14:06:53,23.806,23806
16,24,2,3,14:08:59,22.889,22889
16,2,1,20,14:31:37,24.883,24883
16,22,1,21,14:32:28,25.463,25463
16,9,1,23,14:35:01,24.326,24326
16,3,1,24,14:36:21,25.968,25968
16,67,1,24,14:36:28,26.433,26433
16,17,1,26,14:38:41,25.614,25614
16,6,1,26,14:39:09,25.364,25364
16,18,1,29,14:42:50,24.585,24585
16,5,2,29,14:43:00,24.574,24574
16,155,1,30,14:44:11,24.68,24680
16,153,1,30,14:44:30,24.897,24897
16,154,1,34,14:49:29,24.824,24824
16,20,1,37,14:52:52,26.731,26731
16,21,1,37,14:53:18,27.31,27310
16,1,2,42,14:59:16,25.129,25129
16,8,2,43,15:00:44,25.86,25860
16,24,3,44,15:02:10,25.402,25402
16,9,2,46,15:04:05,24.056,24056
16,22,2,50,15:09:14,23.513,23513
16,153,2,50,15:10:11,24.694,24694
16,17,2,52,15:11:26,25.454,25454
16,67,2,54,15:14:32,25.655,25655
16,18,2,55,15:15:40,23.107,23107
16,154,2,55,15:16:18,25.218,25218
16,20,2,56,15:16:55,22.974,22974
16,155,2,56,15:17:15,28.423,28423
16,5,3,59,15:21:02,22.903,22903
16,22,3,63,15:25:54,25.547,25547
17,22,1,16,17:30:54,25.527,25527
17,9,1,16,17:30:58,25.617,25617
17,1,1,17,17:32:25,24.443,24443
17,18,1,17,17:32:32,26.418,26418
17,17,1,18,17:34:10,25.748,25748
17,15,1,18,17:34:26,25.188,25188
17,3,1,18,17:34:30,24.028,24028
17,67,1,18,17:34:32,25.158,25158
17,153,1,18,17:35:39,17.153,17153
17,20,1,19,17:35:48,25.65,25650
17,2,1,19,17:36:09,25.076,25076
17,16,1,24,17:45:41,26.217,26217
17,21,1,28,17:52:13,26.425,26425
17,8,1,29,17:53:36,26.532,26532
17,155,1,30,17:55:07,25.514,25514
17,5,1,31,17:57:00,25.761,25761
17,24,1,31,17:57:20,26.016,26016
17,154,1,31,17:57:35,26.159,26159
17,21,2,31,17:57:57,12.904,12904
17,6,1,32,17:58:57,26.168,26168
17,4,1,34,18:02:29,24.641,24641
17,3,2,38,18:09:05,24.269,24269
17,9,2,39,18:10:45,23.919,23919
17,17,2,40,18:11:59,24.052,24052
17,22,2,41,18:13:54,23.445,23445
17,2,2,41,18:13:56,22.603,22603
17,67,2,41,18:14:10,23.485,23485
17,16,2,41,18:15:00,23.275,23275
17,20,2,42,18:15:08,24.247,24247
17,18,2,42,18:15:32,22.369,22369
17,15,2,42,18:15:48,22.388,22388
337,807,1,3,15:11:15,25.136,25136
337,811,1,11,15:28:44,32.822,32822
337,9,1,12,15:29:50,23.166,23166
337,153,1,13,15:31:52,24.056,24056
337,37,1,14,15:33:52,22.906,22906
337,1,1,15,15:35:32,23.201,23201
337,30,1,15,15:35:35,23.16,23160
337,16,1,15,15:36:02,23.469,23469
337,4,1,16,15:37:19,23.154,23154
337,3,1,16,15:37:34,24.295,24295
337,18,1,16,15:37:41,23.543,23543
337,17,1,16,15:37:41,25.19,25190
337,20,1,17,15:39:16,22.26,22260
337,13,1,17,15:39:24,23.04,23040
337,22,1,19,15:44:01,23.671,23671
337,24,1,20,15:45:59,23.931,23931
337,15,1,24,15:55:45,26.979,26979
337,67,1,25,15:56:42,27.503,27503
337,807,2,25,15:57:27,25.735,25735
337,153,2,26,15:58:47,23.337,23337
337,5,1,30,16:08:34,26.394,26394
338,30,1,1,17:05:49,32.742,32742
338,18,1,6,17:17:13,27.295,27295
338,13,1,8,17:20:34,29.415,29415
338,9,1,8,17:20:36,24.188,24188
338,3,1,8,17:20:37,24.885,24885
338,1,1,8,17:20:39,28.948,28948
338,22,1,8,17:20:40,25.864,25864
338,808,1,8,17:20:42,28.963,28963
338,37,1,8,17:20:43,27.069,27069
338,4,1,8,17:20:46,26.821,26821
338,30,2,8,17:20:49,29.619,29619
338,5,1,8,17:20:57,27.801,27801
338,812,1,8,17:21:13,27.526,27526
338,20,1,9,17:22:13,24.527,24527
338,24,1,9,17:22:27,25.746,25746
338,153,1,9,17:22:30,25.273,25273
338,10,1,9,17:22:45,28.501,28501
338,17,1,10,17:23:55,23.517,23517
338,810,1,10,17:24:53,27.693,27693
338,153,2,27,17:51:09,25.378,25378
338,810,2,25,17:51:14,15:47.885,947885
338,30,3,29,17:54:12,24.412,24412
338,22,2,31,17:57:06,24.129,24129
338,17,2,32,17:58:18,23.986,23986
338,3,2,33,17:59:50,23.990,23990
338,1,2,34,18:01:19,24.027,24027
338,812,2,46,18:25:25,26.768,26768
338,17,3,56,18:34:53,29.584,29584
339,22,1,7,16:15:49,22.547,22547
339,18,1,9,16:19:14,23.406,23406
339,5,1,11,16:23:49,43.103,43103
339,807,1,13,16:25:55,29.555,29555
339,808,1,13,16:26:00,25.241,25241
339,67,1,14,16:27:45,24.377,24377
339,811,1,16,16:32:38,25.751,25751
339,5,2,17,16:35:12,11:36.225,696225
339,153,1,19,16:36:14,22.828,22828
339,16,1,20,16:37:40,23.442,23442
339,9,1,21,16:39:15,22.958,22958
339,3,1,22,16:40:55,21.802,21802
339,20,1,23,16:42:23,23.102,23102
339,17,1,24,16:44:05,25.565,25565
339,13,1,26,16:48:00,22.758,22758
339,810,1,26,16:49:56,24.849,24849
339,1,1,30,16:54:27,23.043,23043
339,67,2,34,17:01:52,28.733,28733
339,4,1,36,17:04:40,22.350,22350
339,22,2,44,17:18:57,22.329,22329
340,22,1,1,15:05:32,25.795,25795
340,16,1,1,15:05:33,22.432,22432
340,153,1,1,15:05:36,23.576,23576
340,4,1,2,15:08:02,22.238,22238
340,17,1,2,15:08:03,32.492,32492
340,20,1,2,15:08:12,31.195,31195
340,13,1,2,15:08:15,24.581,24581
340,1,1,2,15:08:18,24.211,24211
340,30,1,2,15:08:19,22.397,22397
340,15,1,2,15:08:21,26.650,26650
340,807,1,2,15:08:24,25.722,25722
340,811,1,2,15:08:24,29.544,29544
340,812,1,2,15:08:29,40.736,40736
340,30,2,4,15:12:43,24.644,24644
340,4,2,5,15:14:32,13.886,13886
340,22,2,5,15:14:37,27.730,27730
340,20,2,5,15:14:40,27.270,27270
340,1,2,5,15:14:40,27.671,27671
340,807,2,5,15:14:47,41.198,41198
340,16,2,6,15:16:25,21.722,21722
340,17,2,6,15:16:28,23.076,23076
340,13,2,6,15:16:35,22.047,22047
340,4,3,6,15:16:39,25.723,25723
340,153,2,11,15:25:36,22.224,22224
340,812,2,11,15:27:02,29.980,29980
340,15,2,12,15:28:18,24.115,24115
340,811,2,12,15:28:20,24.582,24582
340,22,3,18,15:38:29,24.706,24706
340,15,3,17,15:38:35,11:44.566,704566
340,30,3,19,15:39:59,21.763,21763
340,17,3,19,15:40:00,25.165,25165
340,811,3,18,15:40:13,27.443,27443
340,153,3,19,15:40:19,22.609,22609
340,16,3,19,15:40:20,22.830,22830
340,4,4,19,15:40:21,23.703,23703
340,13,3,19,15:40:22,29.729,29729
340,5,1,19,15:40:49,24.844,24844
340,812,3,18,15:40:57,25.644,25644
340,807,3,19,15:40:58,23.131,23131
340,18,1,20,15:41:00,24.093,24093
340,3,1,20,15:41:05,24.421,24421
340,9,1,20,15:41:09,23.031,23031
340,808,1,20,15:41:43,24.197,24197
340,1,3,20,15:41:56,22.968,22968
340,20,3,20,15:41:57,23.058,23058
340,153,4,20,15:42:44,30.832,30832
340,807,4,23,15:49:09,23.036,23036
340,807,5,25,15:54:19,24.438,24438
340,15,4,21,15:58:54,13.791,13791
340,153,5,34,16:10:01,23.724,23724
340,17,4,35,16:11:45,22.860,22860
340,30,4,36,16:13:36,23.879,23879
340,5,2,36,16:14:21,25.433,25433
340,1,4,37,16:15:00,24.935,24935
340,9,2,37,16:15:07,24.051,24051
340,20,4,37,16:15:11,22.537,22537
340,22,4,37,16:15:38,22.476,22476
340,18,2,38,16:16:45,23.506,23506
340,3,2,38,16:16:53,24.547,24547
340,4,5,38,16:17:00,22.816,22816
340,808,2,38,16:17:18,27.298,27298
340,16,4,38,16:17:26,27.279,27279
340,13,4,38,16:17:26,23.258,23258
340,807,6,38,16:19:25,22.856,22856
340,811,4,41,16:26:40,25.644,25644
340,812,4,41,16:28:59,28.359,28359
340,153,6,46,16:32:37,24.292,24292
341,67,1,1,14:04:47,24.163,24163
341,37,1,1,14:05:12,23.393,23393
341,24,1,12,14:21:16,24.121,24121
341,808,1,13,14:22:47,21.017,21017
341,30,1,14,14:23:51,20.104,20104
341,13,1,14,14:23:54,20.314,20314
341,3,1,14,14:24:08,37.2,37200
341,22,1,15,14:25:37,21.083,21083
341,20,1,16,14:26:35,24.513,24513
341,4,1,16,14:26:41,20.396,20396
341,18,1,16,14:26:44,26.038,26038
341,153,1,16,14:27:00,30.501,30501
341,9,1,16,14:27:01,20.45,20450
341,807,1,16,14:27:08,21.429,21429
341,155,1,16,14:27:16,21.835,21835
341,17,1,17,14:27:58,20.56,20560
341,1,1,17,14:28:05,22.06,22060
341,16,1,17,14:28:24,21.064,21064
341,810,1,19,14:33:18,23.735,23735
341,10,1,21,14:35:33,24.114,24114
341,67,2,22,14:36:41,13.256,13256
341,15,1,22,14:37:03,24.838,24838
341,812,1,27,14:45:23,48.639,48639
341,67,3,29,14:47:17,23.381,23381
341,807,2,32,14:51:23,22.597,22597
341,153,2,34,14:54:02,13.247,13247
341,3,2,35,14:55:59,20.856,20856
341,20,2,54,15:21:54,21.758,21758
342,4,1,1,14:04:25,27.507,27507
342,811,1,2,14:06:45,29.352,29352
342,1,1,17,14:29:04,26.737,26737
342,13,1,19,14:31:38,26.114,26114
342,22,1,19,14:31:49,26.448,26448
342,30,1,19,14:31:50,24.914,24914
342,24,1,19,14:31:52,26.12,26120
342,812,1,19,14:32:35,27.984,27984
342,67,1,20,14:33:13,26.363,26363
342,9,1,21,14:34:13,25.801,25801
342,808,1,21,14:34:34,27.507,27507
342,153,1,21,14:34:40,26.603,26603
342,20,1,22,14:35:30,25.115,25115
342,16,1,22,14:35:47,27.209,27209
342,17,1,23,14:36:38,25.488,25488
342,810,1,25,14:40:49,35.05,35050
342,15,1,26,14:42:10,47.05,47050
342,3,1,28,14:43:34,25.14,25140
342,5,1,28,14:44:27,33.232,33232
342,808,2,30,14:47:18,31.669,31669
343,807,1,1,15:04:53,23.476,23476
343,67,1,1,15:05:25,32.073,32073
343,155,1,10,15:19:04,25.151,25151
343,22,1,10,15:19:12,25.225,25225
343,4,1,11,15:20:38,22.634,22634
343,808,1,12,15:22:09,22.754,22754
343,16,1,12,15:22:10,25.277,25277
343,37,1,12,15:22:15,21.899,21899
343,13,1,13,15:23:40,21.246,21246
343,9,1,13,15:23:40,21.59,21590
343,24,1,13,15:23:54,26.326,26326
343,20,1,14,15:24:56,21.946,21946
343,30,1,14,15:25:11,21.463,21463
343,153,1,14,15:25:25,23.711,23711
343,17,1,15,15:26:26,22.741,22741
343,1,1,15,15:26:27,24.26,24260
343,3,1,15,15:26:44,21.085,21085
343,18,1,17,15:29:33,21.754,21754
343,811,1,20,15:35:40,24.624,24624
343,812,1,21,15:37:47,23.615,23615
343,10,1,32,15:54:41,23.183,23183
343,810,1,33,15:57:07,23.852,23852
343,807,2,37,16:01:59,22.09,22090
343,153,2,41,16:07:14,22.739,22739
343,17,2,42,16:07:55,26.004,26004
343,67,2,44,16:12:51,23.714,23714
343,808,2,54,16:27:38,27.23,27230
344,37,1,1,12:04:45,27.797,27797
344,24,1,1,12:04:57,29.09,29090
344,13,1,1,12:05:12,36.12,36120
344,3,1,5,12:10:15,22.134,22134
344,15,1,5,12:10:17,25.508,25508
344,18,1,6,12:11:28,22.568,22568
344,16,1,6,12:11:30,21.992,21992
344,807,1,6,12:11:31,27.487,27487
344,1,1,7,12:12:46,22.79,22790
344,4,1,7,12:12:47,21.277,21277
344,153,1,7,12:13:00,22.333,22333
344,22,1,7,12:13:00,22.961,22961
344,9,1,9,12:15:36,21.936,21936
344,22,2,11,12:18:56,30.209,30209
344,30,1,12,12:19:40,21.579,21579
344,17,1,13,12:20:58,21.988,21988
344,808,1,13,12:21:43,14.426,14426
344,20,1,14,12:22:16,22.18,22180
344,30,2,14,12:22:38,22.746,22746
344,810,1,14,12:23:03,24.191,24191
344,67,1,15,12:23:48,22.532,22532
344,10,1,15,12:24:36,24.082,24082
344,5,1,16,12:25:38,24.16,24160
344,37,2,18,12:28:34,23.696,23696
344,808,2,18,12:28:51,30.546,30546
344,812,1,19,12:30:29,24.519,24519
344,13,2,23,12:35:32,24.308,24308
344,807,2,24,12:36:26,21.899,21899
344,24,2,24,12:36:42,21.745,21745
344,10,2,24,12:37:30,22.998,22998
344,808,3,24,12:37:39,14.436,14436
344,153,2,25,12:37:49,21.667,21667
344,1,2,26,12:38:36,21.831,21831
344,9,2,26,12:38:54,22.742,22742
344,18,2,27,12:39:58,21.9,21900
344,20,2,27,12:40:00,22.263,22263
344,3,2,27,12:40:18,21.806,21806
344,16,2,27,12:40:40,25.553,25553
344,4,2,28,12:41:17,21.563,21563
344,810,2,28,12:42:55,23.438,23438
344,807,3,29,12:43:27,14.495,14495
344,22,3,30,12:45:12,23.541,23541
344,15,2,30,12:45:30,23.524,23524
344,5,2,32,12:48:08,24.924,24924
344,30,3,33,12:48:44,21.552,21552
344,10,3,32,12:48:57,22.796,22796
344,67,2,35,12:51:04,22.415,22415
344,15,3,40,12:59:51,35.78,35780
344,13,3,41,12:59:58,23.371,23371
344,810,3,40,13:00:12,23.685,23685
344,153,3,42,13:01:01,23.226,23226
344,15,4,41,13:02:07,47.681,47681
344,812,2,45,13:07:14,25.888,25888
344,17,2,50,13:10:39,22.309,22309
344,67,3,50,13:11:30,24.488,24488
344,10,4,48,13:11:32,22.557,22557
344,5,3,51,13:14:35,23.486,23486
344,808,4,56,13:21:37,22.564,22564
344,807,4,58,13:22:51,22.356,22356
344,9,3,59,13:23:18,22.174,22174
344,13,4,63,13:29:36,26.657,26657
345,15,1,1,14:06:06,41.158,41158
345,15,2,3,14:11:29,3:16.985,196985
345,17,1,7,14:16:07,24.784,24784
345,3,1,8,14:17:56,21.980,21980
345,9,1,9,14:19:27,33.452,33452
345,18,1,9,14:19:29,22.621,22621
345,22,1,9,14:19:32,24.039,24039
345,807,1,9,14:19:37,30.217,30217
345,67,1,9,14:19:38,23.261,23261
345,16,1,9,14:19:39,26.206,26206
345,24,1,9,14:19:40,33.530,33530
345,808,1,9,14:19:42,27.350,27350
345,37,1,9,14:19:44,24.315,24315
345,812,1,9,14:20:22,24.518,24518
345,20,1,10,14:21:17,21.197,21197
345,1,1,10,14:21:24,25.971,25971
345,4,1,10,14:21:51,20.649,20649
345,13,1,10,14:21:56,22.571,22571
345,153,1,10,14:21:58,22.506,22506
345,30,1,11,14:23:46,38.497,38497
345,811,1,11,14:24:18,22.954,22954
345,30,2,13,14:29:23,21.197,21197
345,10,1,24,14:49:38,23.993,23993
345,1,2,27,14:53:47,14.668,14668
345,30,3,36,15:09:41,20.737,20737
345,10,2,36,15:11:05,31.124,31124
345,811,2,37,15:12:57,40.482,40482
345,810,1,42,15:21:04,21.946,21946
345,155,1,53,15:37:42,21.584,21584
346,13,1,1,13:05:56,26.843,26843
346,20,1,1,13:06:31,22.909,22909
346,30,1,11,13:22:03,19.124,19124
346,4,1,12,13:23:37,19.616,19616
346,22,1,12,13:23:39,20.179,20179
346,155,1,12,13:23:41,20.475,20475
346,9,1,13,13:25:11,18.97,18970
346,37,1,13,13:25:22,19.495,19495
346,3,1,15,13:28:24,19.693,19693
346,16,1,15,13:28:36,20.461,20461
346,808,1,15,13:28:39,19.52,19520
346,1,1,16,13:29:42,19.926,19926
346,67,1,16,13:30:20,21.099,21099
346,17,1,17,13:31:15,19.164,19164
346,18,1,21,13:38:06,20.435,20435
346,29,1,20,13:38:23,22.581,22581
346,5,1,22,13:40:44,32.556,32556
346,812,1,22,13:41:30,22.847,22847
346,10,1,24,13:44:05,21.516,21516
346,15,1,25,13:45:40,23.841,23841
346,37,2,26,13:46:44,21.916,21916
346,807,1,27,13:47:58,20.54,20540
346,153,1,28,13:49:57,20.987,20987
346,24,1,28,13:50:29,20.869,20869
346,4,2,30,13:54:12,12.304,12304
346,13,2,39,14:08:48,35.041,35041
346,808,2,40,14:10:18,21.378,21378
346,4,3,49,14:24:29,23.62,23620
347,16,1,1,14:05:01,25.523,25523
347,24,1,1,14:05:05,33.916,33916
347,153,1,1,14:05:09,29.765,29765
347,15,1,2,14:07:09,3:03.780,183780
347,16,2,4,14:09:30,20.265,20265
347,24,2,5,14:11:04,19.259,19259
347,20,1,12,14:19:26,18.348,18348
347,4,1,13,14:20:42,19.024,19024
347,17,1,13,14:20:50,18.060,18060
347,13,1,14,14:22:00,19.136,19136
347,1,1,14,14:22:09,19.204,19204
347,30,1,14,14:22:25,18.052,18052
347,22,1,14,14:22:30,19.823,19823
347,155,1,15,14:23:48,18.702,18702
347,9,1,17,14:26:25,18.168,18168
347,29,1,17,14:27:39,19.522,19522
347,18,1,22,14:32:47,18.461,18461
347,811,1,21,14:33:02,19.962,19962
347,808,1,23,14:34:29,18.147,18147
347,3,1,24,14:35:49,17.992,17992
347,5,1,24,14:36:55,22.006,22006
347,153,2,25,14:38:05,19.650,19650
347,807,1,34,14:49:23,19.184,19184
347,16,3,34,14:50:32,22.905,22905
347,811,2,39,14:58:18,19.882,19882
347,37,1,51,15:11:39,18.961,18961
347,10,1,52,15:15:31,21.472,21472
347,37,2,58,15:21:07,25.089,25089
347,24,3,62,15:27:06,18.693,18693
348,18,1,14,14:24:14,20.682,20682
348,24,1,14,14:24:20,26.563,26563
348,20,1,15,14:25:03,20.700,20700
348,4,1,15,14:25:15,21.730,21730
348,29,1,14,14:25:19,23.685,23685
348,13,1,15,14:25:22,22.083,22083
348,1,1,15,14:25:23,20.738,20738
348,808,1,15,14:25:29,22.496,22496
348,3,1,15,14:25:37,29.770,29770
348,9,1,15,14:25:38,2:03.176,123176
348,807,1,15,14:25:43,21.818,21818
348,37,1,15,14:25:45,22.470,22470
348,30,1,15,14:25:46,27.763,27763
348,67,1,15,14:25:57,21.435,21435
348,810,1,15,14:26:21,22.698,22698
348,5,1,15,14:26:23,28.184,28184
348,10,1,15,14:26:26,26.676,26676
348,811,1,15,14:26:36,23.269,23269
348,155,1,16,14:27:26,20.961,20961
348,810,2,16,14:29:13,34.312,34312
348,15,1,20,14:34:15,22.636,22636
348,9,2,22,14:38:33,27.917,27917
348,20,2,31,14:49:28,13.272,13272
348,17,1,43,15:06:13,20.688,20688
348,22,1,55,15:24:23,20.837,20837
349,37,1,1,14:05:40,23.638,23638
349,5,1,1,14:05:43,43.625,43625
349,10,1,1,14:05:45,39.1,39100
349,4,1,1,14:05:47,28.611,28611
349,67,1,1,14:06:21,26.427,26427
349,155,1,2,14:07:57,38.683,38683
349,153,1,2,14:07:58,23.454,23454
349,811,1,2,14:08:08,34.559,34559
349,10,2,2,14:08:35,23.122,23122
349,37,2,3,14:11:01,22.119,22119
349,5,2,3,14:11:04,28.566,28566
349,811,2,3,14:11:05,35.482,35482
349,67,2,3,14:11:08,22.119,22119
349,153,2,4,14:13:06,23.019,23019
349,4,2,4,14:13:07,21.287,21287
349,24,1,10,14:24:28,21.715,21715
349,29,1,13,14:31:05,23.101,23101
349,20,1,16,14:35:46,32.258,32258
349,807,1,16,14:35:50,46.225,46225
349,808,1,16,14:35:54,21.92,21920
349,20,2,20,14:43:52,14.056,14056
349,16,1,21,14:45:12,22.663,22663
349,17,1,22,14:46:55,20.597,20597
349,9,1,23,14:48:45,20.727,20727
349,13,1,23,14:48:51,20.935,20935
349,1,1,24,14:50:26,21.165,21165
349,24,2,25,14:53:21,29.148,29148
349,20,3,26,14:56:28,23.689,23689
349,10,3,32,15:08:01,23.458,23458
349,29,2,32,15:08:54,24.646,24646
349,67,3,33,15:09:00,22.801,22801
349,16,2,34,15:09:54,23.149,23149
349,15,1,33,15:09:57,25.833,25833
349,30,1,34,15:10:01,22.818,22818
349,155,2,34,15:10:02,23.496,23496
349,3,1,34,15:10:05,27.592,27592
349,4,3,34,15:10:06,22.874,22874
349,20,4,33,15:10:06,22.997,22997
349,808,2,34,15:10:12,23.554,23554
349,810,1,33,15:10:16,25.872,25872
349,153,3,34,15:10:29,23.155,23155
349,5,3,33,15:10:35,23.191,23191
349,37,3,34,15:10:36,23.712,23712
349,24,3,34,15:11:00,22.566,22566
349,1,2,35,15:11:36,23.115,23115
349,9,2,35,15:11:40,27.933,27933
349,17,2,35,15:11:42,21.881,21881
349,13,2,35,15:11:53,22.781,22781
349,20,5,36,15:16:50,23.279,23279
349,24,4,37,15:17:28,22.726,22726
349,67,4,37,15:17:40,22.752,22752
349,807,2,37,15:17:49,30.065,30065
349,37,4,38,15:19:16,22.647,22647
350,16,1,2,14:06:47,22.98,22980
350,153,1,16,14:27:23,23.702,23702
350,37,1,17,14:28:46,22.568,22568
350,153,2,21,14:35:05,15.041,15041
350,29,1,22,14:37:05,23.645,23645
350,5,1,23,14:38:18,23.507,23507
350,10,1,24,14:39:49,22.965,22965
350,15,1,25,14:41:09,23.787,23787
350,810,1,25,14:41:30,24.061,24061
350,24,1,31,14:49:07,22.443,22443
350,9,1,33,14:51:35,23.907,23907
350,67,1,33,14:52:00,23.232,23232
350,3,1,35,14:54:26,22.207,22207
350,17,1,35,14:54:30,22.078,22078
350,18,1,36,14:55:29,22.955,22955
350,807,1,36,14:55:55,22.748,22748
350,30,1,36,14:56:06,22.558,22558
350,16,2,36,14:56:54,29.757,29757
350,4,1,37,14:56:56,22.154,22154
350,22,1,37,14:57:46,22.559,22559
350,13,1,38,14:58:23,22.749,22749
350,808,1,49,15:15:13,22.881,22881
350,20,1,52,15:18:39,21.558,21558
351,13,1,1,20:05:50,30.527,30527
351,2,1,1,20:06:12,45.279,45279
351,2,2,2,20:08:55,32.063,32063
351,17,1,3,20:09:41,35.767,35767
351,15,1,3,20:10:02,33.144,33144
351,153,1,3,20:10:03,33.496,33496
351,32,1,3,20:10:04,38.186,38186
351,810,1,3,20:10:04,33.839,33839
351,811,1,3,20:10:06,49.271,49271
351,15,2,6,20:18:03,34.137,34137
351,15,3,25,20:56:14,3:51.073,231073
351,1,1,28,20:58:27,30.403,30403
351,4,1,29,20:59:48,30.236,30236
351,20,1,29,20:59:50,31.118,31118
351,18,1,29,21:00:26,30.396,30396
351,3,1,30,21:02:22,30.380,30380
351,30,1,30,21:02:58,32.800,32800
351,10,1,31,21:05:40,31.365,31365
351,9,1,32,21:06:30,30.441,30441
351,22,1,32,21:06:32,30.293,30293
351,67,1,32,21:07:13,32.138,32138
351,5,1,34,21:11:50,33.320,33320
351,30,2,37,21:18:41,37.496,37496
351,810,2,41,21:28:05,32.496,32496
351,9,2,45,21:32:48,31.814,31814
351,67,2,52,21:46:24,32.989,32989
352,3,1,1,15:05:50,21.447,21447
352,15,1,1,15:05:52,22.569,22569
352,10,1,1,15:05:56,23.414,23414
352,811,1,1,15:05:57,24.272,24272
352,10,2,2,15:08:39,21.822,21822
352,2,1,18,15:38:18,21.654,21654
352,16,1,18,15:38:22,23.375,23375
352,22,1,20,15:41:32,23.546,23546
352,153,1,21,15:43:18,21.505,21505
352,1,1,22,15:44:33,21.448,21448
352,30,1,23,15:46:18,21.261,21261
352,20,1,24,15:47:33,21.9,21900
352,4,1,24,15:47:43,21.705,21705
352,17,1,25,15:49:13,22.071,22071
352,67,1,28,15:54:45,21.691,21691
352,29,1,31,16:01:44,23.54,23540
352,5,1,35,16:07:06,22.412,22412
352,18,1,38,16:10:20,21.252,21252
352,155,1,38,16:10:51,21.427,21427
352,153,2,44,16:20:53,27.296,27296
353,811,1,1,15:13:35,25.316,25316
353,810,1,4,16:08:20,26.333,26333
353,810,2,13,16:32:21,25.255,25255
353,810,3,17,16:42:50,24.436,24436
353,2,1,19,16:46:51,23.423,23423
353,155,1,19,16:46:54,28.449,28449
353,67,1,19,16:46:56,31.483,31483
353,811,2,19,16:47:08,26.885,26885
353,808,1,20,16:49:07,24.663,24663
353,15,1,21,16:51:32,26.035,26035
353,15,2,24,16:58:54,2:07.379,127379
353,29,1,26,17:02:49,31.096,31096
353,18,1,28,17:06:12,24.126,24126
353,16,1,28,17:06:17,25.275,25275
353,807,1,30,17:10:02,23.123,23123
353,1,1,31,17:11:44,23.923,23923
353,13,1,31,17:11:50,24.048,24048
353,30,1,31,17:11:53,25.397,25397
353,9,1,31,17:11:58,31.488,31488
353,22,1,31,17:12:02,24.762,24762
353,153,1,31,17:12:07,39.364,39364
353,24,1,31,17:12:08,24.627,24627
353,5,1,31,17:12:44,26.517,26517
353,20,1,32,17:13:36,23.817,23817
353,4,1,32,17:13:42,27.610,27610
353,5,2,38,17:27:22,14.097,14097
353,807,2,51,17:51:37,23.256,23256
354,18,1,11,14:17:48,21.054,21054
354,13,1,12,14:19:05,21.025,21025
354,22,1,13,14:20:23,29.061,29061
354,13,2,13,14:20:47,25.161,25161
354,807,1,14,14:21:39,21.884,21884
354,9,1,14,14:21:41,22.278,22278
354,2,1,14,14:21:45,21.648,21648
354,32,1,11,14:22:58,23.342,23342
354,153,1,15,14:23:05,22.069,22069
354,24,1,16,14:24:30,21.242,21242
354,10,1,16,14:24:53,21.950,21950
354,5,1,17,14:26:11,21.480,21480
354,67,1,18,14:27:01,25.914,25914
354,808,1,19,14:28:30,22.884,22884
354,1,1,20,14:29:25,21.255,21255
354,30,1,20,14:29:29,21.163,21163
354,15,1,20,14:30:12,21.918,21918
354,4,1,24,14:34:21,20.993,20993
354,20,1,25,14:35:25,21.471,21471
354,811,1,24,14:35:48,22.705,22705
354,17,1,26,14:36:43,20.735,20735
354,3,1,26,14:37:16,20.679,20679
354,810,1,28,14:41:14,32.863,32863
354,22,2,34,14:48:32,27.833,27833
354,810,2,40,14:57:59,6:39.641,399641
354,155,1,48,15:05:55,20.618,20618
354,16,1,50,15:08:41,21.734,21734
354,2,2,50,15:08:48,21.976,21976
354,13,3,50,15:08:50,21.927,21927
354,808,2,50,15:08:59,22.085,22085
354,1,2,51,15:09:16,21.652,21652
354,22,3,50,15:09:23,21.758,21758
354,32,2,45,15:09:30,36.484,36484
354,3,2,51,15:09:40,37.274,37274
354,18,2,52,15:10:55,22.228,22228
354,3,3,54,15:14:54,21.318,21318
354,2,3,64,15:29:30,13.921,13921
354,810,3,57,15:29:58,22.529,22529
355,3,1,1,17:05:37,21.292,21292
355,808,1,1,17:05:39,21.739,21739
355,153,1,1,17:05:45,22.163,22163
355,811,1,1,17:05:51,23.749,23749
355,810,1,1,17:05:52,21.705,21705
355,32,1,1,17:05:57,31.988,31988
355,17,1,11,17:26:47,20.168,20168
355,13,1,13,17:30:21,21.523,21523
355,4,1,15,17:33:50,20.681,20681
355,2,1,15,17:34:03,21.202,21202
355,22,1,18,17:39:18,20.684,20684
355,1,1,23,17:47:48,20.792,20792
355,20,1,24,17:49:31,20.061,20061
355,15,1,28,17:58:08,37.147,37147
355,155,1,33,18:05:43,20.208,20208
355,807,1,36,18:11:03,20.749,20749
355,67,1,37,18:12:45,20.984,20984
355,18,1,39,18:15:38,20.511,20511
355,10,1,40,18:19:37,20.93,20930
355,5,1,41,18:21:05,21.537,21537
355,9,1,46,18:27:56,20.188,20188
355,16,1,47,18:29:56,20.276,20276
841,153,1,1,17:05:23,26.898,26898
841,30,1,1,17:05:52,25.021,25021
841,17,1,11,17:20:48,23.426,23426
841,4,1,12,17:22:34,23.251,23251
841,13,1,13,17:24:10,23.842,23842
841,22,1,13,17:24:29,23.643,23643
841,20,1,14,17:25:17,22.603,22603
841,814,1,14,17:26:03,24.863,24863
841,816,1,14,17:26:50,25.259,25259
841,67,1,15,17:27:34,25.342,25342
841,2,1,15,17:27:41,22.994,22994
841,1,1,16,17:28:24,23.227,23227
841,808,1,16,17:28:39,24.535,24535
841,3,1,16,17:29:00,23.716,23716
841,155,1,16,17:29:06,24.064,24064
841,16,1,16,17:29:08,25.978,25978
841,15,1,16,17:29:49,24.899,24899
841,18,1,17,17:30:24,16.867,16867
841,153,2,17,17:31:06,24.463,24463
841,5,1,17,17:31:11,24.865,24865
841,30,2,17,17:32:08,23.988,23988
841,10,1,18,17:33:02,23.792,23792
841,18,2,19,17:33:53,23.303,23303
841,815,1,23,17:40:27,23.438,23438
841,22,2,23,17:40:45,37.856,37856
841,17,2,26,17:44:29,22.520,22520
841,4,2,27,17:46:04,24.733,24733
841,22,3,28,17:49:07,16.892,16892
841,67,2,29,17:49:47,23.100,23100
841,2,2,30,17:51:32,25.098,25098
841,13,2,31,17:52:28,24.500,24500
841,155,2,32,17:54:21,24.192,24192
841,20,2,36,17:59:17,24.036,24036
841,1,2,36,17:59:29,23.199,23199
841,153,3,35,17:59:45,26.348,26348
841,808,2,36,17:59:47,25.683,25683
841,814,2,36,18:00:48,24.332,24332
841,18,3,37,18:01:49,22.681,22681
841,16,2,37,18:02:15,23.871,23871
841,15,2,37,18:03:55,24.848,24848
841,816,2,38,18:06:53,26.446,26446
841,17,3,41,18:07:37,26.230,26230
841,22,4,40,18:08:03,26.309,26309
841,4,3,42,18:09:08,24.181,24181
841,13,3,48,18:18:54,24.095,24095
842,16,1,3,16:09:07,31.694,31694
842,22,1,3,16:10:04,32.978,32978
842,17,1,10,16:21:21,22.572,22572
842,814,1,11,16:23:16,22.773,22773
842,1,1,12,16:24:40,22.552,22552
842,20,1,13,16:26:17,23.019,23019
842,2,1,13,16:26:28,23.900,23900
842,18,1,13,16:26:29,22.400,22400
842,13,1,13,16:26:30,29.224,29224
842,15,1,13,16:27:03,25.516,25516
842,4,1,14,16:28:15,23.152,23152
842,30,1,14,16:28:34,22.576,22576
842,808,1,15,16:30:10,23.182,23182
842,67,1,15,16:30:23,23.280,23280
842,3,1,15,16:30:37,24.967,24967
842,5,1,15,16:30:37,29.084,29084
842,153,1,16,16:32:25,23.584,23584
842,16,2,16,16:32:31,22.046,22046
842,155,1,17,16:33:53,23.280,23280
842,815,1,17,16:34:14,23.597,23597
842,10,1,17,16:34:28,24.617,24617
842,816,1,17,16:34:39,26.252,26252
842,24,1,17,16:34:56,27.815,27815
842,22,2,17,16:35:41,24.502,24502
842,67,2,20,16:39:30,29.843,29843
842,17,2,22,16:42:37,21.991,21991
842,18,2,23,16:44:11,22.471,22471
842,1,2,24,16:45:48,22.611,22611
842,814,2,24,16:46:20,22.419,22419
842,20,2,25,16:47:27,21.893,21893
842,4,2,26,16:49:19,23.894,23894
842,2,2,26,16:49:31,23.221,23221
842,13,2,27,16:51:17,22.541,22541
842,808,2,27,16:51:25,22.680,22680
842,30,2,28,16:53:26,22.261,22261
842,3,2,29,16:55:28,22.577,22577
842,17,3,32,17:00:01,22.069,22069
842,153,2,32,17:00:55,22.888,22888
842,16,3,32,17:00:56,22.550,22550
842,67,3,32,17:01:03,27.439,27439
842,5,2,34,17:04:41,23.336,23336
842,10,2,34,17:05:19,24.429,24429
842,816,2,35,17:07:20,24.416,24416
842,155,2,36,17:07:26,23.442,23442
842,1,3,37,17:08:28,25.382,25382
842,814,3,37,17:09:21,23.977,23977
842,18,3,38,17:10:13,22.483,22483
842,13,3,38,17:10:28,22.893,22893
842,2,3,39,17:12:09,22.602,22602
842,24,2,38,17:13:32,26.554,26554
842,3,3,40,17:15:05,22.526,22526
842,20,3,41,17:15:08,22.313,22313
842,4,3,41,17:15:25,23.812,23812
842,30,3,42,17:18:08,22.227,22227
842,17,4,43,17:19:10,22.161,22161
842,808,3,44,17:21:08,28.694,28694
842,4,4,46,17:24:24,27.182,27182
842,24,3,44,17:25:07,38.823,38823
842,1,4,52,17:34:48,22.466,22466
843,153,1,9,15:19:36,22.419,22419
843,24,1,9,15:20:00,14.160,14160
843,30,1,10,15:21:12,20.522,20522
843,17,1,10,15:21:27,23.442,23442
843,813,1,10,15:21:35,23.160,23160
843,814,1,11,15:22:57,21.989,21989
843,3,1,12,15:24:32,20.771,20771
843,67,1,12,15:24:56,22.010,22010
843,18,1,14,15:27:59,23.779,23779
843,20,1,14,15:28:00,21.995,21995
843,155,1,14,15:28:17,21.855,21855
843,13,1,15,15:29:47,21.624,21624
843,1,1,15,15:29:49,20.878,20878
843,16,1,15,15:30:01,20.989,20989
843,4,1,16,15:31:34,22.524,22524
843,815,1,16,15:31:55,21.473,21473
843,22,1,16,15:32:01,21.709,21709
843,67,2,16,15:32:19,24.722,24722
843,10,1,16,15:32:33,22.683,22683
843,808,1,17,15:33:36,21.981,21981
843,2,1,18,15:35:28,22.216,22216
843,5,1,19,15:37:31,22.485,22485
843,15,1,20,15:39:24,23.029,23029
843,816,1,20,15:39:50,22.901,22901
843,24,2,21,15:42:05,24.467,24467
843,39,1,23,15:45:28,26.049,26049
843,18,2,24,15:45:35,20.758,20758
843,3,2,25,15:47:13,22.005,22005
843,1,2,25,15:47:20,20.533,20533
843,17,2,25,15:47:44,21.132,21132
843,813,2,25,15:48:09,22.062,22062
843,30,2,26,15:49:15,21.964,21964
843,10,2,28,15:54:22,21.908,21908
843,16,2,30,15:56:26,21.058,21058
843,155,2,30,15:56:28,21.936,21936
843,2,2,30,15:56:29,21.821,21821
843,20,2,31,15:57:37,21.533,21533
843,4,2,32,15:59:39,21.251,21251
843,814,2,32,15:59:51,21.218,21218
843,13,2,33,16:01:04,21.168,21168
843,67,3,33,16:02:13,21.928,21928
843,816,2,34,16:05:10,22.802,22802
843,22,2,35,16:05:24,21.481,21481
843,815,2,36,16:06:55,23.397,23397
843,18,3,37,16:08:00,21.237,21237
843,808,2,37,16:08:34,22.005,22005
843,1,3,38,16:09:38,20.567,20567
843,3,3,39,16:11:19,20.720,20720
843,30,3,39,16:11:49,21.400,21400
843,17,3,40,16:13:29,21.091,21091
843,10,3,39,16:14:17,33.827,33827
843,5,2,40,16:14:27,21.890,21890
843,813,3,40,16:14:36,27.620,27620
843,15,2,42,16:18:14,22.260,22260
843,24,3,45,16:25:39,23.499,23499
843,16,3,47,16:26:24,28.708,28708
843,815,3,48,16:28:01,13.900,13900
843,815,4,50,16:31:39,28.845,28845
844,815,1,1,15:05:18,29.270,29270
844,30,1,2,15:06:35,30.182,30182
844,808,1,8,15:16:06,21.422,21422
844,13,1,9,15:17:37,22.022,22022
844,1,1,9,15:17:38,20.833,20833
844,67,1,9,15:17:47,21.769,21769
844,17,1,10,15:19:04,21.050,21050
844,4,1,10,15:19:05,21.308,21308
844,3,1,10,15:19:09,22.573,22573
844,2,1,10,15:19:16,22.300,22300
844,22,1,10,15:19:20,22.717,22717
844,16,1,10,15:19:22,21.649,21649
844,20,1,11,15:20:32,20.623,20623
844,814,1,11,15:21:00,20.775,20775
844,813,1,11,15:21:09,23.881,23881
844,18,1,13,15:23:57,21.368,21368
844,155,1,13,15:24:09,21.820,21820
844,153,1,13,15:24:25,22.713,22713
844,15,1,13,15:24:28,23.066,23066
844,30,2,14,15:26:02,20.907,20907
844,39,1,14,15:26:26,27.353,27353
844,5,1,15,15:27:42,22.854,22854
844,24,1,15,15:28:03,24.634,24634
844,815,2,16,15:29:30,22.895,22895
844,816,1,16,15:29:37,22.779,22779
844,24,2,16,15:30:57,56.611,56611
844,808,2,19,15:33:42,21.323,21323
844,1,2,20,15:35:09,21.075,21075
844,17,2,21,15:36:27,20.421,20421
844,3,2,22,15:38:24,20.927,20927
844,2,2,22,15:38:25,21.919,21919
844,4,2,23,15:39:35,21.732,21732
844,13,2,23,15:39:58,21.322,21322
844,67,2,23,15:40:07,22.128,22128
844,155,2,23,15:40:15,23.455,23455
844,22,2,24,15:41:43,22.868,22868
844,814,2,24,15:41:50,20.930,20930
844,20,2,25,15:42:31,20.112,20112
844,16,2,25,15:43:21,21.084,21084
844,813,2,25,15:43:41,22.555,22555
844,15,2,25,15:43:47,22.862,22862
844,18,2,26,15:44:37,22.639,22639
844,39,2,27,15:47:59,24.962,24962
844,153,2,29,15:49:46,21.826,21826
844,30,3,30,15:51:13,20.379,20379
844,5,2,31,15:53:27,21.633,21633
844,814,3,32,15:54:38,20.887,20887
844,815,3,32,15:54:42,22.365,22365
844,3,3,33,15:55:49,20.949,20949
844,1,3,34,15:57:04,35.688,35688
844,816,2,33,15:57:20,24.837,24837
844,808,3,34,15:57:21,21.838,21838
844,13,3,34,15:57:22,23.471,23471
844,17,3,35,15:58:20,20.843,20843
844,4,3,36,15:59:49,21.702,21702
844,2,3,36,16:00:31,20.872,20872
844,24,3,35,16:02:57,25.125,25125
844,155,3,38,16:03:58,22.456,22456
844,18,3,39,16:05:05,21.417,21417
844,153,3,39,16:05:31,21.986,21986
844,20,3,40,16:05:46,20.385,20385
844,15,3,39,16:06:10,22.219,22219
844,67,3,40,16:06:48,22.032,22032
844,22,3,40,16:07:01,21.687,21687
844,16,3,40,16:07:05,21.006,21006
844,24,4,37,16:07:22,43.603,43603
844,813,3,41,16:09:04,21.827,21827
844,815,4,42,16:10:21,21.715,21715
844,3,4,44,16:12:55,20.308,20308
844,814,4,44,16:13:28,21.403,21403
844,17,4,45,16:13:49,22.087,22087
844,808,4,45,16:14:37,21.662,21662
844,30,4,45,16:14:46,20.597,20597
844,4,4,46,16:15:17,21.379,21379
844,813,4,45,16:15:30,13.925,13925
844,1,4,46,16:15:51,22.041,22041
844,2,4,46,16:16:10,21.884,21884
844,13,4,46,16:16:13,26.685,26685
844,20,4,47,16:16:40,20.489,20489
844,39,3,45,16:17:26,24.474,24474
844,5,3,53,16:28:36,23.114,23114
844,153,4,55,16:30:31,21.931,21931
845,155,1,1,14:05:11,24.871,24871
845,815,1,7,14:14:14,23.592,23592
845,813,1,8,14:15:48,22.689,22689
845,20,1,9,14:16:54,20.253,20253
845,67,1,9,14:17:17,20.818,20818
845,4,1,10,14:18:23,20.567,20567
845,17,1,10,14:18:27,20.881,20881
845,30,1,10,14:18:43,20.084,20084
845,1,1,11,14:19:57,19.761,19761
845,808,1,11,14:20:14,21.856,21856
845,3,1,11,14:20:17,20.647,20647
845,13,1,11,14:20:19,20.800,20800
845,153,1,11,14:20:28,20.741,20741
845,22,1,11,14:20:48,29.936,29936
845,16,1,13,14:23:57,20.773,20773
845,18,1,14,14:24:51,20.015,20015
845,39,1,14,14:25:56,24.843,24843
845,814,1,15,14:26:40,20.070,20070
845,15,1,15,14:26:50,22.364,22364
845,5,1,16,14:28:30,21.019,21019
845,24,1,16,14:28:55,23.157,23157
845,10,1,16,14:29:00,22.744,22744
845,816,1,17,14:30:41,23.176,23176
845,20,2,18,14:30:44,19.887,19887
845,4,2,19,14:32:13,20.238,20238
845,17,2,19,14:32:16,20.079,20079
845,813,2,20,14:34:36,24.821,24821
845,13,2,21,14:35:51,21.635,21635
845,2,1,21,14:36:21,21.322,21322
845,1,2,23,14:38:08,20.235,20235
845,22,2,23,14:39:40,21.226,21226
845,153,2,24,14:40:47,20.872,20872
845,67,2,25,14:42:10,24.745,24745
845,155,2,25,14:42:46,21.128,21128
845,30,2,26,14:43:25,20.487,20487
845,808,2,26,14:43:33,24.232,24232
845,3,2,27,14:45:01,19.534,19534
845,4,3,29,14:47:26,20.738,20738
845,17,3,29,14:47:27,20.279,20279
845,5,2,28,14:47:28,20.807,20807
845,815,2,29,14:48:40,21.143,21143
845,15,2,29,14:48:41,21.723,21723
845,39,2,28,14:48:52,24.448,24448
845,18,2,30,14:49:06,20.763,20763
845,16,2,30,14:50:19,20.267,20267
845,814,2,32,14:53:02,20.126,20126
845,20,3,34,14:54:42,20.426,20426
845,1,3,35,14:56:14,20.473,20473
845,816,2,34,14:58:05,22.982,22982
845,22,3,35,14:58:09,20.650,20650
845,13,3,36,14:58:48,22.419,22419
845,813,3,36,14:59:14,21.574,21574
845,2,2,36,14:59:22,21.953,21953
845,153,3,36,14:59:25,21.019,21019
845,4,4,39,15:02:54,20.380,20380
845,10,2,38,15:03:54,21.632,21632
845,30,3,41,15:06:21,20.451,20451
845,808,3,41,15:06:36,21.739,21739
845,5,3,41,15:07:42,23.068,23068
845,3,3,42,15:07:53,20.395,20395
845,67,3,42,15:08:31,20.819,20819
845,15,3,43,15:10:27,23.001,23001
845,155,3,44,15:11:40,20.500,20500
845,17,4,47,15:14:50,19.984,19984
845,20,4,48,15:15:41,20.292,20292
845,815,3,47,15:16:00,21.829,21829
845,18,3,48,15:16:10,20.107,20107
845,1,4,49,15:17:11,20.988,20988
845,16,3,48,15:17:54,23.230,23230
845,39,3,47,15:19:38,24.298,24298
845,2,3,50,15:20:32,20.796,20796
845,153,4,50,15:21:09,23.143,23143
845,816,3,49,15:21:44,21.708,21708
845,814,3,51,15:22:03,20.573,20573
845,813,4,53,15:25:26,22.077,22077
845,10,3,53,15:27:29,21.170,21170
845,22,4,54,15:27:32,20.637,20637
846,30,1,12,14:19:30,35.084,35084
846,18,1,15,14:22:57,25.280,25280
846,3,1,15,14:23:33,25.189,25189
846,20,1,16,14:24:15,28.536,28536
846,17,1,16,14:24:32,37.735,37735
846,4,1,17,14:25:41,25.352,25352
846,5,1,19,14:29:21,26.477,26477
846,814,1,20,14:30:24,24.970,24970
846,1,1,22,14:33:00,31.445,31445
846,10,1,22,14:33:33,26.827,26827
846,15,1,24,14:36:13,25.595,25595
846,813,1,25,14:37:09,26.468,26468
846,13,1,26,14:38:20,26.615,26615
846,39,1,25,14:38:46,28.325,28325
846,814,2,27,14:40:23,19.360,19360
846,808,1,28,14:41:17,28.856,28856
846,153,1,29,14:43:07,25.907,25907
846,22,1,32,14:46:47,25.921,25921
846,18,2,33,14:46:57,26.421,26421
846,814,3,32,14:47:35,47.226,47226
846,2,1,33,14:48:15,25.851,25851
846,67,1,33,14:48:16,26.073,26073
846,4,2,34,14:48:45,31.382,31382
846,3,2,33,14:48:50,25.310,25310
846,24,1,32,14:49:02,28.298,28298
846,816,1,33,14:49:39,27.577,27577
846,155,1,34,14:49:49,28.642,28642
846,16,1,34,14:49:51,25.037,25037
846,39,2,33,14:51:08,39.917,39917
846,1,2,43,15:03:45,19.347,19347
846,15,2,46,15:09:08,26.065,26065
846,18,3,48,15:09:55,24.670,24670
846,1,3,49,15:12:04,26.977,26977
846,5,2,52,15:17:38,25.878,25878
846,3,3,53,15:18:33,25.116,25116
846,813,2,54,15:18:38,25.687,25687
846,17,2,55,15:19:56,26.269,26269
846,153,2,56,15:22:30,27.550,27550
846,67,2,62,15:30:24,25.045,25045
846,816,2,63,15:33:21,26.464,26464
846,16,2,68,15:37:52,27.879,27879
846,22,2,68,15:38:54,25.675,25675
846,2,2,69,15:40:13,26.281,26281
847,18,1,8,13:15:11,23.650,23650
847,24,1,9,13:17:25,27.202,27202
847,18,2,13,13:25:10,14.501,14501
847,22,1,15,13:28:31,23.305,23305
847,16,1,16,13:30:09,24.052,24052
847,4,1,17,13:31:21,23.893,23893
847,3,1,17,13:31:28,23.105,23105
847,813,1,17,13:31:45,23.571,23571
847,67,1,17,13:31:50,23.949,23949
847,816,1,17,13:32:07,24.143,24143
847,30,1,18,13:33:04,24.472,24472
847,4,2,19,13:34:54,26.348,26348
847,18,3,19,13:35:02,23.868,23868
847,3,2,19,13:35:10,22.986,22986
847,153,1,19,13:35:14,26.045,26045
847,22,2,19,13:35:21,25.066,25066
847,5,1,19,13:35:26,44.037,44037
847,15,1,19,13:35:28,51.684,51684
847,813,2,19,13:35:30,24.943,24943
847,20,1,20,13:36:13,23.872,23872
847,17,1,20,13:36:40,29.546,29546
847,67,2,20,13:37:27,24.649,24649
847,13,1,21,13:38:09,24.886,24886
847,30,2,21,13:38:51,24.196,24196
847,816,2,23,13:43:32,30.497,30497
847,816,3,33,16:07:00,24.655,24655
847,30,3,34,16:08:48,22.832,22832
847,16,2,34,16:08:49,22.923,22923
847,10,1,34,16:08:50,24.425,24425
847,22,3,34,16:08:51,24.684,24684
847,67,3,34,16:08:53,23.970,23970
847,2,1,35,16:10:18,23.113,23113
847,814,1,35,16:10:20,22.479,22479
847,18,4,35,16:10:22,23.589,23589
847,37,1,35,16:10:23,30.288,30288
847,153,2,35,16:10:26,24.863,24863
847,813,3,35,16:10:29,23.593,23593
847,24,2,35,16:10:48,34.897,34897
847,155,1,36,16:11:49,23.687,23687
847,13,2,36,16:11:50,22.742,22742
847,808,1,36,16:11:52,23.816,23816
847,17,2,36,16:11:53,22.402,22402
847,4,3,36,16:11:54,26.129,26129
847,3,3,36,16:11:57,22.735,22735
847,15,2,36,16:12:14,23.332,23332
847,816,4,36,16:12:15,14.538,14538
847,20,2,37,16:13:21,22.958,22958
847,39,1,37,16:14:01,29.115,29115
847,18,5,37,16:14:55,31.718,31718
847,814,2,43,16:24:38,28.630,28630
847,16,3,45,16:27:43,14.565,14565
847,16,4,49,16:33:51,32.449,32449
847,17,3,50,16:35:03,22.770,22770
847,22,4,50,16:35:12,23.059,23059
847,67,4,50,16:35:23,26.561,26561
847,814,3,50,16:35:33,14.538,14538
847,18,6,51,16:36:41,23.741,23741
847,153,3,51,16:36:45,23.338,23338
847,813,4,51,16:36:46,23.700,23700
847,10,2,51,16:37:16,25.079,25079
847,39,2,51,16:37:38,29.540,29540
847,30,4,52,16:37:50,22.869,22869
847,13,3,52,16:37:52,22.560,22560
847,2,2,52,16:37:57,23.364,23364
847,37,2,52,16:38:22,24.039,24039
847,15,3,52,16:38:45,25.140,25140
847,816,5,52,16:38:56,30.714,30714
847,20,3,53,16:39:07,22.526,22526
847,24,3,52,16:39:20,33.278,33278
847,155,2,53,16:39:22,24.618,24618
847,808,2,53,16:39:31,24.145,24145
847,3,4,53,16:39:36,22.702,22702
847,13,4,53,16:39:50,28.346,28346
847,814,4,53,16:40:04,23.129,23129
847,813,5,61,16:53:19,31.701,31701
848,813,1,10,14:22:02,21.301,21301
848,2,1,11,14:23:23,22.114,22114
848,22,1,11,14:23:27,21.163,21163
848,155,1,11,14:23:29,23.492,23492
848,1,1,12,14:24:49,20.340,20340
848,3,1,12,14:25:02,21.054,21054
848,16,1,12,14:25:09,20.676,20676
848,17,1,13,14:26:28,20.465,20465
848,20,1,14,14:28:11,21.006,21006
848,4,1,14,14:28:15,21.477,21477
848,18,1,14,14:28:31,20.997,20997
848,30,1,14,14:28:40,21.201,21201
848,814,1,14,14:28:51,20.567,20567
848,67,1,14,14:28:54,21.321,21321
848,5,1,14,14:29:11,23.241,23241
848,39,1,14,14:29:43,28.030,28030
848,13,1,15,14:30:07,20.718,20718
848,808,1,15,14:30:49,22.104,22104
848,30,2,15,14:30:59,30.665,30665
848,24,1,15,14:31:23,24.459,24459
848,10,1,17,14:34:56,21.900,21900
848,15,1,18,14:36:30,23.327,23327
848,816,1,18,14:36:56,21.943,21943
848,153,1,19,14:37:50,21.391,21391
848,1,2,24,14:46:06,21.035,21035
848,815,1,25,14:48:56,21.939,21939
848,67,2,26,14:50:28,20.460,20460
848,5,2,26,14:51:06,21.126,21126
848,2,2,27,14:52:04,22.285,22285
848,814,2,27,14:52:08,20.818,20818
848,808,2,27,14:52:26,21.168,21168
848,17,2,28,14:52:53,20.319,20319
848,16,2,28,14:53:47,20.286,20286
848,22,2,28,14:53:53,21.262,21262
848,813,2,28,14:54:30,21.805,21805
848,4,2,29,14:54:36,20.551,20551
848,24,2,28,14:55:33,22.766,22766
848,20,2,30,14:56:16,20.441,20441
848,18,2,30,14:56:46,20.325,20325
848,3,2,30,14:57:07,23.547,23547
848,39,2,29,14:58:17,24.675,24675
848,13,2,31,14:58:23,25.537,25537
848,30,3,31,14:59:40,21.168,21168
848,155,2,33,15:03:14,20.545,20545
848,15,2,34,15:05:36,22.131,22131
848,816,2,37,15:11:48,22.250,22250
848,808,3,39,15:13:41,21.105,21105
848,2,3,40,15:15:10,21.472,21472
848,22,3,40,15:15:16,21.286,21286
848,17,3,42,15:17:11,20.367,20367
848,1,3,42,15:17:41,20.212,20212
848,153,2,42,15:18:33,21.103,21103
848,5,3,42,15:19:57,22.632,22632
848,16,3,43,15:20:21,21.036,21036
848,10,2,42,15:20:26,22.030,22030
848,814,3,44,15:22:18,21.069,21069
848,4,3,45,15:22:21,20.136,20136
848,24,3,43,15:23:02,22.235,22235
848,813,3,44,15:23:06,21.490,21490
848,3,3,45,15:23:36,20.896,20896
848,67,3,45,15:24:07,20.995,20995
848,20,3,47,15:25:39,20.331,20331
848,39,3,44,15:26:13,26.059,26059
848,13,3,48,15:28:09,20.404,20404
848,18,3,48,15:28:21,20.479,20479
849,30,1,9,13:20:38,30.242,30242
849,2,1,10,13:22:37,24.716,24716
849,18,1,11,13:24:05,25.070,25070
849,16,1,11,13:24:13,25.737,25737
849,155,1,11,13:24:19,28.448,28448
849,813,1,11,13:24:27,26.238,26238
849,67,1,11,13:24:30,26.279,26279
849,808,1,11,13:24:37,24.880,24880
849,22,1,11,13:24:38,25.860,25860
849,10,1,11,13:24:52,25.416,25416
849,24,1,11,13:25:12,26.643,26643
849,816,1,11,13:25:14,28.742,28742
849,17,1,12,13:25:41,23.973,23973
849,4,1,12,13:25:42,26.566,26566
849,1,1,12,13:25:49,25.100,25100
849,814,1,12,13:26:02,26.612,26612
849,3,1,12,13:26:12,24.722,24722
849,815,1,12,13:26:13,25.386,25386
849,153,1,12,13:26:20,24.719,24719
849,817,1,12,13:27:17,25.872,25872
849,20,1,13,13:27:22,24.818,24818
849,13,1,13,13:27:39,24.159,24159
849,30,2,16,13:33:23,31.751,31751
849,155,2,20,13:40:27,31.551,31551
849,1,2,24,13:46:21,24.065,24065
849,814,2,24,13:46:50,45.291,45291
849,813,2,24,13:47:12,24.272,24272
849,16,2,25,13:48:32,24.077,24077
849,67,2,25,13:48:50,24.620,24620
849,17,2,26,13:49:36,25.490,25490
849,18,2,26,13:49:45,24.287,24287
849,13,2,26,13:49:48,23.929,23929
849,814,3,26,13:50:52,31.471,31471
849,20,2,27,13:51:10,31.558,31558
849,4,2,27,13:51:15,23.974,23974
849,816,2,28,13:55:39,25.428,25428
849,817,2,28,13:56:23,26.942,26942
849,3,2,30,13:56:50,24.399,24399
849,2,2,30,13:57:06,24.434,24434
849,10,2,30,13:58:43,24.959,24959
849,153,2,31,13:58:46,24.095,24095
849,30,3,31,13:58:47,24.651,24651
849,22,2,31,13:59:02,23.955,23955
849,815,2,32,14:00:08,25.619,25619
849,24,2,31,14:00:49,25.505,25505
849,813,3,35,14:05:42,23.869,23869
849,20,3,36,14:06:13,23.137,23137
849,1,3,37,14:07:50,23.340,23340
849,17,3,38,14:09:30,23.785,23785
849,808,2,38,14:10:21,24.172,24172
849,4,3,39,14:10:50,23.474,23474
849,18,3,39,14:11:08,23.292,23292
849,16,3,40,14:13:32,27.240,27240
849,13,3,41,14:14:35,23.238,23238
850,815,1,8,14:17:05,27.247,27247
850,67,1,10,14:20:28,27.301,27301
850,812,1,10,14:21:22,31.879,31879
850,17,1,14,14:26:23,20.440,20440
850,3,1,14,14:26:39,20.348,20348
850,30,1,15,14:28:22,20.768,20768
850,813,1,15,14:28:35,21.601,21601
850,1,1,16,14:29:38,20.982,20982
850,4,1,16,14:29:39,20.430,20430
850,20,1,16,14:29:57,20.394,20394
850,13,1,17,14:31:36,20.344,20344
850,155,1,20,14:36:51,20.882,20882
850,24,1,20,14:37:44,22.048,22048
850,817,1,21,14:39:29,22.319,22319
850,16,1,22,14:39:56,20.839,20839
850,10,1,22,14:41:05,22.252,22252
850,808,1,23,14:41:53,21.449,21449
850,153,1,23,14:42:02,21.062,21062
850,814,1,23,14:42:05,23.676,23676
850,18,1,24,14:43:15,20.952,20952
850,816,1,24,14:44:42,20.762,20762
850,5,1,26,14:47:26,22.088,22088
850,17,2,30,14:52:32,21.299,21299
850,812,2,28,14:53:09,22.331,22331
850,1,2,31,14:54:10,20.496,20496
850,4,2,32,14:55:46,20.035,20035
850,813,2,35,15:01:53,21.057,21057
850,3,2,36,15:03:03,20.975,20975
850,67,2,36,15:04:03,20.954,20954
850,30,2,37,15:04:59,20.299,20299
850,20,2,40,15:09:11,20.274,20274
850,13,2,41,15:10:46,20.185,20185
850,815,2,41,15:11:48,21.645,21645
850,153,2,43,15:15:07,21.689,21689
850,808,2,46,15:19:54,20.572,20572
850,16,2,48,15:22:30,20.879,20879
850,155,2,48,15:23:03,21.267,21267
850,10,2,48,15:25:25,21.252,21252
850,1,3,51,15:26:17,20.403,20403
850,816,2,49,15:27:24,23.588,23588
850,817,2,49,15:27:43,24.053,24053
850,5,2,50,15:27:48,21.175,21175
850,814,2,51,15:28:11,22.535,22535
850,4,3,53,15:29:30,19.975,19975
850,3,3,53,15:30:50,20.047,20047
850,812,3,51,15:32:52,22.458,22458
850,17,3,56,15:34:20,20.324,20324
850,30,3,56,15:35:53,19.930,19930
850,13,3,59,15:39:43,21.903,21903
850,20,3,59,15:39:44,20.110,20110
851,17,1,10,14:20:59,20.854,20854
851,13,1,10,14:21:09,22.293,22293
851,808,1,10,14:21:18,25.532,25532
851,22,1,10,14:21:19,22.640,22640
851,18,1,11,14:22:29,21.786,21786
851,814,1,11,14:22:46,22.262,22262
851,813,1,11,14:23:04,23.397,23397
851,2,1,11,14:23:12,21.371,21371
851,10,1,11,14:23:27,22.222,22222
851,816,1,11,14:23:32,25.337,25337
851,1,1,12,14:23:59,21.880,21880
851,20,1,12,14:24:05,20.690,20690
851,4,1,12,14:24:10,22.886,22886
851,3,1,12,14:24:17,20.767,20767
851,155,1,12,14:24:35,23.725,23725
851,67,1,12,14:24:42,22.349,22349
851,5,1,12,14:24:53,22.772,22772
851,16,1,12,14:24:55,21.902,21902
851,815,1,12,14:24:56,22.215,22215
851,24,1,12,14:25:35,23.633,23633
851,30,1,13,14:26:02,21.948,21948
851,153,1,13,14:26:24,23.734,23734
851,15,1,13,14:26:49,23.118,23118
851,817,1,13,14:27:04,22.844,22844
851,813,2,16,14:31:22,13.186,13186
851,2,2,23,14:42:16,25.434,25434
851,22,2,24,14:43:19,22.217,22217
851,153,2,24,14:43:20,22.552,22552
851,5,2,24,14:43:45,22.147,22147
851,815,2,24,14:43:49,20.570,20570
851,17,2,25,14:44:03,20.000,20000
851,4,2,25,14:44:04,23.208,23208
851,13,2,25,14:44:34,21.138,21138
851,808,2,25,14:44:47,24.194,24194
851,67,2,25,14:44:55,21.460,21460
851,1,2,26,14:45:16,20.803,20803
851,30,2,26,14:46:04,20.071,20071
851,24,2,25,14:46:40,22.501,22501
851,16,2,26,14:46:48,20.589,20589
851,18,2,27,14:46:49,21.065,21065
851,3,2,27,14:47:28,19.939,19939
851,814,2,27,14:47:32,20.801,20801
851,20,2,28,14:48:22,20.611,20611
851,813,3,28,14:49:55,21.426,21426
851,10,2,28,14:50:32,20.613,20613
851,817,2,28,14:51:12,23.563,23563
851,816,2,29,14:52:27,20.916,20916
851,815,3,32,14:56:05,13.201,13201
851,155,2,34,14:58:08,22.852,22852
851,4,3,36,15:00:23,19.936,19936
851,22,3,37,15:02:51,20.580,20580
851,17,3,39,15:04:48,20.673,20673
851,24,3,37,15:05:37,27.839,27839
851,1,3,40,15:05:54,20.861,20861
851,13,3,40,15:06:53,22.453,22453
851,20,3,41,15:07:32,19.664,19664
851,18,3,42,15:08:53,20.046,20046
851,814,3,42,15:10:06,20.935,20935
851,67,3,43,15:11:41,20.360,20360
851,5,3,43,15:12:56,20.990,20990
851,815,4,44,15:14:07,20.917,20917
851,817,3,43,15:14:54,21.651,21651
851,4,4,47,15:16:33,20.126,20126
851,153,3,47,15:17:40,21.345,21345
851,816,3,47,15:20:46,49.849,49849
851,3,3,50,15:22:04,20.563,20563
851,17,4,51,15:22:51,21.122,21122
851,808,3,50,15:22:54,21.353,21353
851,22,4,50,15:22:55,31.539,31539
851,5,4,49,15:22:56,22.364,22364
851,16,3,50,15:23:22,21.796,21796
851,24,4,48,15:23:32,23.010,23010
851,813,4,50,15:23:34,23.016,23016
851,1,4,52,15:24:11,20.855,20855
851,17,5,53,15:26:20,20.715,20715
851,22,5,52,15:26:36,25.596,25596
851,1,5,54,15:27:35,21.628,21628
851,808,4,53,15:28:00,21.609,21609
851,5,5,52,15:28:12,21.715,21715
851,16,4,53,15:28:27,21.503,21503
851,816,4,51,15:28:37,22.470,22470
851,3,4,54,15:28:47,23.244,23244
851,813,5,53,15:28:55,22.825,22825
851,24,5,51,15:28:58,22.458,22458
851,10,3,53,15:30:17,20.929,20929
851,1,6,56,15:30:48,13.173,13173
851,13,4,58,15:33:53,21.157,21157
851,155,3,62,15:40:56,21.258,21258
852,10,1,1,14:05:58,35.092,35092
852,811,1,1,14:06:10,30.795,30795
852,5,1,1,14:06:14,28.539,28539
852,17,1,3,14:09:42,21.015,21015
852,18,1,3,14:09:46,26.046,26046
852,30,1,4,14:11:45,20.153,20153
852,20,1,5,14:13:27,20.898,20898
852,815,1,5,14:13:49,26.092,26092
852,10,2,6,14:16:35,13.914,13914
852,4,1,8,14:19:18,20.994,20994
852,811,2,8,14:20:14,13.968,13968
852,13,1,9,14:21:21,22.267,22267
852,1,1,10,14:23:14,21.895,21895
852,3,1,11,14:25:16,23.090,23090
852,24,1,11,14:26:05,21.766,21766
852,808,1,12,14:27:22,21.395,21395
852,813,1,12,14:27:31,21.421,21421
852,20,2,13,14:29:09,21.411,21411
852,16,1,13,14:29:31,22.773,22773
852,22,1,13,14:29:38,21.818,21818
852,30,2,13,14:29:39,20.226,20226
852,18,2,13,14:29:40,21.756,21756
852,817,1,13,14:30:19,23.780,23780
852,15,1,13,14:30:20,22.159,22159
852,816,1,13,14:30:22,22.939,22939
852,5,2,13,14:30:46,22.009,22009
852,155,1,14,14:32:10,24.161,24161
852,814,1,14,14:32:11,21.334,21334
852,10,3,14,14:33:40,24.204,24204
852,811,3,21,14:47:48,20.756,20756
852,815,2,22,14:49:35,14.089,14089
852,815,3,23,14:51:40,23.883,23883
852,24,2,27,14:59:56,30.959,30959
852,4,2,29,15:02:28,21.243,21243
852,813,2,29,15:03:01,22.303,22303
852,155,2,29,15:03:08,21.269,21269
852,20,3,30,15:04:14,20.786,20786
852,3,2,30,15:04:42,21.171,21171
852,13,2,30,15:04:43,21.856,21856
852,808,2,30,15:04:45,21.979,21979
852,814,2,30,15:05:01,21.350,21350
852,17,2,31,15:06:19,20.947,20947
852,16,2,31,15:06:38,20.983,20983
852,30,3,31,15:06:39,21.319,21319
852,22,2,31,15:06:56,21.478,21478
852,15,2,31,15:07:16,21.484,21484
852,18,3,32,15:08:15,21.640,21640
852,13,3,32,15:08:49,21.485,21485
852,5,3,33,15:11:16,22.306,22306
852,10,4,35,15:15:37,21.721,21721
852,816,2,36,15:17:29,22.114,22114
852,22,3,40,15:24:23,47.753,47753
853,155,1,1,14:05:42,27.550,27550
853,22,1,1,14:06:43,29.157,29157
853,811,1,2,14:08:02,22.534,22534
853,817,1,1,14:08:50,16:44.718,1004718
853,15,1,5,14:13:34,30.391,30391
853,814,1,13,14:25:33,21.870,21870
853,30,1,16,14:29:42,22.709,22709
853,67,1,16,14:30:10,24.234,24234
853,18,1,17,14:31:10,21.660,21660
853,1,1,18,14:32:41,22.083,22083
853,155,2,18,14:33:12,22.939,22939
853,4,1,19,14:34:04,22.539,22539
853,813,1,19,14:34:39,23.063,23063
853,811,2,19,14:34:43,23.145,23145
853,20,1,20,14:35:21,22.124,22124
853,153,1,20,14:36:08,21.988,21988
853,10,1,20,14:36:42,25.147,25147
853,13,1,21,14:37:20,21.821,21821
853,5,1,21,14:38:01,23.298,23298
853,15,2,24,14:43:14,23.420,23420
853,814,2,31,14:52:56,23.069,23069
853,22,2,32,14:54:59,23.414,23414
853,18,2,33,14:55:00,22.095,22095
853,817,2,20,14:55:30,30.777,30777
853,4,2,34,14:56:26,21.989,21989
853,1,2,34,14:56:36,21.876,21876
853,20,2,35,14:57:38,21.378,21378
853,5,2,35,14:59:46,22.611,22611
853,30,2,37,15:01:01,22.014,22014
853,813,2,37,15:02:04,22.614,22614
853,10,2,38,15:04:43,22.784,22784
853,67,2,40,15:06:23,24.086,24086
853,811,3,40,15:06:27,22.273,22273
853,13,2,41,15:07:06,22.148,22148
853,153,2,41,15:07:43,22.279,22279
854,817,1,1,20:06:48,44.170,44170
854,3,1,9,20:21:25,29.549,29549
854,4,1,10,20:23:15,30.621,30621
854,30,1,10,20:23:27,29.610,29610
854,811,1,10,20:23:47,35.398,35398
854,13,1,11,20:25:14,30.290,30290
854,1,1,11,20:25:15,30.142,30142
854,16,1,11,20:25:25,30.718,30718
854,813,1,11,20:25:39,30.888,30888
854,67,1,11,20:25:50,32.827,32827
854,5,1,11,20:25:56,32.202,32202
854,811,2,11,20:26:39,36.856,36856
854,17,1,12,20:27:10,30.462,30462
854,22,1,12,20:27:40,30.456,30456
854,13,2,12,20:28:04,32.351,32351
854,1,2,13,20:29:39,33.456,33456
854,24,1,13,20:30:31,34.329,34329
854,20,1,14,20:30:38,30.023,30023
854,18,1,14,20:30:49,30.169,30169
854,815,1,15,20:33:28,30.810,30810
854,1,3,15,20:34:04,24.342,24342
854,155,1,16,20:35:49,30.464,30464
854,15,1,16,20:36:05,31.048,31048
854,808,1,16,20:36:09,30.807,30807
854,817,2,15,20:36:19,34.782,34782
854,816,1,16,20:36:22,31.763,31763
854,153,1,17,20:38:05,30.948,30948
854,814,1,19,20:41:08,30.704,30704
854,15,2,19,20:43:14,33.317,33317
854,3,2,22,20:47:06,29.417,29417
854,30,2,24,20:51:04,29.473,29473
854,13,3,24,20:51:44,30.478,30478
854,153,2,24,20:52:14,24.299,24299
854,4,2,25,20:52:35,30.387,30387
854,813,2,25,20:53:37,30.187,30187
854,5,2,26,20:56:11,31.621,31621
854,24,2,26,20:57:30,32.122,32122
854,17,2,29,21:00:16,31.204,31204
854,816,2,28,21:00:59,31.592,31592
854,814,2,29,21:01:05,29.764,29764
854,16,2,29,21:01:11,33.418,33418
854,3,3,29,21:01:12,30.261,30261
854,815,2,29,21:01:17,33.344,33344
854,817,3,27,21:01:25,33.058,33058
854,811,3,28,21:01:27,30.832,30832
854,1,4,29,21:01:31,30.706,30706
854,20,2,30,21:01:48,30.809,30809
854,155,2,29,21:01:59,31.602,31602
854,18,2,30,21:02:11,29.921,29921
854,808,2,29,21:02:43,30.625,30625
854,22,2,30,21:04:10,30.544,30544
854,67,2,31,21:06:25,31.394,31394
854,153,3,35,21:16:28,31.836,31836
854,155,3,40,21:25:43,24.715,24715
854,13,4,41,21:26:06,30.983,30983
854,813,3,45,21:33:51,30.477,30477
854,15,3,44,21:36:23,31.168,31168
854,17,3,47,21:36:42,30.413,30413
854,24,3,45,21:38:30,31.687,31687
854,18,3,48,21:38:31,30.305,30305
854,1,5,48,21:39:06,29.876,29876
854,5,3,47,21:40:09,31.207,31207
854,20,3,49,21:40:10,30.796,30796
854,808,3,47,21:40:13,30.485,30485
854,4,3,49,21:40:46,29.972,29972
854,67,3,49,21:41:40,32.739,32739
854,24,4,46,21:41:47,42.920,42920
854,811,4,48,21:42:01,30.987,30987
854,155,4,53,21:51:26,30.869,30869
855,1,1,8,15:17:14,21.091,21091
855,16,1,8,15:17:26,21.511,21511
855,24,1,8,15:18:13,28.244,28244
855,20,1,9,15:18:49,22.374,22374
855,30,1,9,15:19:04,20.667,20667
855,18,1,10,15:20:34,21.094,21094
855,4,1,10,15:20:34,21.147,21147
855,17,1,10,15:20:39,21.820,21820
855,814,1,10,15:20:50,21.964,21964
855,155,1,10,15:20:59,24.263,24263
855,5,1,10,15:21:10,21.412,21412
855,13,1,11,15:22:19,21.313,21313
855,67,1,11,15:22:41,21.849,21849
855,15,1,11,15:22:59,21.636,21636
855,817,1,11,15:23:13,23.723,23723
855,22,1,12,15:24:26,22.130,22130
855,3,1,12,15:24:36,20.575,20575
855,10,1,12,15:24:57,25.563,25563
855,816,1,13,15:26:41,23.013,23013
855,811,1,15,15:29:45,25.927,25927
855,813,1,16,15:31:31,21.339,21339
855,153,1,17,15:33:17,21.792,21792
855,808,1,18,15:34:39,21.304,21304
855,20,2,19,15:35:48,21.596,21596
855,17,2,19,15:35:57,21.369,21369
855,18,2,20,15:37:28,20.713,20713
855,10,2,19,15:37:30,21.726,21726
855,815,1,20,15:38:10,21.655,21655
855,4,2,21,15:39:11,21.319,21319
855,1,2,21,15:39:19,22.821,22821
855,13,2,22,15:41:00,21.214,21214
855,5,2,22,15:42:00,21.519,21519
855,817,2,22,15:42:48,23.172,23172
855,16,2,23,15:43:10,21.337,21337
855,816,2,23,15:44:26,22.258,22258
855,30,2,24,15:44:52,22.570,22570
855,814,2,24,15:45:11,21.964,21964
855,155,2,24,15:45:21,22.299,22299
855,22,2,24,15:45:22,22.736,22736
855,3,2,24,15:45:23,20.665,20665
855,24,2,23,15:45:48,24.716,24716
855,15,2,24,15:46:04,22.233,22233
855,813,2,25,15:47:52,21.075,21075
855,20,3,33,16:01:45,21.705,21705
855,17,3,34,16:03:28,21.455,21455
855,1,3,35,16:05:09,21.292,21292
855,814,3,35,16:05:21,21.553,21553
855,811,2,35,16:05:42,22.466,22466
855,18,3,36,16:06:38,20.998,20998
855,13,3,36,16:06:46,21.100,21100
855,153,2,36,16:07:16,22.584,22584
855,24,3,35,16:07:51,22.631,22631
855,4,3,37,16:08:19,20.731,20731
855,815,2,37,16:08:38,24.461,24461
855,16,3,37,16:08:44,21.839,21839
855,22,3,37,16:08:54,21.890,21890
855,5,3,37,16:09:04,22.532,22532
855,10,3,36,16:09:24,22.877,22877
855,15,3,38,16:10:48,22.156,22156
855,816,3,37,16:11:06,24.269,24269
855,808,2,39,16:12:09,20.832,20832
855,817,3,38,16:12:53,22.910,22910
855,30,3,41,16:15:04,20.879,20879
855,3,3,41,16:15:25,20.809,20809
855,813,3,41,16:15:38,21.012,21012
856,24,1,1,15:05:51,26.379,26379
856,155,1,10,15:21:45,21.623,21623
856,22,1,10,15:21:47,21.722,21722
856,814,1,11,15:23:25,22.075,22075
856,15,1,12,15:25:30,22.441,22441
856,18,1,13,15:26:42,20.766,20766
856,3,1,13,15:26:43,20.091,20091
856,811,1,13,15:27:10,21.163,21163
856,5,1,13,15:27:13,21.951,21951
856,17,1,14,15:28:23,20.828,20828
856,13,1,14,15:28:28,23.642,23642
856,808,1,14,15:28:33,21.478,21478
856,30,1,14,15:28:35,20.238,20238
856,67,1,14,15:28:48,22.098,22098
856,1,1,15,15:30:01,20.846,20846
856,4,1,15,15:30:19,20.978,20978
856,20,1,16,15:31:42,19.985,19985
856,16,1,16,15:32:24,24.820,24820
856,813,1,16,15:32:31,21.569,21569
856,815,1,16,15:32:32,21.225,21225
856,10,1,16,15:33:19,22.533,22533
856,817,1,16,15:33:22,23.196,23196
856,816,1,16,15:33:28,26.905,26905
856,153,1,17,15:34:24,22.301,22301
856,24,2,16,15:34:32,23.544,23544
856,813,2,22,15:45:44,13.984,13984
856,155,2,24,15:49:22,25.578,25578
856,3,2,27,15:54:18,20.772,20772
856,813,3,28,15:56:30,22.035,22035
856,811,2,30,15:59:48,21.893,21893
856,814,2,31,16:01:23,21.060,21060
856,22,2,31,16:01:32,22.347,22347
856,1,2,33,16:04:21,20.584,20584
856,17,2,33,16:04:22,20.800,20800
856,20,2,34,16:05:58,20.170,20170
856,18,2,34,16:06:08,20.758,20758
856,13,2,34,16:06:13,21.080,21080
856,16,2,35,16:08:18,21.916,21916
856,67,2,36,16:10:01,21.992,21992
856,815,2,36,16:10:09,21.385,21385
856,15,2,36,16:10:35,22.851,22851
856,4,2,37,16:11:21,20.639,20639
856,153,2,37,16:11:31,22.325,22325
856,5,2,38,16:13:56,22.669,22669
856,816,2,38,16:14:40,22.412,22412
856,24,3,38,16:16:35,22.092,22092
856,10,2,41,16:19:51,22.481,22481
856,817,2,41,16:19:54,22.115,22115
856,155,3,42,16:21:02,21.472,21472
856,815,3,53,16:39:58,21.971,21971
857,815,1,1,15:05:16,22.676,22676
857,10,1,1,15:05:23,27.378,27378
857,22,1,1,15:05:36,33.650,33650
857,15,1,1,15:06:37,40.734,40734
857,814,1,2,15:06:50,21.525,21525
857,808,1,3,15:08:27,27.137,27137
857,16,1,15,15:27:09,21.424,21424
857,17,1,16,15:28:08,21.392,21392
857,4,1,16,15:28:09,21.873,21873
857,1,1,16,15:28:14,22.530,22530
857,153,1,16,15:28:37,22.856,22856
857,13,1,17,15:29:43,21.848,21848
857,3,1,17,15:29:56,21.149,21149
857,18,1,18,15:31:05,21.092,21092
857,30,1,18,15:31:35,20.893,20893
857,67,1,18,15:31:43,22.579,22579
857,20,1,19,15:32:31,21.415,21415
857,814,2,19,15:33:45,24.150,24150
857,5,1,21,15:36:36,22.226,22226
857,811,1,22,15:38:07,22.144,22144
857,39,1,22,15:38:47,24.046,24046
857,816,1,22,15:38:52,22.687,22687
857,1,2,24,15:40:48,27.193,27193
857,817,1,25,15:43:17,25.074,25074
857,15,2,27,15:49:31,22.894,22894
857,13,2,30,15:49:55,14.919,14919
857,13,3,31,15:51:40,27.619,27619
857,817,2,32,15:54:51,42.529,42529
857,808,2,33,15:55:13,22.519,22519
857,815,2,34,15:56:37,24.789,24789
857,16,2,35,15:58:06,21.977,21977
857,22,2,35,15:59:21,22.339,22339
857,17,2,37,16:00:03,21.240,21240
857,4,2,39,16:03:03,21.755,21755
857,814,3,39,16:04:47,20.984,20984
857,5,2,41,16:07:49,22.001,22001
857,3,2,45,16:12:29,22.978,22978
857,1,3,45,16:12:44,22.172,22172
857,18,2,46,16:13:11,21.838,21838
857,153,2,46,16:14:27,23.084,23084
857,20,2,47,16:14:36,21.449,21449
857,30,2,50,16:19:55,21.482,21482
857,39,2,50,16:23:00,23.605,23605
857,811,2,56,16:30:01,21.723,21723
857,816,2,55,16:30:49,22.472,22472
857,15,3,54,16:32:20,24.150,24150
857,817,3,56,16:32:48,28.474,28474
858,811,1,1,17:05:36,20.882,20882
858,815,1,2,17:07:22,24.654,24654
858,155,1,5,17:13:02,19.833,19833
858,13,1,15,17:30:30,20.471,20471
858,153,1,15,17:31:05,43.574,43574
858,1,1,16,17:32:01,19.439,19439
858,4,1,16,17:32:03,20.211,20211
858,18,1,16,17:32:14,20.908,20908
858,16,1,16,17:32:35,20.356,20356
858,30,1,16,17:32:36,19.660,19660
858,5,1,16,17:33:01,21.146,21146
858,17,1,17,17:34:01,25.182,25182
858,3,1,17,17:34:12,19.785,19785
858,15,1,17,17:35:11,20.824,20824
858,808,1,18,17:36:34,20.738,20738
858,22,1,18,17:36:43,24.219,24219
858,817,1,18,17:37:20,21.693,21693
858,811,2,20,17:40:33,20.330,20330
858,24,1,24,17:48:28,21.247,21247
858,813,1,25,17:49:31,20.201,20201
858,10,1,25,17:50:06,21.792,21792
858,814,1,27,17:52:50,20.216,20216
858,815,2,27,17:53:09,19.979,19979
858,813,2,30,17:58:49,12.897,12897
858,155,2,33,18:03:42,23.108,23108
858,22,2,34,18:05:35,20.534,20534
858,17,2,35,18:06:07,20.000,20000
858,153,2,34,18:06:16,21.363,21363
858,18,2,36,18:07:45,20.301,20301
858,16,2,36,18:08:17,20.614,20614
858,811,3,36,18:09:34,12.959,12959
858,808,2,38,18:12:53,19.968,19968
858,1,2,40,18:14:22,19.350,19350
858,5,2,39,18:14:52,20.652,20652
858,13,2,40,18:14:54,20.035,20035
858,30,2,42,18:18:51,20.638,20638
858,817,2,41,18:19:37,23.192,23192
858,4,2,43,18:19:38,21.314,21314
858,15,2,42,18:20:55,20.791,20791
858,10,2,44,18:24:59,20.561,20561
858,3,2,48,18:29:04,19.907,19907
858,17,3,54,18:39:14,19.525,19525
859,30,1,10,14:17:19,25.481,25481
859,811,1,12,14:19:18,21.900,21900
859,808,1,13,14:20:39,21.169,21169
859,16,1,14,14:21:51,21.097,21097
859,18,1,15,14:22:58,22.005,22005
859,4,1,16,14:24:15,20.773,20773
859,1,1,16,14:24:18,21.099,21099
859,3,1,16,14:24:30,20.773,20773
859,22,1,16,14:24:50,21.537,21537
859,20,1,17,14:25:24,20.927,20927
859,814,1,17,14:25:58,20.745,20745
859,813,1,17,14:26:13,21.561,21561
859,5,1,17,14:26:16,22.854,22854
859,17,1,18,14:26:46,20.755,20755
859,811,2,18,14:27:37,14.029,14029
859,67,1,19,14:28:43,22.417,22417
859,815,1,20,14:30:05,22.221,22221
859,816,1,20,14:30:42,21.859,21859
859,817,1,20,14:30:47,23.473,23473
859,13,1,21,14:30:57,21.696,21696
859,155,1,21,14:31:18,25.117,25117
859,153,1,21,14:31:26,22.773,22773
859,24,1,21,14:32:06,22.666,22666
859,10,1,21,14:32:08,22.452,22452
859,15,1,22,14:33:08,22.616,22616
859,811,3,28,14:41:14,23.289,23289
859,808,2,30,14:43:17,23.102,23102
859,18,2,31,14:44:05,21.038,21038
859,16,2,31,14:44:24,20.900,20900
859,5,2,31,14:45:14,22.013,22013
859,1,2,33,14:46:43,20.396,20396
859,30,2,32,14:46:47,20.782,20782
859,22,2,34,14:48:56,22.590,22590
859,4,2,35,14:49:11,20.664,20664
859,17,2,38,14:52:52,20.990,20990
859,20,2,39,14:54:13,20.652,20652
859,814,2,40,14:56:27,21.767,21767
859,3,2,42,14:58:56,20.658,20658
859,67,2,42,14:59:19,22.461,22461
859,816,2,41,14:59:31,23.542,23542
859,817,2,41,14:59:46,22.904,22904
859,15,2,42,15:00:23,21.555,21555
859,155,2,43,15:00:26,21.231,21231
859,1,3,44,15:01:16,20.681,20681
859,815,2,44,15:02:10,21.337,21337
859,13,2,45,15:02:33,21.053,21053
859,16,3,45,15:02:49,21.138,21138
859,808,3,45,15:03:14,21.781,21781
859,24,2,45,15:05:02,22.996,22996
859,153,2,48,15:07:11,21.855,21855
859,811,4,48,15:08:23,22.128,22128
859,5,3,49,15:09:19,21.478,21478
859,18,3,52,15:11:27,21.583,21583
859,30,3,51,15:11:49,21.373,21373
859,4,3,54,15:13:55,20.752,20752
859,22,3,53,15:14:17,21.638,21638
859,17,3,58,15:18:40,20.781,20781
859,20,3,59,15:20:05,22.094,22094
860,811,1,1,17:05:23,24.599,24599
860,817,1,1,17:05:35,32.319,32319
860,13,1,11,17:21:08,22.313,22313
860,3,1,12,17:22:31,23.203,23203
860,4,1,13,17:24:04,22.035,22035
860,155,1,13,17:24:20,25.346,25346
860,814,1,13,17:24:21,24.933,24933
860,17,1,14,17:25:41,23.302,23302
860,5,1,14,17:26:12,24.397,24397
860,18,1,16,17:28:30,23.275,23275
860,20,1,16,17:28:41,24.256,24256
860,813,1,16,17:28:53,23.427,23427
860,1,1,17,17:30:12,22.862,22862
860,808,1,18,17:32:32,24.579,24579
860,8,1,19,17:33:43,24.881,24881
860,818,1,19,17:33:54,23.203,23203
860,10,1,20,17:36:09,26.322,26322
860,819,1,21,17:37:59,25.303,25303
860,817,2,22,17:39:23,23.257,23257
860,815,1,24,17:41:45,23.882,23882
860,13,2,28,17:48:15,22.528,22528
860,811,2,30,17:51:46,23.777,23777
860,3,2,31,17:52:34,23.017,23017
860,814,2,33,17:55:58,24.579,24579
860,4,2,34,17:57:06,21.910,21910
860,5,2,34,17:58:11,24.580,24580
860,18,2,36,17:59:44,22.837,22837
860,1,2,36,17:59:54,23.464,23464
860,155,2,36,18:00:33,24.162,24162
860,819,2,35,18:01:35,48.984,48984
860,20,2,37,18:01:36,24.131,24131
860,17,2,37,18:01:58,22.915,22915
860,813,2,37,18:02:03,23.166,23166
860,8,2,37,18:02:13,23.310,23310
860,818,2,37,18:02:41,23.569,23569
860,10,2,36,18:02:46,25.046,25046
860,13,3,37,18:03:05,22.103,22103
860,5,3,37,18:04:32,28.888,28888
860,817,3,38,18:05:15,24.348,24348
860,811,3,47,18:22:20,30.888,30888
860,819,3,51,18:30:07,17.088,17088
861,815,1,1,16:05:39,25.671,25671
861,811,1,1,16:06:01,31.006,31006
861,814,1,2,16:07:52,23.988,23988
861,13,1,3,16:10:03,24.034,24034
861,10,1,3,16:10:14,25.096,25096
861,819,1,3,16:10:20,29.317,29317
861,18,1,4,16:12:01,24.305,24305
861,4,1,4,16:12:09,24.653,24653
861,807,1,4,16:12:17,23.856,23856
861,817,1,4,16:12:26,25.470,25470
861,808,1,4,16:12:28,24.718,24718
861,5,1,4,16:12:30,32.670,32670
861,1,1,5,16:14:12,24.271,24271
861,17,1,5,16:14:20,24.569,24569
861,20,1,5,16:14:27,25.658,25658
861,3,1,5,16:14:31,25.600,25600
861,813,1,5,16:14:32,25.535,25535
861,8,1,5,16:14:36,27.602,27602
861,155,1,5,16:14:39,28.122,28122
861,30,1,5,16:14:40,24.831,24831
861,811,2,7,16:20:17,26.269,26269
861,18,2,13,17:26:27,25.922,25922
861,3,2,13,17:26:30,25.199,25199
861,8,2,13,17:26:32,24.927,24927
861,155,2,13,17:26:34,26.255,26255
861,37,1,13,17:26:36,15.684,15684
861,808,2,13,17:26:37,29.359,29359
861,10,2,13,17:26:37,25.660,25660
861,811,3,13,17:26:38,24.980,24980
861,1,2,14,17:28:30,27.961,27961
861,4,2,14,17:28:34,22.864,22864
861,17,2,14,17:28:36,26.337,26337
861,13,2,14,17:28:39,24.420,24420
861,814,2,14,17:28:42,22.856,22856
861,813,2,14,17:28:42,21.621,21621
861,30,2,14,17:28:43,24.094,24094
861,817,2,14,17:28:45,24.539,24539
861,5,2,14,17:28:46,25.130,25130
861,815,2,15,17:30:37,24.520,24520
861,20,2,15,17:30:43,24.057,24057
861,818,1,15,17:30:48,24.216,24216
861,807,2,15,17:30:50,23.549,23549
861,819,2,15,17:31:03,36.542,36542
861,39,1,15,17:31:07,36.876,36876
861,18,3,15,17:31:07,36.517,36517
861,813,3,15,17:31:11,23.974,23974
861,37,2,16,17:33:35,38.887,38887
861,5,3,23,17:48:07,34.109,34109
861,18,4,24,17:50:04,23.509,23509
861,817,3,25,17:51:55,22.610,22610
861,3,3,26,17:53:46,23.050,23050
861,13,3,27,17:55:53,23.130,23130
861,817,4,37,18:16:06,23.648,23648
861,39,2,37,18:18:02,27.700,27700
861,13,4,38,18:18:08,26.934,26934
861,5,4,38,18:18:52,23.782,23782
861,17,3,39,18:19:05,23.195,23195
861,814,3,39,18:19:15,22.175,22175
861,811,4,39,18:19:18,23.824,23824
861,30,3,39,18:19:33,22.163,22163
861,813,4,39,18:19:34,23.409,23409
861,3,4,39,18:19:47,23.231,23231
861,18,5,39,18:19:49,23.477,23477
861,808,3,39,18:20:00,30.335,30335
861,10,3,39,18:20:20,25.390,25390
861,4,3,40,18:20:25,22.534,22534
861,819,3,39,18:20:48,32.224,32224
861,20,3,40,18:20:50,22.998,22998
861,8,3,40,18:20:58,25.041,25041
861,818,2,40,18:21:12,23.343,23343
861,807,3,40,18:21:13,23.358,23358
861,155,3,40,18:21:24,23.662,23662
861,37,3,39,18:22:06,28.483,28483
861,815,3,41,18:22:19,24.543,24543
861,1,3,41,18:22:31,26.338,26338
861,20,4,47,18:33:40,25.884,25884
862,4,2,27,15:50:50,20.136,20136
862,8,2,28,15:52:32,21.494,21494
862,818,2,28,15:53:07,23.623,23623
862,5,2,28,15:53:24,22.606,22606
862,811,2,29,15:54:32,21.323,21323
862,808,2,29,15:55:09,22.007,22007
862,807,2,30,15:56:37,21.027,21027
862,5,3,29,15:57:39,37.748,37748
862,20,2,31,15:57:50,21.146,21146
862,154,2,32,15:59:28,25.835,25835
862,37,2,31,15:59:35,23.488,23488
862,814,2,32,15:59:44,21.006,21006
862,813,2,33,16:01:26,21.229,21229
862,817,2,33,16:01:52,22.318,22318
862,39,2,32,16:01:55,23.151,23151
862,3,2,34,16:02:40,20.645,20645
862,17,3,34,16:03:03,20.471,20471
862,815,2,35,16:04:47,22.565,22565
862,10,2,36,16:07:41,21.515,21515
862,819,2,37,16:09:27,23.579,23579
862,1,3,38,16:09:51,20.177,20177
862,4,3,38,16:09:52,20.024,20024
862,155,3,38,16:10:03,21.795,21795
862,18,3,39,16:11:21,26.618,26618
862,13,2,41,16:15:10,20.051,20051
862,818,3,41,16:15:32,22.531,22531
862,819,3,48,16:28:45,13.981,13981
862,17,1,6,15:14:20,20.474,20474
862,155,1,9,15:19:30,21.551,21551
862,20,1,9,15:19:39,21.449,21449
862,807,1,9,15:19:47,32.407,32407
862,8,1,10,15:21:12,21.433,21433
862,1,1,10,15:21:13,20.903,20903
862,808,1,10,15:21:40,21.851,21851
862,18,1,11,15:22:56,20.563,20563
862,154,1,11,15:23:04,21.184,21184
862,814,1,11,15:23:08,20.387,20387
862,813,1,11,15:23:09,21.569,21569
862,818,1,11,15:23:22,22.835,22835
862,30,1,12,15:24:39,21.746,21746
862,4,1,12,15:24:44,20.296,20296
862,811,1,12,15:24:49,21.184,21184
862,5,1,12,15:25:06,22.713,22713
862,3,1,13,15:26:17,21.113,21113
862,815,1,16,15:31:38,23.009,23009
862,39,1,16,15:32:47,24.937,24937
862,817,1,17,15:33:56,21.884,21884
862,37,1,17,15:34:24,23.634,23634
862,13,1,18,15:35:14,20.250,20250
862,10,1,18,15:35:58,21.327,21327
862,819,1,19,15:37:45,22.306,22306
862,17,2,21,15:40:30,20.377,20377
862,1,2,22,15:42:10,20.691,20691
862,18,2,24,15:45:32,20.474,20474
862,155,2,25,15:47:30,21.012,21012
863,5,1,1,15:05:40,25.047,25047
863,817,1,7,15:15:42,25.829,25829
863,18,1,8,15:17:12,23.016,23016
863,13,1,8,15:17:14,23.557,23557
863,3,1,8,15:17:15,22.228,22228
863,1,1,9,15:18:49,28.341,28341
863,17,1,9,15:18:50,22.236,22236
863,4,1,9,15:18:53,22.094,22094
863,815,1,9,15:19:00,23.408,23408
863,811,1,9,15:19:03,23.405,23405
863,30,1,9,15:19:05,21.979,21979
863,807,1,9,15:19:08,22.413,22413
863,37,1,9,15:19:27,24.241,24241
863,154,1,10,15:20:26,23.246,23246
863,818,1,10,15:20:50,22.763,22763
863,808,1,10,15:20:55,23.411,23411
863,10,1,10,15:21:10,23.423,23423
863,39,1,10,15:21:21,25.896,25896
863,20,1,11,15:22:02,22.017,22017
863,8,1,11,15:22:13,22.412,22412
863,813,1,11,15:22:27,22.868,22868
863,819,1,12,15:24:32,24.020,24020
863,5,2,13,15:26:27,23.323,23323
863,814,1,14,15:27:28,22.069,22069
863,155,1,14,15:27:35,22.758,22758
863,807,2,19,15:36:18,22.446,22446
863,815,2,21,15:39:34,23.428,23428
863,39,2,21,15:40:50,25.204,25204
863,18,2,22,15:41:03,22.270,22270
863,3,2,22,15:41:09,22.903,22903
863,13,2,22,15:41:13,21.963,21963
863,37,2,22,15:42:24,23.420,23420
863,17,2,23,15:42:40,22.649,22649
863,1,2,23,15:42:46,30.622,30622
863,4,2,23,15:42:48,23.449,23449
863,813,2,23,15:42:55,22.330,22330
863,30,2,23,15:43:00,22.105,22105
863,808,2,23,15:43:18,23.421,23421
863,817,2,23,15:43:21,22.295,22295
863,10,2,23,15:43:55,29.648,29648
863,8,2,24,15:44:08,22.362,22362
863,811,2,24,15:44:50,22.310,22310
863,20,2,25,15:45:43,22.717,22717
863,154,2,25,15:45:51,22.896,22896
863,818,2,25,15:46:40,23.353,23353
863,5,3,25,15:47:05,23.639,23639
863,155,2,31,15:56:31,25.590,25590
863,814,2,33,15:59:46,22.483,22483
863,39,3,32,16:00:15,26.417,26417
863,3,3,36,16:04:47,21.888,21888
863,1,3,36,16:04:54,23.696,23696
863,807,3,36,16:05:05,22.560,22560
863,18,3,37,16:06:26,22.616,22616
863,4,3,37,16:06:29,23.207,23207
863,815,3,37,16:06:37,22.924,22924
863,30,3,37,16:06:38,22.192,22192
863,13,3,38,16:08:13,21.938,21938
863,811,3,38,16:08:29,22.796,22796
863,817,3,38,16:08:50,22.495,22495
863,5,4,38,16:09:08,23.173,23173
863,20,3,39,16:09:10,21.800,21800
863,8,3,39,16:09:12,22.597,22597
863,17,3,39,16:09:31,21.705,21705
863,10,3,38,16:10:20,22.933,22933
863,808,3,39,16:10:35,23.167,23167
863,37,3,38,16:10:38,24.520,24520
863,154,3,40,16:10:56,22.763,22763
863,818,3,40,16:12:03,22.241,22241
863,39,4,45,16:22:48,24.317,24317
863,155,3,50,16:28:31,24.674,24674
863,18,4,53,16:33:05,23.943,23943
864,815,1,1,14:05:24,21.864,21864
864,17,1,6,14:12:45,20.119,20119
864,20,1,7,14:14:11,19.745,19745
864,155,1,8,14:15:44,22.260,22260
864,3,1,9,14:17:10,20.502,20502
864,18,1,9,14:17:14,20.333,20333
864,814,1,9,14:17:22,19.987,19987
864,4,1,10,14:18:30,19.456,19456
864,154,1,10,14:18:42,20.223,20223
864,30,1,10,14:18:44,20.113,20113
864,818,1,10,14:18:52,20.388,20388
864,13,1,10,14:18:53,20.130,20130
864,807,1,10,14:18:56,20.521,20521
864,808,1,10,14:19:03,24.856,24856
864,37,1,10,14:19:19,22.275,22275
864,813,1,11,14:20:01,20.620,20620
864,8,1,11,14:20:05,19.777,19777
864,817,1,11,14:20:29,21.101,21101
864,39,1,11,14:20:59,21.518,21518
864,5,1,13,14:23:37,21.290,21290
864,1,1,14,14:24:59,21.963,21963
864,10,1,14,14:25:27,21.082,21082
864,819,1,15,14:27:06,20.936,20936
864,17,2,17,14:29:54,24.864,24864
864,815,2,17,14:30:09,21.055,21055
864,807,2,19,14:32:55,20.558,20558
864,37,2,19,14:33:43,22.135,22135
864,3,2,22,14:37:13,20.059,20059
864,39,2,22,14:38:37,22.515,22515
864,814,2,23,14:38:57,21.680,21680
864,818,2,23,14:38:58,22.645,22645
864,813,2,24,14:39:46,20.218,20218
864,18,2,25,14:41:49,21.061,21061
864,817,2,25,14:42:02,20.114,20114
864,4,2,26,14:42:46,20.028,20028
864,154,2,26,14:43:10,21.215,21215
864,155,2,26,14:43:23,20.381,20381
864,10,2,26,14:44:13,20.902,20902
864,8,2,27,14:44:27,21.301,21301
864,20,2,27,14:44:46,19.624,19624
864,5,2,27,14:45:19,22.566,22566
864,819,2,27,14:45:53,21.338,21338
864,13,2,28,14:46:33,13.259,13259
864,808,2,28,14:47:06,23.072,23072
864,13,3,29,14:48:17,19.699,19699
864,20,3,30,14:49:35,13.335,13335
864,1,2,35,14:57:08,19.980,19980
864,37,3,35,14:59:17,21.543,21543
864,815,3,37,15:00:35,28.531,28531
864,18,3,38,15:01:44,19.888,19888
864,807,3,39,15:03:27,20.515,20515
864,817,3,39,15:03:31,20.059,20059
864,3,3,40,15:04:39,20.197,20197
864,17,3,40,15:05:00,20.129,20129
864,818,3,40,15:05:04,20.460,20460
864,813,3,41,15:05:16,22.829,22829
864,155,3,41,15:06:09,21.311,21311
864,20,4,42,15:07:43,26.143,26143
864,814,3,42,15:08:07,19.867,19867
864,4,3,44,15:09:47,20.105,20105
864,5,3,43,15:10:04,21.275,21275
864,808,3,44,15:11:45,21.817,21817
864,13,4,45,15:12:32,22.645,22645
864,8,3,48,15:16:02,20.073,20073
864,10,3,47,15:16:42,20.669,20669
864,154,3,51,15:20:41,21.035,21035
864,37,4,51,15:24:24,21.471,21471
865,155,1,1,14:04:47,28.390,28390
865,808,1,3,14:08:18,39.391,39391
865,818,1,17,14:27:24,26.063,26063
865,3,1,27,14:40:15,24.874,24874
865,17,1,29,14:42:54,25.566,25566
865,1,1,29,14:43:03,25.748,25748
865,8,1,29,14:43:28,26.380,26380
865,807,1,29,14:43:29,26.447,26447
865,811,1,29,14:43:29,26.410,26410
865,39,1,29,14:44:09,27.306,27306
865,4,1,30,14:44:22,25.220,25220
865,5,1,30,14:44:53,26.066,26066
865,10,1,30,14:45:01,25.567,25567
865,13,1,31,14:45:47,24.993,24993
865,819,1,33,14:49:17,27.186,27186
865,30,1,34,14:50:07,25.117,25117
865,815,1,34,14:50:36,25.666,25666
865,814,1,35,14:51:32,25.642,25642
865,18,1,38,14:55:43,25.219,25219
865,815,2,39,14:57:38,19.677,19677
865,817,1,40,14:58:28,25.335,25335
865,20,1,46,15:05:40,25.079,25079
865,10,2,54,15:17:48,36.503,36503
865,818,2,70,15:38:55,26.157,26157
865,5,2,73,15:43:52,31.293,31293
865,39,2,74,15:46:48,26.973,26973
866,13,1,12,14:19:28,21.128,21128
866,814,1,13,14:20:45,21.489,21489
866,30,1,13,14:20:47,21.807,21807
866,18,1,15,14:23:32,21.748,21748
866,20,1,16,14:24:31,21.639,21639
866,818,1,16,14:24:55,22.278,22278
866,1,1,17,14:25:51,21.375,21375
866,17,1,17,14:25:59,21.199,21199
866,817,1,17,14:26:17,21.689,21689
866,5,1,17,14:26:32,21.733,21733
866,808,1,18,14:27:54,21.888,21888
866,4,1,19,14:28:31,21.133,21133
866,3,1,19,14:28:43,21.222,21222
866,154,1,21,14:31:23,21.830,21830
866,807,1,21,14:31:32,24.583,24583
866,811,1,23,14:34:41,22.781,22781
866,155,1,24,14:35:30,21.453,21453
866,10,1,24,14:36:31,25.520,25520
866,819,1,28,14:41:55,23.291,23291
866,813,1,29,14:42:22,22.704,22704
866,18,2,33,14:47:50,21.845,21845
866,3,2,38,14:53:57,21.179,21179
866,8,1,40,14:56:32,21.534,21534
866,815,1,41,14:57:52,21.407,21407
866,807,2,42,14:59:35,23.660,23660
866,5,2,42,15:00:15,21.704,21704
866,30,2,43,15:00:53,22.524,22524
866,818,2,43,15:01:05,23.163,23163
866,808,2,43,15:01:38,21.403,21403
866,814,2,44,15:02:08,21.734,21734
866,818,3,47,15:06:41,14.641,14641
866,1,2,50,15:09:20,22.530,22530
866,17,2,52,15:12:15,21.254,21254
866,18,3,52,15:13:15,21.363,21363
866,13,2,58,15:20:18,21.115,21115
866,817,2,58,15:20:40,21.558,21558
866,20,2,63,15:26:26,22.428,22428
867,18,1,10,14:21:23,20.246,20246
867,815,1,10,14:21:27,21.032,21032
867,13,1,11,14:23:08,20.498,20498
867,819,1,11,14:23:43,31.636,31636
867,5,1,12,14:25:12,21.040,21040
867,1,1,13,14:26:30,19.355,19355
867,808,1,13,14:26:58,20.726,20726
867,155,1,14,14:28:20,23.071,23071
867,8,1,14,14:28:21,21.879,21879
867,813,1,14,14:28:23,21.342,21342
867,807,1,14,14:28:26,21.198,21198
867,817,1,14,14:28:38,21.209,21209
867,37,1,14,14:29:09,23.127,23127
867,4,1,15,14:30:09,19.789,19789
867,39,1,15,14:31:07,22.930,22930
867,20,1,16,14:31:32,20.357,20357
867,154,1,16,14:31:48,20.479,20479
867,818,1,17,14:34:17,21.303,21303
867,30,1,19,14:37:38,20.477,20477
867,17,1,19,14:37:40,20.246,20246
867,3,1,20,14:39:17,20.625,20625
867,155,2,20,14:39:29,25.719,25719
867,811,1,20,14:40:14,28.440,28440
867,814,1,23,14:44:48,20.295,20295
867,811,2,24,14:47:48,14.659,14659
867,815,2,25,14:48:26,20.904,20904
867,808,2,25,14:48:42,21.224,21224
867,18,2,26,14:50:09,19.640,19640
867,13,2,27,14:51:54,20.126,20126
867,5,2,27,14:53:03,24.445,24445
867,154,2,28,14:53:16,23.183,23183
867,1,2,28,14:53:30,31.081,31081
867,4,2,28,14:53:33,20.718,20718
867,8,2,28,14:53:38,21.103,21103
867,813,2,28,14:53:44,21.525,21525
867,807,2,28,14:53:50,20.332,20332
867,808,3,28,14:54:43,21.407,21407
867,20,2,29,14:55:02,20.023,20023
867,37,2,28,14:55:13,23.125,23125
867,819,2,28,14:55:13,22.838,22838
867,39,2,29,14:57:51,26.370,26370
867,13,3,34,15:07:46,39.041,39041
867,817,2,37,15:12:44,22.597,22597
867,17,2,38,15:14:32,20.222,20222
867,39,3,39,15:16:58,14.780,14780
867,30,2,41,15:19:40,20.041,20041
867,3,2,46,15:28:36,20.115,20115
867,808,4,47,15:30:40,30.800,30800
867,13,4,53,15:41:54,20.476,20476
868,819,2,32,13:58:04,26.164,26164
868,17,2,33,13:57:42,25.179,25179
868,813,2,12,13:24:16,33.068,33068
868,13,1,13,13:24:56,25.325,25325
868,8,1,13,13:24:58,25.581,25581
868,819,1,13,13:25:46,26.313,26313
868,17,1,14,13:26:30,25.854,25854
868,811,1,14,13:26:49,25.983,25983
868,818,1,14,13:26:57,26.489,26489
868,4,1,15,13:28:03,25.372,25372
868,3,1,15,13:28:30,25.189,25189
868,155,1,16,13:30:03,26.845,26845
868,807,1,16,13:30:05,26.060,26060
868,18,1,16,13:30:09,25.138,25138
868,817,1,16,13:30:14,25.626,25626
868,39,1,16,13:30:53,29.908,29908
868,10,1,18,13:34:02,26.165,26165
868,1,1,21,13:38:11,24.498,24498
868,154,2,26,13:46:39,25.388,25388
868,37,1,27,13:49:37,27.715,27715
868,1,2,28,13:49:52,25.003,25003
868,817,2,29,13:51:50,25.613,25613
868,5,2,29,13:52:21,26.434,26434
868,811,2,30,13:53:19,26.573,26573
868,20,2,31,13:54:33,25.319,25319
868,18,2,31,13:55:02,24.762,24762
868,818,2,32,13:56:46,26.200,26200
868,814,1,1,13:05:45,32.790,32790
868,154,1,2,13:06:42,34.201,34201
868,20,1,10,13:19:58,25.829,25829
868,813,1,11,13:21:39,25.630,25630
868,815,1,11,13:21:41,25.192,25192
868,30,1,12,13:23:17,25.938,25938
868,5,1,12,13:23:46,26.196,26196
868,8,2,34,13:59:31,25.871,25871
868,30,2,34,13:59:45,25.552,25552
868,13,2,35,14:01:05,25.110,25110
868,807,2,35,14:01:25,25.444,25444
868,39,2,35,14:03:37,27.944,27944
868,4,2,37,14:04:03,24.998,24998
868,155,2,37,14:04:36,39.208,39208
868,3,2,37,14:04:48,33.529,33529
868,10,2,38,14:07:52,25.241,25241
869,13,1,1,14:04:39,23.049,23049
869,811,1,1,14:04:53,47.942,47942
869,154,1,1,14:04:56,32.766,32766
869,1,1,3,14:07:52,21.012,21012
869,818,1,6,14:11:33,18.901,18901
869,814,1,10,14:17:02,17.899,17899
869,8,1,11,14:18:20,18.002,18002
869,807,1,12,14:19:41,18.442,18442
869,17,1,12,14:19:43,18.253,18253
869,3,1,12,14:19:51,18.395,18395
869,813,1,13,14:21:05,19.646,19646
869,5,1,13,14:21:24,19.385,19385
869,30,1,14,14:22:25,18.497,18497
869,808,1,14,14:22:47,19.802,19802
869,815,1,17,14:26:37,18.143,18143
869,4,1,18,14:27:43,17.570,17570
869,18,1,19,14:29:13,17.867,17867
869,817,1,19,14:29:34,18.374,18374
869,10,1,19,14:30:15,21.399,21399
869,20,1,20,14:30:30,17.512,17512
869,37,1,20,14:31:43,19.850,19850
869,819,1,21,14:32:56,17.821,17821
869,155,1,22,14:33:31,18.904,18904
869,39,1,22,14:34:43,19.535,19535
869,13,2,24,14:36:49,19.137,19137
869,154,2,24,14:37:20,20.388,20388
869,811,2,25,14:38:46,18.822,18822
869,818,2,27,14:40:49,18.425,18425
869,807,2,31,14:46:05,18.286,18286
869,5,2,31,14:46:32,18.801,18801
869,1,2,31,14:46:44,17.598,17598
869,3,2,32,14:47:31,17.894,17894
869,808,2,32,14:47:59,18.323,18323
869,30,2,36,14:52:44,17.928,17928
869,8,2,38,14:55:22,17.735,17735
869,813,2,38,14:55:56,19.210,19210
869,817,2,38,14:55:57,17.990,17990
869,814,2,39,14:57:08,17.968,17968
869,18,2,40,14:57:48,16.831,16831
869,815,2,40,14:58:14,18.199,18199
869,17,2,40,14:58:22,17.290,17290
869,4,2,41,14:59:05,17.942,17942
869,20,2,41,14:59:07,17.859,17859
869,10,2,40,15:00:18,18.952,18952
869,154,3,42,15:02:09,22.743,22743
869,155,2,43,15:02:13,19.177,19177
869,819,2,43,15:03:49,19.391,19391
869,5,3,44,15:04:41,19.233,19233
869,818,3,45,15:05:35,19.949,19949
869,807,3,46,15:06:33,18.365,18365
869,37,2,45,15:07:26,20.664,20664
869,13,3,47,15:08:15,19.680,19680
869,1,3,47,15:08:33,18.877,18877
869,39,2,46,15:08:59,19.382,19382
869,811,3,47,15:09:01,18.313,18313
869,3,3,50,15:11:59,18.741,18741
869,808,3,50,15:12:58,18.354,18354
869,30,3,52,15:14:25,18.163,18163
869,5,4,53,15:17:23,28.988,28988
869,813,3,57,15:22:00,18.085,18085
870,30,1,1,14:08:08,21.336,21336
870,30,2,4,14:12:58,13.199,13199
870,155,1,8,14:18:40,20.234,20234
870,818,1,12,14:24:37,20.363,20363
870,817,1,14,14:27:32,20.510,20510
870,18,1,15,14:28:38,19.408,19408
870,807,1,15,14:28:52,20.736,20736
870,813,1,15,14:28:54,20.304,20304
870,811,1,16,14:30:15,20.213,20213
870,3,1,16,14:30:21,20.352,20352
870,814,1,16,14:30:26,20.460,20460
870,20,1,17,14:31:35,19.380,19380
870,4,1,17,14:31:38,19.669,19669
870,5,1,17,14:32:09,20.780,20780
870,1,1,18,14:32:53,20.436,20436
870,13,1,18,14:33:17,19.981,19981
870,808,1,18,14:33:47,21.070,21070
870,39,1,18,14:34:22,21.259,21259
870,154,1,19,14:34:22,22.151,22151
870,10,1,18,14:34:25,21.337,21337
870,8,1,20,14:36:01,20.087,20087
870,17,1,20,14:36:05,19.611,19611
870,819,1,20,14:36:59,20.915,20915
870,815,1,21,14:37:57,20.320,20320
870,37,1,22,14:40:27,22.332,22332
870,818,2,30,14:51:44,19.858,19858
870,30,3,32,14:54:51,20.503,20503
870,18,2,34,14:56:39,19.083,19083
870,817,2,34,14:57:29,19.630,19630
870,808,2,35,14:59:27,20.592,20592
870,5,2,36,15:00:48,21.855,21855
870,20,2,38,15:02:27,19.331,19331
870,814,2,38,15:03:06,20.352,20352
870,154,2,39,15:03:52,20.231,20231
870,17,2,39,15:04:09,19.175,19175
870,807,2,39,15:04:31,20.607,20607
870,1,2,40,15:05:18,19.059,19059
870,819,2,39,15:05:50,21.378,21378
870,3,2,40,15:05:53,20.632,20632
870,155,2,40,15:06:36,20.065,20065
870,39,2,39,15:07:06,22.031,22031
870,813,2,41,15:07:28,19.755,19755
870,10,2,40,15:08:28,20.383,20383
870,811,2,42,15:08:36,20.604,20604
870,37,2,41,15:10:00,21.877,21877
870,4,2,43,15:10:01,19.365,19365
870,13,2,43,15:10:12,19.917,19917
870,8,2,45,15:12:35,19.772,19772
870,18,3,45,15:12:56,20.355,20355
870,818,3,46,15:15:27,19.644,19644
870,815,2,47,15:16:34,20.216,20216
870,817,3,47,15:16:46,20.027,20027
870,808,3,51,15:23:46,20.515,20515
870,813,3,52,15:23:48,13.206,13206
870,17,3,55,15:27:30,19.386,19386
870,5,3,56,15:30:55,20.567,20567
870,20,3,58,15:31:43,18.964,18964
870,818,4,64,15:42:01,19.600,19600
871,37,1,1,14:06:31,29.107,29107
871,155,1,1,14:06:35,27.248,27248
871,813,1,1,14:06:36,21.842,21842
871,155,2,7,14:21:42,21.669,21669
871,814,1,10,14:27:27,21.402,21402
871,8,1,11,14:29:22,20.383,20383
871,17,1,11,14:29:28,20.908,20908
871,10,1,11,14:29:54,22.463,22463
871,817,1,12,14:31:21,20.287,20287
871,13,1,12,14:31:26,20.306,20306
871,808,1,12,14:31:42,25.972,25972
871,807,1,13,14:33:14,22.152,22152
871,5,1,14,14:35:49,52.206,52206
871,39,1,14,14:35:55,23.953,23953
871,818,1,15,14:37:19,20.660,20660
871,37,2,15,14:38:00,25.027,25027
871,811,1,16,14:39:19,21.690,21690
871,819,1,18,14:44:03,21.611,21611
871,30,1,19,14:45:02,21.664,21664
871,18,1,20,14:46:43,19.668,19668
871,3,1,20,14:47:24,21.062,21062
871,20,1,21,14:48:56,20.811,20811
871,155,3,24,14:55:27,22.106,22106
871,10,2,25,14:58:05,20.660,20660
871,814,2,26,14:59:07,21.115,21115
871,808,2,26,14:59:52,21.180,21180
871,807,2,27,15:00:38,20.696,20696
871,17,2,27,15:00:39,20.385,20385
871,13,2,27,15:00:45,21.049,21049
871,37,3,27,15:02:18,22.064,22064
871,5,2,27,15:02:21,21.931,21931
871,8,2,28,15:02:30,20.289,20289
871,817,2,28,15:02:51,21.060,21060
871,39,2,28,15:04:17,22.523,22523
871,818,2,29,15:04:49,21.077,21077
871,30,2,35,15:16:18,20.835,20835
871,3,2,36,15:18:36,20.534,20534
871,811,2,39,15:24:25,22.030,22030
872,10,1,7,14:14:33,28.747,28747
872,813,1,13,14:23:38,22.970,22970
872,3,1,14,14:25:03,22.346,22346
872,30,1,15,14:26:24,22.247,22247
872,8,1,17,14:29:28,21.730,21730
872,5,1,17,14:29:51,22.737,22737
872,819,1,18,14:31:32,24.039,24039
872,13,1,19,14:32:19,22.161,22161
872,808,1,19,14:32:59,22.182,22182
872,20,1,20,14:33:51,22.303,22303
872,4,1,20,14:33:52,21.515,21515
872,155,1,20,14:34:08,22.874,22874
872,17,1,21,14:35:36,21.556,21556
872,814,1,21,14:35:39,22.190,22190
872,18,1,22,14:36:49,23.375,23375
872,37,1,22,14:38:04,23.488,23488
872,1,1,23,14:38:13,20.736,20736
872,39,1,23,14:39:30,31.745,31745
872,817,1,24,14:40:19,21.720,21720
872,811,1,24,14:40:20,22.985,22985
872,807,1,27,14:44:55,22.746,22746
872,816,1,27,14:45:12,21.962,21962
872,815,1,29,14:47:32,22.472,22472
872,10,2,32,14:53:27,22.581,22581
872,20,2,34,14:55:13,15.008,15008
872,813,2,35,14:57:05,21.814,21814
872,819,2,35,14:57:49,22.046,22046
872,30,2,37,14:59:46,22.310,22310
872,3,2,38,15:01:21,21.854,21854
872,5,2,39,15:03:38,21.910,21910
872,808,2,40,15:05:10,22.811,22811
873,10,2,25,20:54:19,32.015,32015
873,5,2,26,20:55:51,30.099,30099
873,17,2,28,20:58:56,29.304,29304
873,813,2,29,21:00:34,30.540,30540
873,4,2,29,21:00:36,29.190,29190
873,155,2,30,21:03:49,30.842,30842
873,808,3,30,21:04:39,30.405,30405
873,37,2,30,21:05:01,32.625,32625
873,817,2,31,21:05:16,29.789,29789
873,8,2,32,21:07:02,29.370,29370
873,20,2,33,21:08:19,31.137,31137
873,18,2,33,21:08:25,29.662,29662
873,819,2,32,21:08:32,30.834,30834
873,814,2,33,21:08:49,30.029,30029
873,3,2,33,21:09:07,29.687,29687
873,154,2,33,21:09:08,31.753,31753
873,813,3,33,21:09:10,30.981,30981
873,30,2,33,21:09:20,30.338,30338
873,811,3,33,21:09:41,30.684,30684
873,13,3,33,21:10:02,29.455,29455
873,17,3,40,21:26:54,29.348,29348
873,807,2,40,21:26:54,30.613,30613
873,815,2,40,21:26:57,30.217,30217
873,808,4,40,21:27:04,41.154,41154
873,37,3,40,21:27:06,44.101,44101
873,5,3,45,21:38:17,30.232,30232
873,155,3,50,21:48:02,36.146,36146
873,807,3,50,21:48:19,34.601,34601
873,808,1,1,20:06:04,36.148,36148
873,13,1,1,20:06:31,31.958,31958
873,17,1,8,20:19:35,29.333,29333
873,20,1,10,20:23:17,29.117,29117
873,811,1,10,20:23:50,30.317,30317
873,4,1,11,20:25:22,29.557,29557
873,30,1,11,20:25:39,30.879,30879
873,817,1,11,20:25:50,30.992,30992
873,1,1,12,20:27:09,29.124,29124
873,814,1,12,20:27:23,31.026,31026
873,3,1,12,20:27:30,29.546,29546
873,818,1,12,20:27:44,30.499,30499
873,5,1,12,20:27:55,30.440,30440
873,813,1,13,20:29:11,30.234,30234
873,8,1,13,20:29:37,29.669,29669
873,10,1,13,20:30:01,30.977,30977
873,18,1,14,20:31:06,30.019,30019
873,154,1,14,20:31:24,32.080,32080
873,155,1,14,20:31:56,30.693,30693
873,819,1,16,20:36:09,30.647,30647
873,807,1,18,20:39:33,30.363,30363
873,815,1,18,20:39:37,30.043,30043
873,37,1,18,20:40:26,33.042,33042
873,808,2,18,20:40:30,30.341,30341
873,13,2,19,20:42:14,29.403,29403
873,39,1,19,20:42:28,32.436,32436
873,818,2,24,20:51:30,29.898,29898
873,811,2,25,20:53:24,30.828,30828
874,154,1,1,15:05:37,32.329,32329
874,811,1,1,15:05:49,27.098,27098
874,17,1,1,15:06:19,32.462,32462
874,154,2,7,15:16:52,29.793,29793
874,18,1,13,15:26:28,20.233,20233
874,8,1,13,15:26:35,20.901,20901
874,807,1,13,15:26:38,21.007,21007
874,814,1,13,15:26:54,21.063,21063
874,155,1,14,15:28:06,20.783,20783
874,819,1,14,15:29:02,21.343,21343
874,815,1,15,15:29:58,21.273,21273
874,39,1,15,15:30:44,23.227,23227
874,1,1,16,15:31:39,21.148,21148
874,813,1,16,15:31:44,21.361,21361
874,811,2,16,15:32:04,21.538,21538
874,20,1,17,15:32:58,20.508,20508
874,13,1,17,15:33:08,20.936,20936
874,817,1,17,15:33:31,21.944,21944
874,30,1,17,15:33:45,20.643,20643
874,37,1,17,15:34:08,26.287,26287
874,5,1,18,15:35:26,22.816,22816
874,818,1,18,15:35:28,22.528,22528
874,808,1,19,15:37:33,21.368,21368
874,10,1,20,15:39:00,20.662,20662
874,811,3,21,15:40:44,14.608,14608
874,154,3,22,15:42:35,21.143,21143
874,17,2,26,15:48:48,20.691,20691
874,8,2,30,15:55:12,21.222,21222
874,155,2,31,15:56:42,20.762,20762
874,1,2,31,15:56:51,19.794,19794
874,807,2,31,15:56:55,21.688,21688
874,819,2,31,15:58:08,42.505,42505
874,814,2,32,15:59:02,21.344,21344
874,813,2,33,16:00:13,21.118,21118
874,817,2,34,16:02:03,21.516,21516
874,811,4,34,16:02:29,21.520,21520
874,18,2,35,16:03:20,21.099,21099
874,818,2,35,16:04:02,21.431,21431
874,13,2,36,16:04:50,20.778,20778
874,30,2,36,16:05:33,20.379,20379
874,20,2,37,16:06:11,20.346,20346
874,37,2,36,16:06:51,22.487,22487
874,10,2,40,16:12:57,21.520,21520
874,5,2,41,16:14:28,22.678,22678
874,808,2,42,16:16:46,21.367,21367
874,808,3,48,16:27:04,14.250,14250
875,155,1,1,15:06:00,33.003,33003
875,155,2,7,15:17:22,13.986,13986
875,1,1,13,15:26:44,19.638,19638
875,807,1,13,15:26:59,22.125,22125
875,154,1,13,15:27:00,21.681,21681
875,30,1,13,15:27:06,20.087,20087
875,818,1,13,15:27:09,20.865,20865
875,5,1,13,15:27:25,21.896,21896
875,17,1,14,15:28:25,19.811,19811
875,13,1,14,15:28:32,20.607,20607
875,8,1,14,15:28:33,20.211,20211
875,817,1,14,15:28:56,20.151,20151
875,811,1,14,15:28:57,21.886,21886
875,808,1,14,15:29:17,22.278,22278
875,10,1,14,15:29:19,22.334,22334
875,20,1,15,15:30:06,19.830,19830
875,4,1,15,15:30:13,19.930,19930
875,814,1,15,15:30:41,20.805,20805
875,819,1,17,15:35:01,21.302,21302
875,815,1,18,15:35:58,24.408,24408
875,39,1,18,15:37:11,22.749,22749
875,813,1,21,15:41:35,21.137,21137
875,1,2,26,15:50:01,20.777,20777
875,814,2,28,15:54:05,20.218,20218
875,154,2,31,15:59:00,20.935,20935
875,10,2,31,16:00:08,20.494,20494
875,17,2,32,16:00:11,19.616,19616
875,807,2,32,16:00:43,20.982,20982
875,30,2,32,16:01:04,20.276,20276
875,811,2,32,16:01:12,22.813,22813
875,808,2,32,16:01:49,21.581,21581
875,815,2,33,16:02:54,20.767,20767
875,5,2,33,16:03:37,21.489,21489
875,4,2,34,16:03:41,20.090,20090
875,817,2,34,16:04:24,20.804,20804
875,20,2,35,16:05:18,19.801,19801
875,13,2,35,16:05:28,20.855,20855
875,8,2,35,16:05:40,21.012,21012
875,819,2,34,16:06:00,22.019,22019
875,818,2,38,16:11:27,21.188,21188
875,1,3,42,16:18:28,19.447,19447
876,818,1,1,15:05:15,25.097,25097
876,30,1,1,15:05:50,25.036,25036
876,815,1,14,15:25:19,21.336,21336
876,815,2,19,15:33:50,24.508,24508
876,18,1,25,15:42:00,21.509,21509
876,811,1,26,15:43:56,22.047,22047
876,39,1,26,15:45:08,24.544,24544
876,8,1,27,15:45:09,21.404,21404
876,3,1,27,15:45:26,21.490,21490
876,813,1,27,15:45:28,22.003,22003
876,817,1,27,15:45:46,22.637,22637
876,13,1,28,15:46:40,21.100,21100
876,807,1,28,15:46:47,21.654,21654
876,814,1,28,15:47:07,23.948,23948
876,819,1,28,15:47:38,22.692,22692
876,4,1,29,15:47:52,20.800,20800
876,17,1,30,15:49:21,20.808,20808
876,813,2,30,15:50:59,28.053,28053
876,808,1,31,15:52:12,22.445,22445
876,10,1,31,15:52:31,27.303,27303
876,1,1,32,15:52:33,20.852,20852
876,5,1,32,15:53:40,22.967,22967
876,20,1,33,15:53:43,20.707,20707
876,37,1,32,15:54:30,23.830,23830
876,818,2,33,15:55:26,21.658,21658
876,30,2,33,15:56:04,21.322,21322
876,154,1,36,15:59:04,20.976,20976
876,155,1,36,15:59:41,22.726,22726
877,3,1,1,17:05:24,29.277,29277
877,154,1,1,17:05:48,26.057,26057
877,814,1,1,17:06:13,26.670,26670
877,818,1,9,17:20:35,20.319,20319
877,154,2,9,17:21:21,21.017,21017
877,814,2,9,17:21:58,19.829,19829
877,20,1,13,17:31:03,24.962,24962
877,155,1,25,17:53:36,19.529,19529
877,13,1,26,17:55:31,19.585,19585
877,817,1,26,17:55:32,20.122,20122
877,819,1,26,17:55:56,21.941,21941
877,30,1,27,17:57:17,19.701,19701
877,10,1,27,17:57:44,19.884,19884
877,808,1,27,17:57:47,20.769,20769
877,4,1,28,17:58:45,19.368,19368
877,5,1,28,17:59:21,23.032,23032
877,37,1,28,17:59:46,22.272,22272
877,18,1,29,18:00:35,19.455,19455
877,813,1,29,18:00:45,20.723,20723
877,815,1,30,18:02:32,19.486,19486
877,17,1,30,18:02:33,19.066,19066
877,8,1,31,18:03:59,20.278,20278
877,811,1,32,18:06:19,22.587,22587
877,818,2,33,18:08:11,19.885,19885
877,20,2,37,18:15:02,19.918,19918
877,815,2,38,18:17:35,33.431,33431
877,817,2,38,18:17:36,21.231,21231
877,814,3,39,18:19:26,20.265,20265
877,30,2,41,18:24:11,21.270,21270
877,815,3,44,18:30:24,26.858,26858
878,154,1,9,13:19:50,21.190,21190
878,155,1,13,13:26:55,24.079,24079
878,30,1,14,13:28:39,22.263,22263
878,807,1,17,13:33:38,22.099,22099
878,1,1,20,13:38:21,20.814,20814
878,4,1,20,13:38:33,24.439,24439
878,811,1,20,13:38:57,22.143,22143
878,20,1,21,13:40:02,20.904,20904
878,814,1,21,13:40:40,22.498,22498
878,813,1,21,13:40:43,22.342,22342
878,5,1,21,13:41:14,22.713,22713
878,10,1,21,13:41:15,23.092,23092
878,815,1,22,13:42:28,22.079,22079
878,808,1,23,13:44:41,22.762,22762
878,8,1,24,13:45:33,24.840,24840
878,37,1,24,13:47:04,24.798,24798
878,39,1,25,13:48:53,24.497,24497
878,13,1,26,13:49:03,21.520,21520
878,819,1,26,13:50:13,22.379,22379
878,817,1,30,13:56:20,22.651,22651
878,814,2,30,13:56:45,22.444,22444
878,3,1,34,14:03:17,21.346,21346
878,18,1,35,14:04:36,21.445,21445
878,30,2,39,14:12:20,21.297,21297
879,8,1,5,14:10:08,21.541,21541
879,30,1,5,14:10:23,25.980,25980
879,155,1,8,14:14:32,27.266,27266
879,30,2,8,14:15:29,22.486,22486
879,3,1,9,14:16:06,23.018,23018
879,817,1,9,14:16:07,22.838,22838
879,17,1,9,14:16:09,23.127,23127
879,1,1,10,14:17:17,24.410,24410
879,4,1,10,14:17:29,22.472,22472
879,20,1,10,14:17:36,20.997,20997
879,814,1,10,14:17:37,28.336,28336
879,39,1,13,14:22:30,27.113,27113
879,819,1,13,14:22:37,24.427,24427
879,10,1,14,14:23:56,23.251,23251
879,808,1,14,14:23:58,23.031,23031
879,37,1,14,14:24:13,25.787,25787
879,13,1,15,14:25:26,22.596,22596
879,818,1,15,14:25:27,22.362,22362
879,5,1,15,14:25:33,23.429,23429
879,30,3,17,14:29:13,22.243,22243
879,1,2,18,14:29:24,21.606,21606
879,4,2,18,14:29:41,23.000,23000
879,155,2,18,14:29:44,24.254,24254
879,3,2,18,14:29:54,21.806,21806
879,814,2,18,14:29:55,21.364,21364
879,20,2,19,14:31:08,22.016,22016
879,17,2,19,14:31:16,21.232,21232
879,817,2,19,14:31:25,21.182,21182
879,8,2,19,14:31:26,22.731,22731
879,13,2,19,14:31:32,21.680,21680
879,10,2,19,14:31:36,21.442,21442
879,808,2,19,14:31:43,27.452,27452
879,5,2,19,14:31:46,38.291,38291
879,37,2,19,14:32:05,26.573,26573
879,818,2,20,14:33:06,21.302,21302
879,819,2,20,14:33:27,22.746,22746
879,39,2,20,14:33:37,26.739,26739
879,3,3,20,14:33:42,24.262,24262
879,807,1,23,14:35:55,21.347,21347
879,18,1,23,14:35:56,21.550,21550
879,818,3,29,14:48:26,25.976,25976
879,10,3,31,14:51:14,23.544,23544
879,5,3,37,14:59:15,22.721,22721
879,3,4,50,15:17:16,31.768,31768
879,37,3,50,15:17:24,25.375,25375
879,817,3,51,15:18:04,21.444,21444
879,39,3,51,15:19:00,23.625,23625
879,20,3,52,15:19:17,21.256,21256
879,8,3,53,15:21:39,32.309,32309
879,155,3,54,15:22:32,32.823,32823
879,30,4,54,15:22:33,21.827,21827
879,20,4,54,15:22:38,28.932,28932
879,808,3,54,15:23:17,22.702,22702
879,13,3,55,15:23:33,22.427,22427
879,17,3,55,15:23:53,21.006,21006
879,819,3,55,15:24:35,23.082,23082
879,4,3,56,15:25:03,21.862,21862
879,818,4,56,15:25:47,22.061,22061
879,37,4,55,15:25:57,24.510,24510
879,817,4,56,15:26:13,22.923,22923
879,18,2,57,15:26:15,21.456,21456
879,39,4,55,15:26:24,27.480,27480
879,807,2,57,15:26:30,22.250,22250
879,5,4,56,15:26:34,23.002,23002
879,10,4,56,15:26:40,24.816,24816
879,814,3,57,15:27:15,22.389,22389
879,807,3,58,15:28:20,14.128,14128
879,5,5,59,15:31:24,21.849,21849
879,817,5,61,15:33:59,21.973,21973
880,18,1,4,17:09:54,22.282,22282
880,17,1,5,17:11:28,24.240,24240
880,154,1,5,17:11:33,22.239,22239
880,821,1,5,17:11:35,22.316,22316
880,822,1,6,17:13:14,23.528,23528
880,820,1,6,17:13:26,36.564,36564
880,20,1,7,17:14:25,21.807,21807
880,823,1,7,17:15:07,24.104,24104
880,13,1,8,17:16:00,21.754,21754
880,814,1,8,17:16:13,23.010,23010
880,819,1,8,17:16:47,23.394,23394
880,4,1,9,17:17:35,21.792,21792
880,8,1,9,17:17:36,22.709,22709
880,818,1,9,17:17:54,23.074,23074
880,824,1,9,17:18:08,23.371,23371
880,813,1,10,17:19:36,23.099,23099
880,1,1,13,17:23:56,22.155,22155
880,3,1,14,17:25:35,22.274,22274
880,817,1,15,17:27:32,23.435,23435
880,815,1,16,17:29:00,23.677,23677
880,823,2,16,17:29:58,23.834,23834
880,17,2,18,17:32:17,21.717,21717
880,154,2,19,17:33:53,22.133,22133
880,820,2,19,17:34:48,30.838,30838
880,4,2,20,17:35:01,21.606,21606
880,18,2,20,17:35:24,23.571,23571
880,16,1,21,17:36:31,22.693,22693
880,20,2,21,17:36:32,22.704,22704
880,13,2,23,17:39:40,21.511,21511
880,815,2,23,17:40:25,22.004,22004
880,818,2,24,17:41:44,24.688,24688
880,822,2,24,17:42:08,23.215,23215
880,821,2,27,17:46:47,22.315,22315
880,824,2,27,17:47:07,23.387,23387
880,817,2,30,17:51:27,24.177,24177
880,1,2,31,17:52:21,22.015,22015
880,814,2,33,17:55:48,23.051,23051
880,8,2,34,17:56:41,22.181,22181
880,819,2,33,17:57:12,23.509,23509
880,823,3,34,17:59:22,23.917,23917
880,820,3,34,17:59:26,22.948,22948
880,13,3,36,18:00:04,21.509,21509
880,20,3,37,18:01:32,21.596,21596
880,18,3,37,18:02:18,21.538,21538
880,154,3,37,18:02:19,22.534,22534
880,17,3,38,18:03:34,21.515,21515
880,4,3,39,18:04:29,21.704,21704
880,822,3,40,18:07:27,24.060,24060
880,815,3,41,18:08:37,21.705,21705
880,1,3,42,18:09:35,21.778,21778
880,818,3,44,18:13:03,23.160,23160
880,16,2,46,18:15:28,22.749,22749
880,824,3,50,18:23:42,22.669,22669
881,20,1,5,16:13:32,21.135,21135
881,13,1,5,16:13:49,22.403,22403
881,16,1,6,16:15:54,37.833,37833
881,817,1,6,16:15:56,22.416,22416
881,8,1,6,16:15:57,25.905,25905
881,814,1,6,16:15:57,43.713,43713
881,813,1,6,16:16:01,24.737,24737
881,823,1,6,16:16:05,23.252,23252
881,824,1,6,16:16:07,26.546,26546
881,822,1,6,16:16:09,24.960,24960
881,820,1,6,16:16:12,30.365,30365
881,17,1,7,16:17:26,21.010,21010
881,1,1,7,16:17:30,24.933,24933
881,18,1,7,16:17:43,22.448,22448
881,807,1,7,16:17:44,22.996,22996
881,815,1,7,16:17:51,21.583,21583
881,154,1,7,16:17:52,22.105,22105
881,821,1,7,16:17:55,24.397,24397
881,818,1,7,16:17:57,49.216,49216
881,819,1,7,16:18:03,44.428,44428
881,3,1,8,16:19:28,22.028,22028
881,813,2,13,16:29:27,32.561,32561
881,824,2,17,16:36:29,23.755,23755
881,823,2,18,16:38:15,22.706,22706
881,17,2,19,16:38:48,20.736,20736
881,817,2,19,16:39:32,22.388,22388
881,820,2,19,16:40:11,22.668,22668
881,13,2,20,16:40:56,21.635,21635
881,154,2,20,16:40:57,21.812,21812
881,819,2,20,16:41:58,25.015,25015
881,1,2,21,16:42:22,21.465,21465
881,18,2,21,16:42:32,21.028,21028
881,807,2,21,16:42:39,21.699,21699
881,8,2,21,16:42:42,22.677,22677
881,20,2,22,16:44:00,21.339,21339
881,3,2,22,16:44:07,21.079,21079
881,815,2,22,16:44:32,20.894,20894
881,821,2,22,16:44:52,22.575,22575
881,822,2,22,16:44:54,28.045,28045
881,818,2,26,16:52:14,21.638,21638
881,823,3,28,16:56:15,25.118,25118
881,824,3,29,16:57:51,22.017,22017
881,1,3,30,16:58:00,21.549,21549
881,17,3,31,16:59:38,20.883,20883
881,3,3,31,16:59:42,22.114,22114
881,20,3,32,17:01:24,21.482,21482
881,820,3,31,17:01:52,22.115,22115
881,813,3,32,17:03:12,22.703,22703
881,819,3,32,17:03:34,23.373,23373
881,13,3,33,17:03:34,21.561,21561
881,815,3,33,17:03:40,21.338,21338
881,817,3,33,17:04:13,22.008,22008
881,807,3,34,17:05:21,22.629,22629
881,8,3,34,17:05:22,21.903,21903
881,154,3,35,17:07:03,22.385,22385
881,821,3,36,17:09:30,22.394,22394
881,822,3,40,17:16:24,22.937,22937
881,1,4,41,17:17:00,21.271,21271
881,20,4,42,17:18:37,20.757,20757
881,3,4,42,17:18:44,21.202,21202
881,820,4,41,17:19:43,22.271,22271
881,17,4,43,17:20:16,20.767,20767
881,823,4,42,17:21:22,22.744,22744
881,818,3,43,17:21:38,21.702,21702
881,824,4,43,17:22:37,22.335,22335
881,807,4,44,17:22:50,23.198,23198
881,819,4,43,17:23:04,23.844,23844
881,13,4,47,17:27:39,20.970,20970
881,821,4,51,17:35:38,22.542,22542
881,815,4,54,17:40:12,21.366,21366
882,17,1,1,15:05:52,21.287,21287
882,817,1,4,15:11:03,24.946,24946
882,1,1,5,15:12:45,20.379,20379
882,3,1,5,15:12:50,22.299,22299
882,819,1,5,15:12:59,21.265,21265
882,4,1,6,15:14:28,19.719,19719
882,8,1,6,15:14:31,20.753,20753
882,824,1,6,15:14:46,21.097,21097
882,823,1,6,15:14:51,20.905,20905
882,13,1,7,15:16:16,20.753,20753
882,154,1,7,15:16:21,20.083,20083
882,813,1,7,15:16:30,20.794,20794
882,820,1,7,15:16:42,21.063,21063
882,807,1,14,15:28:27,22.838,22838
882,20,1,14,15:28:27,19.323,19323
882,814,1,14,15:28:38,20.598,20598
882,17,2,15,15:30:32,26.956,26956
882,818,1,15,15:30:41,20.977,20977
882,822,1,16,15:32:22,21.614,21614
882,824,2,16,15:32:43,24.834,24834
882,819,2,17,15:34:28,22.183,22183
882,13,2,19,15:37:26,20.027,20027
882,3,2,19,15:37:32,19.894,19894
882,3,3,20,15:39:47,22.727,22727
882,823,2,20,15:40:06,20.743,20743
882,1,2,21,15:40:48,20.584,20584
882,8,2,21,15:40:49,20.759,20759
882,820,2,21,15:41:43,25.091,25091
882,4,2,23,15:44:07,20.521,20521
882,18,1,23,15:44:11,19.898,19898
882,154,2,23,15:44:31,20.286,20286
882,817,2,23,15:44:33,20.303,20303
882,813,2,23,15:44:50,21.517,21517
882,815,1,24,15:46:14,19.969,19969
882,807,2,29,15:54:43,20.327,20327
882,20,2,31,15:58:05,20.084,20084
882,815,2,31,15:58:33,20.253,20253
882,814,2,32,16:00:08,20.320,20320
882,824,3,32,16:00:54,20.625,20625
882,819,3,33,16:02:38,21.294,21294
882,820,3,33,16:02:57,25.151,25151
882,8,3,34,16:03:20,20.464,20464
882,822,2,34,16:04:01,22.217,22217
882,807,3,36,16:07:00,19.957,19957
882,13,3,36,16:07:01,19.449,19449
882,1,3,37,16:08:26,19.600,19600
882,154,3,37,16:08:50,20.109,20109
882,818,2,37,16:09:02,20.235,20235
882,823,3,37,16:10:13,21.067,21067
882,817,3,38,16:10:28,20.362,20362
882,813,3,39,16:12:48,20.982,20982
882,4,3,41,16:14:58,21.012,21012
882,818,3,43,16:19:28,20.716,20716
882,18,2,49,16:28:59,19.862,19862
882,20,3,51,16:32:06,20.191,20191
882,822,3,51,16:33:18,21.490,21490
882,814,3,53,16:35:54,19.831,19831
883,821,1,1,15:06:04,28.102,28102
883,16,1,1,15:06:49,26.495,26495
883,823,1,2,15:08:11,28.344,28344
883,818,1,2,15:09:07,41.485,41485
883,4,1,7,15:16:09,23.055,23055
883,17,1,8,15:17:54,21.798,21798
883,154,1,8,15:17:57,24.605,24605
883,4,2,8,15:18:11,21.436,21436
883,3,1,9,15:19:37,22.237,22237
883,18,1,9,15:19:38,23.093,23093
883,817,1,9,15:19:48,22.529,22529
883,824,1,9,15:19:57,24.325,24325
883,20,1,10,15:21:11,21.660,21660
883,13,1,10,15:21:20,21.665,21665
883,815,1,10,15:21:21,21.471,21471
883,1,1,10,15:21:24,22.072,22072
883,813,1,10,15:21:26,23.173,23173
883,820,1,10,15:21:45,22.745,22745
883,819,1,11,15:23:21,22.912,22912
883,807,1,12,15:24:51,21.656,21656
883,822,1,13,15:26:40,22.729,22729
883,814,1,14,15:28:08,22.009,22009
883,823,2,14,15:29:30,22.950,22950
883,8,1,16,15:31:35,22.715,22715
883,821,2,16,15:32:19,21.997,21997
883,13,2,17,15:33:34,21.722,21722
883,16,2,18,15:36:08,22.199,22199
883,3,2,20,15:38:32,21.331,21331
883,815,2,20,15:38:33,21.161,21161
883,17,2,21,15:40:08,21.221,21221
883,18,2,21,15:40:13,21.894,21894
883,1,2,22,15:42:02,21.444,21444
883,824,2,22,15:42:41,23.455,23455
883,813,2,23,15:43:49,22.220,22220
883,819,2,23,15:44:11,22.576,22576
883,820,2,23,15:44:27,24.141,24141
883,4,3,24,15:45:32,21.123,21123
883,20,2,25,15:46:35,21.290,21290
883,823,3,24,15:47:12,22.252,22252
883,817,2,25,15:47:31,22.028,22028
883,807,2,26,15:48:57,22.400,22400
883,154,2,27,15:50:20,21.608,21608
883,13,3,28,15:52:18,21.569,21569
883,822,2,29,15:54:07,28.408,28408
883,3,3,33,16:00:40,21.183,21183
883,821,3,33,16:01:35,22.438,22438
883,8,2,34,16:02:06,21.723,21723
883,18,3,34,16:02:20,21.696,21696
883,819,3,35,16:04:48,23.263,23263
883,814,2,36,16:05:30,22.475,22475
883,13,4,36,16:06:01,27.757,27757
883,824,3,36,16:06:51,22.817,22817
883,17,3,37,16:07:17,21.031,21031
883,820,3,37,16:08:38,26.004,26004
883,1,3,38,16:09:03,21.600,21600
883,815,3,39,16:10:45,21.319,21319
883,4,4,39,16:10:48,21.189,21189
883,813,3,39,16:11:04,22.066,22066
883,823,4,39,16:13:18,22.380,22380
883,807,3,41,16:14:30,22.814,22814
883,817,3,41,16:14:49,22.623,22623
883,20,3,42,16:15:09,21.906,21906
883,154,3,42,16:15:35,21.556,21556
883,16,3,42,16:16:30,22.346,22346
883,821,4,43,16:18:34,22.246,22246
883,3,4,44,16:19:15,21.267,21267
883,18,4,46,16:22:36,21.230,21230
883,820,4,46,16:24:10,22.552,22552
883,822,3,47,16:24:37,23.837,23837
883,823,5,47,16:27:16,23.375,23375
883,824,4,48,16:27:23,23.803,23803
884,824,1,2,14:06:58,29.994,29994
884,17,1,7,14:14:27,19.668,19668
884,13,1,8,14:15:53,19.490,19490
884,807,1,8,14:15:59,19.993,19993
884,813,1,8,14:16:03,20.205,20205
884,819,1,8,14:16:15,20.734,20734
884,4,1,9,14:17:21,18.909,18909
884,1,1,9,14:17:26,22.018,22018
884,814,1,9,14:17:29,20.615,20615
884,818,1,9,14:17:33,19.772,19772
884,823,1,9,14:17:41,21.686,21686
884,822,1,9,14:17:42,21.171,21171
884,3,1,10,14:18:50,19.414,19414
884,20,1,10,14:18:51,18.606,18606
884,8,1,10,14:18:53,19.978,19978
884,815,1,10,14:18:59,19.250,19250
884,817,1,10,14:19:03,19.795,19795
884,18,1,11,14:20:44,18.810,18810
884,821,1,13,14:23:38,22.144,22144
884,813,2,13,14:23:55,13.266,13266
884,820,1,15,14:27:24,25.294,25294
884,824,2,16,14:28:59,20.656,20656
884,814,2,19,14:32:58,19.792,19792
884,13,2,20,14:34:12,19.373,19373
884,17,2,20,14:34:27,19.151,19151
884,818,2,20,14:34:37,20.671,20671
884,813,3,20,14:34:52,23.139,23139
884,823,2,20,14:34:59,22.029,22029
884,4,2,21,14:35:36,19.952,19952
884,807,2,21,14:36:06,19.402,19402
884,16,2,22,14:38:15,20.306,20306
884,815,2,23,14:39:06,20.578,20578
884,819,2,23,14:39:41,20.870,20870
884,20,2,24,14:40:14,18.708,18708
884,817,2,24,14:40:39,20.100,20100
884,1,2,25,14:42:21,20.132,20132
884,822,2,25,14:42:37,20.533,20533
884,8,2,26,14:43:15,19.743,19743
884,3,2,27,14:45:06,20.032,20032
884,821,2,28,14:46:47,19.988,19988
884,18,2,28,14:46:53,19.196,19196
884,824,3,29,14:49:08,19.904,19904
884,820,2,30,14:50:58,21.582,21582
884,807,3,34,14:56:00,22.324,22324
884,818,3,34,14:56:06,25.362,25362
884,807,4,35,14:57:53,24.001,24001
884,813,4,35,14:57:57,20.800,20800
884,4,3,36,14:58:10,19.519,19519
884,13,3,36,14:58:25,19.326,19326
884,17,3,36,14:58:48,19.170,19170
884,1,3,36,14:59:15,19.700,19700
884,16,3,36,14:59:34,19.591,19591
884,818,4,37,15:01:38,29.740,29740
884,814,3,38,15:01:59,19.822,19822
884,815,3,38,15:02:10,19.866,19866
884,807,5,38,15:02:43,28.971,28971
884,20,3,39,15:03:01,19.551,19551
884,817,3,39,15:03:42,19.498,19498
884,819,3,41,15:07:38,21.202,21202
884,821,3,42,15:08:17,20.082,20082
884,822,3,43,15:10:28,19.908,19908
884,8,3,45,15:11:53,20.184,20184
884,18,3,46,15:14:18,19.290,19290
884,824,4,46,15:15:24,19.830,19830
884,3,3,47,15:15:40,19.352,19352
884,820,3,47,15:17:21,21.340,21340
884,4,4,49,15:17:37,18.471,18471
884,16,4,49,15:19:07,22.931,22931
884,17,4,50,15:19:53,18.931,18931
884,815,4,50,15:20:19,19.993,19993
884,1,4,50,15:20:35,19.457,19457
884,13,4,51,15:20:57,19.001,19001
884,20,4,51,15:21:09,18.694,18694
884,817,4,51,15:21:47,19.857,19857
884,814,4,53,15:24:38,19.481,19481
884,813,5,53,15:25:17,19.723,19723
884,807,6,53,15:25:37,20.314,20314
884,821,4,54,15:26:28,19.324,19324
885,813,1,1,14:04:48,40.507,40507
885,823,1,1,14:04:55,35.100,35100
885,814,1,9,14:15:54,25.643,25643
885,817,1,22,14:33:49,25.225,25225
885,824,1,22,14:34:05,25.098,25098
885,820,1,23,14:35:17,25.337,25337
885,823,2,24,14:37:13,25.676,25676
885,17,1,25,14:37:28,24.316,24316
885,8,1,26,14:38:49,24.420,24420
885,18,1,26,14:38:54,24.585,24585
885,13,1,26,14:39:26,25.331,25331
885,807,1,27,14:40:28,24.974,24974
885,4,1,28,14:41:32,24.489,24489
885,821,1,28,14:42:09,25.364,25364
885,815,1,29,14:42:57,24.672,24672
885,818,1,29,14:43:05,24.827,24827
885,20,1,30,14:44:08,24.375,24375
885,16,1,30,14:44:28,25.274,25274
885,822,1,30,14:44:53,29.063,29063
885,154,1,30,14:44:55,24.565,24565
885,813,2,30,14:45:08,26.146,26146
885,3,1,31,14:45:40,25.200,25200
885,1,1,31,14:45:51,24.801,24801
885,824,2,35,14:54:16,25.215,25215
885,823,3,35,14:55:21,25.862,25862
885,820,2,48,15:38:30,19.553,19553
885,154,2,62,15:58:00,39.980,39980
885,821,2,63,15:59:23,25.926,25926
885,820,3,63,15:59:31,26.198,26198
885,8,2,70,16:10:41,25.125,25125
881,814,2,20,16:41:12,2:03.124,123124
881,16,2,22,16:44:43,1:29.401,89401
881,18,3,35,17:06:47,1:44.833,104833
884,16,1,8,14:15:56,1:14.026,74026
886,823,1,8,14:14:22,22.323,22323
886,16,1,9,14:15:30,22.789,22789
886,819,1,11,14:18:33,22.184,22184
886,817,1,12,14:19:39,21.223,21223
886,807,1,12,14:19:40,21.623,21623
886,813,1,12,14:19:42,24.557,24557
886,17,1,13,14:20:32,20.716,20716
886,818,1,13,14:20:45,21.900,21900
886,815,1,13,14:21:03,20.427,20427
886,3,1,14,14:21:51,21.125,21125
886,822,1,14,14:22:18,22.242,22242
886,20,1,16,14:24:20,20.835,20835
886,4,1,16,14:24:36,20.512,20512
886,13,1,17,14:26:26,20.473,20473
886,813,2,17,14:26:50,14.446,14446
886,1,1,19,14:28:27,20.879,20879
886,821,1,21,14:32:08,22.017,22017
886,8,1,22,14:33:09,25.182,25182
886,18,1,27,14:40:12,20.212,20212
886,3,2,31,14:44:51,20.832,20832
886,823,2,32,14:48:17,22.039,22039
886,819,2,36,14:53:10,22.033,22033
886,16,2,37,14:53:24,21.000,21000
886,807,2,38,14:55:03,21.014,21014
886,820,1,38,14:55:52,21.374,21374
886,817,2,39,14:56:29,21.315,21315
886,823,3,38,14:56:58,29.056,29056
886,822,2,40,14:57:42,24.418,24418
886,13,2,41,14:58:51,20.372,20372
886,824,1,41,14:59:38,21.378,21378
886,823,4,40,15:00:06,24.510,24510
886,154,1,42,15:00:07,20.859,20859
886,815,2,43,15:01:30,20.805,20805
886,17,2,46,15:04:23,22.709,22709
886,4,2,47,15:05:39,20.636,20636
886,1,2,48,15:06:50,20.656,20656
886,20,2,49,15:07:50,20.898,20898
886,813,3,49,15:10:14,21.637,21637
886,154,2,53,15:14:53,21.574,21574
886,814,1,56,15:18:16,21.066,21066
886,3,3,57,15:19:14,21.459,21459
886,818,2,57,15:19:32,20.739,20739
886,16,3,61,15:25:13,14.489,14489
886,821,2,63,15:28:44,21.524,21524
887,1,1,8,13:17:20,29.026,29026
887,154,1,9,13:18:36,24.725,24725
887,814,1,9,13:18:47,25.004,25004
887,4,1,10,13:20:16,24.572,24572
887,17,1,10,13:20:19,31.448,31448
887,821,1,10,13:20:28,25.330,25330
887,823,1,10,13:20:57,26.515,26515
887,13,1,10,13:21:18,35.210,35210
887,8,1,11,13:21:52,24.992,24992
887,817,1,11,13:21:54,29.446,29446
887,18,1,11,13:22:03,24.745,24745
887,824,1,11,13:22:28,25.729,25729
887,3,1,12,13:23:20,24.990,24990
887,16,1,12,13:23:29,24.807,24807
887,807,1,12,13:23:43,29.684,29684
887,820,1,12,13:24:20,26.031,26031
887,20,1,13,13:24:55,24.159,24159
887,815,1,13,13:25:16,24.596,24596
887,818,1,14,13:27:16,29.418,29418
887,813,1,15,13:29:05,25.244,25244
887,822,1,15,13:29:14,30.231,30231
887,819,1,15,13:29:18,26.191,26191
887,13,2,16,13:32:21,24.680,24680
887,807,2,25,13:50:08,26.256,26256
887,818,2,25,13:50:17,26.317,26317
887,821,2,27,13:53:31,26.040,26040
887,823,2,28,13:55:33,25.814,25814
887,8,2,29,13:56:33,24.428,24428
887,821,3,29,13:57:08,31.937,31937
887,4,2,30,13:58:10,24.789,24789
887,154,2,30,13:58:16,24.751,24751
887,17,2,31,13:59:51,24.781,24781
887,817,2,32,14:01:28,26.229,26229
887,18,2,32,14:01:33,24.357,24357
887,820,2,32,14:02:17,25.701,25701
887,16,2,33,14:03:04,25.158,25158
887,815,2,33,14:03:08,25.028,25028
887,814,2,33,14:03:14,25.099,25099
887,824,2,33,14:03:42,25.927,25927
887,3,2,34,14:04:28,24.893,24893
887,819,2,34,14:05:14,26.371,26371
887,20,2,35,14:06:01,24.092,24092
887,1,2,36,14:08:08,24.635,24635
887,13,3,36,14:08:18,24.400,24400
887,813,2,37,14:10:02,25.275,25275
887,807,3,37,14:10:02,24.863,24863
887,822,2,38,14:11:48,31.851,31851
887,821,4,40,14:15:23,25.087,25087
887,823,3,40,14:16:02,26.391,26391
887,4,3,41,14:16:06,25.018,25018
887,3,3,42,14:17:48,25.436,25436
887,17,3,42,14:18:03,24.473,24473
887,154,3,42,14:18:29,25.911,25911
887,814,3,42,14:18:34,33.401,33401
887,13,4,42,14:18:38,24.872,24872
888,814,1,4,14:10:30,20.547,20547
888,818,1,4,14:10:37,23.147,23147
888,819,1,4,14:10:40,22.699,22699
888,817,1,5,14:12:03,19.846,19846
888,16,1,5,14:12:09,19.910,19910
888,823,1,5,14:12:16,21.900,21900
888,824,1,5,14:12:18,20.840,20840
888,1,1,6,14:13:34,19.487,19487
888,821,1,6,14:13:52,19.816,19816
888,20,1,7,14:15:09,18.979,18979
888,815,1,7,14:15:22,20.432,20432
888,17,1,8,14:16:48,2:42.042,162042
888,8,1,8,14:16:51,19.378,19378
888,820,1,8,14:17:26,21.021,21021
888,4,1,12,14:23:32,20.199,20199
888,154,1,13,14:25:00,20.273,20273
888,3,1,16,14:30:21,19.690,19690
888,807,1,17,14:31:56,21.226,21226
888,817,2,18,14:33:49,19.952,19952
888,824,2,18,14:34:30,20.371,20371
888,823,2,19,14:36:10,20.974,20974
888,820,2,20,14:37:56,19.953,19953
888,18,1,21,14:38:27,20.812,20812
888,813,1,21,14:38:44,20.331,20331
888,1,2,22,14:40:10,19.321,19321
888,822,1,22,14:40:31,33.796,33796
888,821,2,22,14:40:34,19.869,19869
888,20,2,24,14:43:10,20.039,20039
888,154,2,24,14:43:13,20.007,20007
888,8,2,24,14:43:25,20.528,20528
888,4,2,24,14:43:36,19.539,19539
888,815,2,24,14:43:57,20.433,20433
888,16,2,24,14:44:00,20.204,20204
888,814,2,24,14:44:07,21.483,21483
888,3,2,24,14:44:07,22.207,22207
888,17,2,23,14:44:15,19.991,19991
888,819,2,24,14:44:58,21.388,21388
888,820,3,26,14:48:52,20.272,20272
888,819,3,34,15:03:58,22.986,22986
888,807,2,37,15:08:26,20.364,20364
888,820,4,37,15:08:55,21.433,21433
888,17,3,38,15:10:15,19.921,19921
888,823,3,38,15:10:34,20.545,20545
888,154,3,40,15:13:03,19.591,19591
888,817,3,40,15:13:28,20.196,20196
888,20,3,41,15:14:38,19.118,19118
888,821,3,41,15:15:07,21.160,21160
888,16,3,43,15:18:18,21.799,21799
888,1,3,45,15:21:19,19.316,19316
888,18,2,47,15:24:27,19.692,19692
888,3,3,48,15:26:26,19.684,19684
888,8,3,49,15:27:24,19.390,19390
888,4,3,49,15:27:29,19.476,19476
888,807,3,49,15:28:02,20.557,20557
888,813,2,50,15:29:39,36.196,36196
888,822,2,54,15:36:20,45.695,45695
890,818,1,8,14:15:51,22.745,22745
890,823,1,8,14:15:55,23.200,23200
890,1,1,9,14:16:48,21.840,21840
890,813,1,9,14:17:14,22.103,22103
890,814,1,9,14:17:18,22.754,22754
890,817,1,10,14:18:44,24.033,24033
890,3,1,10,14:18:45,22.015,22015
890,822,1,10,14:18:55,22.023,22023
890,20,1,11,14:19:47,21.343,21343
890,13,1,11,14:19:57,23.012,23012
890,807,1,11,14:20:17,22.303,22303
890,4,1,12,14:21:21,21.599,21599
890,154,1,13,14:22:46,22.054,22054
890,8,1,13,14:22:56,22.161,22161
890,819,1,13,14:23:32,22.465,22465
890,824,1,20,14:34:40,22.159,22159
890,820,1,21,14:36:25,22.323,22323
890,17,1,23,14:37:39,21.762,21762
890,815,1,23,14:38:10,22.323,22323
890,821,1,23,14:38:18,22.425,22425
890,18,1,24,14:39:26,22.107,22107
890,154,2,25,14:40:51,22.267,22267
890,814,2,26,14:43:05,22.723,22723
890,823,2,27,14:44:59,22.831,22831
890,813,2,28,14:45:48,21.880,21880
890,3,2,29,14:47:10,22.628,22628
890,818,2,30,14:49:06,22.282,22282
890,1,2,31,14:49:23,21.454,21454
890,13,2,31,14:50:01,21.753,21753
890,822,2,33,14:53:46,22.612,22612
890,20,2,34,14:53:58,21.863,21863
890,4,2,34,14:54:07,22.249,22249
890,824,2,33,14:54:39,22.221,22221
890,807,2,35,14:56:17,22.606,22606
890,820,2,34,14:56:34,22.301,22301
890,154,3,37,14:58:34,16.453,16453
890,18,2,37,14:58:44,22.496,22496
890,815,2,38,15:00:37,22.722,22722
890,817,2,38,15:01:00,21.996,21996
890,819,2,38,15:01:50,22.450,22450
890,807,3,40,15:04:00,16.512,16512
890,8,2,42,15:05:48,21.643,21643
890,17,2,43,15:07:06,22.349,22349
890,823,3,44,15:10:43,22.384,22384
890,154,4,47,15:13:17,22.451,22451
890,824,3,46,15:14:34,23.030,23030
890,4,3,48,15:14:42,21.753,21753
890,13,3,48,15:15:06,21.612,21612
890,3,3,48,15:15:07,21.854,21854
890,814,3,48,15:15:49,23.027,23027
890,1,3,50,15:17:08,22.136,22136
890,818,3,50,15:18:45,23.756,23756
890,813,3,51,15:19:53,24.796,24796
890,820,3,50,15:21:06,23.257,23257
890,20,3,55,15:24:30,21.666,21666
890,17,3,59,15:30:24,22.022,22022
891,807,1,9,14:21:40,24.219,24219
891,13,1,9,14:21:42,22.872,22872
891,814,1,10,14:23:35,23.475,23475
891,818,1,10,14:23:44,24.070,24070
891,1,1,11,14:25:16,23.397,23397
891,16,1,11,14:25:37,23.327,23327
891,813,1,11,14:25:40,27.059,27059
891,3,1,12,14:27:19,22.893,22893
891,4,1,13,14:29:10,22.631,22631
891,17,1,13,14:29:16,23.004,23004
891,815,1,13,14:29:25,17.378,17378
891,20,1,14,14:30:58,22.685,22685
891,8,1,14,14:31:18,23.744,23744
891,822,1,14,14:31:44,23.411,23411
891,824,1,14,14:32:07,24.083,24083
891,823,1,15,14:33:51,24.968,24968
891,820,1,15,14:34:15,24.013,24013
891,817,1,16,14:35:26,23.144,23144
891,18,1,17,14:37:03,22.465,22465
891,815,2,18,14:39:24,22.597,22597
891,821,1,19,14:41:20,22.761,22761
891,154,1,22,14:46:53,23.445,23445
891,807,2,24,14:50:59,23.334,23334
891,818,2,24,14:51:01,24.539,24539
891,3,2,25,14:52:20,23.723,23723
891,814,2,25,14:52:51,23.540,23540
891,1,2,26,14:54:11,22.682,22682
891,13,2,26,14:54:35,22.634,22634
891,16,2,26,14:54:42,23.655,23655
891,813,2,27,14:57:12,35.228,35228
891,4,2,28,14:57:52,22.444,22444
891,821,2,28,14:58:53,22.712,22712
891,822,2,28,14:59:02,23.540,23540
891,824,2,28,14:59:47,23.961,23961
891,17,2,29,15:00:00,23.477,23477
891,823,2,29,15:01:18,23.998,23998
891,20,2,30,15:01:29,22.884,22884
891,820,2,29,15:02:06,23.916,23916
891,817,2,33,15:08:12,22.871,22871
891,820,3,32,15:08:14,17.427,17427
891,18,2,34,15:09:32,23.317,23317
891,813,3,38,15:18:29,30.894,30894
891,821,3,41,15:23:35,17.433,17433
892,8,1,1,14:05:19,30.975,30975
892,1,1,13,14:23:23,24.460,24460
892,819,1,17,14:29:42,25.569,25569
892,823,1,18,14:31:18,26.302,26302
892,154,1,20,14:33:49,27.040,27040
892,18,1,21,14:35:17,24.450,24450
892,817,1,22,14:36:44,24.319,24319
892,815,1,22,14:36:45,25.933,25933
892,824,1,22,14:37:35,25.541,25541
892,20,1,23,14:37:56,24.305,24305
892,17,1,23,14:38:07,24.205,24205
892,820,1,23,14:39:08,26.146,26146
892,13,1,24,14:39:35,24.692,24692
892,807,1,24,14:39:37,25.633,25633
892,16,1,24,14:39:52,26.873,26873
892,813,1,24,14:39:58,25.397,25397
892,822,1,25,14:41:33,24.665,24665
892,3,1,26,14:42:35,24.079,24079
892,4,1,27,14:43:56,24.208,24208
892,821,1,27,14:44:20,24.668,24668
892,8,2,30,14:48:51,24.764,24764
892,1,2,38,15:00:35,24.315,24315
892,819,2,38,15:01:38,26.363,26363
892,823,2,39,15:03:12,33.200,33200
893,4,2,25,20:52:09,29.176,29176
893,154,2,25,20:52:13,30.293,30293
893,13,2,25,20:52:21,29.136,29136
893,18,2,25,20:52:22,30.085,30085
893,8,2,25,20:52:24,33.013,33013
893,815,2,25,20:52:31,29.396,29396
893,807,2,25,20:52:32,30.253,30253
893,821,2,25,20:52:42,31.706,31706
893,16,2,25,20:52:54,30.166,30166
893,813,2,25,20:53:06,30.444,30444
893,819,2,25,20:53:55,32.008,32008
893,823,2,26,20:55:33,37.700,37700
893,154,3,33,21:11:23,1:13.009,73009
893,818,3,39,21:22:44,29.999,29999
893,17,2,40,21:24:28,28.909,28909
893,16,3,40,21:24:36,31.230,31230
893,824,4,40,21:25:13,29.421,29421
893,3,2,41,21:26:16,29.616,29616
893,813,3,41,21:26:35,30.175,30175
893,820,3,41,21:27:04,29.687,29687
893,814,2,42,21:28:14,29.777,29777
893,13,3,42,21:28:15,29.573,29573
893,822,3,42,21:28:43,33.836,33836
893,823,3,42,21:28:50,30.141,30141
893,1,2,43,21:30:03,30.085,30085
893,20,2,44,21:31:26,28.934,28934
893,819,3,54,21:52:04,31.546,31546
893,8,1,10,20:23:19,29.469,29469
893,824,1,10,20:23:58,29.573,29573
893,821,1,11,20:25:19,29.364,29364
893,818,1,11,20:25:28,29.736,29736
893,819,1,11,20:25:52,31.841,31841
893,820,1,11,20:25:57,30.497,30497
893,824,2,11,20:26:28,32.243,32243
893,13,1,12,20:26:59,29.040,29040
893,16,1,12,20:27:25,29.678,29678
893,17,1,13,20:28:48,29.031,29031
893,18,1,13,20:28:57,29.284,29284
893,807,1,13,20:29:01,29.910,29910
893,823,1,13,20:29:27,30.161,30161
893,822,1,13,20:29:30,31.792,31792
893,4,1,14,20:30:36,29.436,29436
893,815,1,14,20:30:57,28.709,28709
893,3,1,15,20:32:27,29.212,29212
893,154,1,15,20:32:38,29.702,29702
893,1,1,15,20:32:41,29.032,29032
893,817,1,15,20:33:06,32.097,32097
893,813,1,16,20:35:13,29.966,29966
893,20,1,17,20:36:08,28.787,28787
893,814,1,20,20:42:28,29.667,29667
893,824,3,23,20:50:22,29.823,29823
893,818,2,24,20:50:34,30.714,30714
893,822,2,24,20:50:54,30.790,30790
893,820,2,24,20:51:40,31.173,31173
894,16,1,3,15:09:31,29.829,29829
894,18,1,4,15:11:11,26.948,26948
894,13,1,6,15:14:57,22.474,22474
894,813,1,7,15:16:37,23.470,23470
894,814,1,7,15:16:40,23.814,23814
894,821,1,7,15:16:43,23.096,23096
894,822,1,8,15:18:36,23.912,23912
894,1,1,9,15:19:55,22.270,22270
894,4,1,9,15:20:07,22.208,22208
894,819,1,9,15:20:36,24.320,24320
894,154,1,10,15:21:39,22.519,22519
894,3,1,10,15:21:47,23.412,23412
894,807,1,10,15:21:50,23.654,23654
894,815,1,10,15:22:03,22.901,22901
894,823,1,10,15:22:24,17.513,17513
894,824,1,10,15:22:31,23.097,23097
894,20,1,11,15:23:22,22.662,22662
894,8,1,11,15:23:39,22.924,22924
894,823,2,11,15:24:34,23.987,23987
894,17,1,12,15:25:27,22.587,22587
894,818,1,12,15:25:54,24.477,24477
894,820,1,12,15:26:16,23.761,23761
894,817,1,18,15:36:21,23.892,23892
894,18,2,22,15:43:41,25.946,25946
894,813,2,23,15:45:35,23.642,23642
894,814,2,23,15:45:42,23.854,23854
894,818,2,24,15:47:44,23.845,23845
894,8,2,25,15:48:47,23.236,23236
894,807,2,26,15:50:32,24.112,24112
894,3,2,28,15:53:56,42.432,42432
894,4,2,28,15:54:07,22.807,22807
894,16,2,28,15:54:36,23.155,23155
894,822,2,28,15:54:54,24.240,24240
894,1,2,29,15:55:45,22.251,22251
894,13,2,29,15:56:20,22.401,22401
894,17,2,30,15:57:29,22.718,22718
894,20,2,31,15:58:48,22.935,22935
894,819,2,30,15:58:50,24.366,24366
894,154,2,31,15:58:56,22.767,22767
894,824,2,30,15:59:15,23.814,23814
894,820,2,30,15:59:21,26.299,26299
894,823,3,30,15:59:22,24.548,24548
894,817,2,31,16:00:11,23.194,23194
894,17,3,31,16:00:12,23.490,23490
894,821,2,31,16:00:19,23.408,23408
894,815,2,31,16:00:22,38.893,38893
894,818,3,38,16:16:31,24.016,24016
894,16,3,38,16:16:46,1:11.445,71445
894,16,4,41,16:23:32,18.979,18979
895,819,1,1,15:05:34,17.935,17935
895,1,1,1,15:06:11,25.297,25297
895,818,1,7,15:15:39,25.816,25816
895,18,1,8,15:17:14,23.462,23462
895,822,1,8,15:17:18,23.421,23421
895,16,1,8,15:17:19,23.803,23803
895,821,1,9,15:18:50,23.887,23887
895,813,1,9,15:18:58,23.524,23524
895,807,1,10,15:20:27,23.383,23383
895,814,1,10,15:20:37,23.476,23476
895,17,1,11,15:21:54,23.617,23617
895,13,1,11,15:22:06,22.946,22946
895,8,1,11,15:22:11,23.313,23313
895,820,1,11,15:22:39,23.648,23648
895,154,1,12,15:23:30,23.282,23282
895,3,1,12,15:23:43,22.812,22812
895,815,1,12,15:23:48,26.423,26423
895,4,1,13,15:25:26,22.645,22645
895,20,1,14,15:26:53,22.916,22916
895,3,2,16,15:30:40,17.806,17806
895,819,2,17,15:33:03,24.380,24380
895,817,1,21,15:39:04,24.608,24608
895,818,2,21,15:39:24,24.087,24087
895,18,2,23,15:42:30,26.263,26263
895,3,3,24,15:44:05,22.771,22771
895,17,2,25,15:45:06,22.774,22774
895,814,2,26,15:47:38,23.858,23858
895,822,2,27,15:49:16,23.483,23483
895,16,2,27,15:49:23,23.484,23484
895,13,2,28,15:50:36,22.871,22871
895,813,2,28,15:51:02,24.202,24202
895,154,2,29,15:51:38,23.086,23086
895,807,2,29,15:52:08,23.831,23831
895,820,2,29,15:53:22,24.373,24373
895,4,2,30,15:53:46,22.839,22839
895,821,2,30,15:54:04,23.184,23184
895,815,2,30,15:54:05,27.707,27707
895,8,2,31,15:55:30,23.290,23290
895,817,2,32,15:57:31,17.801,17801
895,13,3,34,16:00:41,17.822,17822
895,819,3,35,16:03:32,24.381,24381
895,20,2,37,16:04:36,22.873,22873
895,818,3,38,16:07:30,24.876,24876
895,3,4,39,16:08:49,22.551,22551
895,18,3,40,16:10:36,23.105,23105
895,17,3,42,16:12:42,23.094,23094
895,815,3,42,16:14:05,25.585,25585
895,817,3,44,16:17:21,24.178,24178
896,814,1,1,15:05:12,23.662,23662
896,818,1,1,15:05:14,24.232,24232
896,819,1,1,15:05:39,29.082,29082
896,20,1,2,15:06:36,24.000,24000
896,4,1,2,15:06:48,29.800,29800
896,807,1,5,15:11:22,24.096,24096
896,824,1,5,15:11:40,33.937,33937
896,18,1,6,15:13:04,23.517,23517
896,3,1,7,15:14:25,23.685,23685
896,8,1,7,15:14:33,26.989,26989
896,13,1,8,15:15:56,23.579,23579
896,1,1,8,15:16:00,23.546,23546
896,813,1,8,15:16:14,25.530,25530
896,18,2,12,15:22:48,23.774,23774
896,154,1,13,15:23:59,23.648,23648
896,821,1,16,15:28:39,18.423,18423
896,819,2,16,15:29:58,26.970,26970
896,821,2,26,15:44:22,25.660,25660
896,818,2,26,15:44:28,24.128,24128
896,3,2,27,15:45:31,23.895,23895
896,17,1,28,15:46:25,23.487,23487
896,815,1,28,15:46:43,23.541,23541
896,820,1,29,15:49:37,24.757,24757
896,13,2,30,15:50:06,23.332,23332
896,1,2,30,15:50:07,23.574,23574
896,814,2,30,15:50:21,24.024,24024
896,4,2,30,15:50:22,23.595,23595
896,20,2,31,15:51:05,23.568,23568
896,822,1,31,15:51:52,27.619,27619
896,17,2,32,15:52:46,23.459,23459
896,18,3,32,15:53:44,24.754,24754
896,817,1,33,15:54:38,25.608,25608
896,815,2,33,15:54:42,24.910,24910
896,807,2,33,15:54:45,24.834,24834
896,824,2,33,15:56:05,25.383,25383
896,4,3,36,15:59:44,24.066,24066
896,817,2,38,16:02:35,24.471,24471
896,813,2,38,16:02:44,26.312,26312
896,16,1,41,16:07:01,23.891,23891
896,821,3,47,16:16:34,24.415,24415
896,822,2,49,16:19:37,25.909,25909
896,807,3,53,16:25:07,29.057,29057
896,820,2,52,16:25:27,24.445,24445
896,8,2,58,16:32:33,24.141,24141
897,18,1,2,17:07:35,27.176,27176
897,813,1,5,17:12:55,22.886,22886
897,824,1,5,17:13:09,24.064,24064
897,815,1,6,17:14:42,21.503,21503
897,820,1,6,17:15:04,23.490,23490
897,1,1,7,17:16:23,21.372,21372
897,817,1,7,17:16:41,22.194,22194
897,823,1,7,17:16:50,22.834,22834
897,17,1,8,17:18:09,21.175,21175
897,154,1,8,17:18:10,21.627,21627
897,819,1,8,17:18:39,22.498,22498
897,807,1,9,17:20:04,22.363,22363
897,3,1,10,17:21:41,21.653,21653
897,18,2,11,17:24:21,21.516,21516
897,20,1,14,17:28:39,22.275,22275
897,4,1,16,17:32:49,21.530,21530
897,818,1,17,17:34:46,21.930,21930
897,13,1,18,17:36:23,21.485,21485
897,821,1,18,17:36:43,22.685,22685
897,814,1,20,17:40:06,22.270,22270
897,822,1,24,17:47:40,23.361,23361
897,813,2,25,17:49:29,23.410,23410
897,807,2,27,17:53:04,22.863,22863
897,815,2,27,17:53:06,21.370,21370
897,16,1,28,17:54:54,22.048,22048
897,817,2,28,17:55:05,22.946,22946
897,1,2,29,17:56:37,21.609,21609
897,821,2,30,17:58:38,22.070,22070
897,824,2,31,18:01:41,23.576,23576
897,819,2,32,18:03:05,24.005,24005
897,17,2,33,18:03:15,21.911,21911
897,3,2,33,18:03:19,21.633,21633
897,820,2,32,18:03:37,22.802,22802
897,823,2,33,18:04:45,22.286,22286
897,807,3,34,18:05:56,16.147,16147
897,20,2,37,18:09:50,21.298,21298
897,154,2,37,18:10:31,22.286,22286
897,13,2,38,18:12:40,22.315,22315
897,4,2,44,18:23:20,21.453,21453
897,822,2,45,18:25:31,26.680,26680
897,818,2,51,18:36:34,23.608,23608
898,821,1,1,13:05:59,24.859,24859
898,820,1,5,13:15:49,18.737,18737
898,813,1,8,13:21:04,32.794,32794
898,5,1,17,13:36:46,25.323,25323
898,18,1,20,13:42:04,24.589,24589
898,819,1,20,13:42:30,27.568,27568
898,13,1,21,13:43:48,23.936,23936
898,824,1,21,13:44:14,26.205,26205
898,823,1,21,13:44:15,25.268,25268
898,815,1,22,13:45:19,23.808,23808
898,814,1,22,13:45:29,24.444,24444
898,3,1,22,13:45:30,23.806,23806
898,817,1,22,13:45:31,24.226,24226
898,822,1,23,13:47:05,25.014,25014
898,1,1,25,13:50:25,23.904,23904
898,4,1,26,13:52:15,23.817,23817
898,20,1,27,13:53:30,24.086,24086
898,820,2,26,13:53:36,24.293,24293
898,807,1,27,13:53:54,24.030,24030
898,818,1,27,13:54:22,24.381,24381
898,17,1,28,13:55:26,23.537,23537
898,154,1,29,13:57:05,23.876,23876
898,5,2,31,14:01:31,36.333,36333
898,821,2,36,14:10:01,25.027,25027
898,13,2,38,14:13:40,24.116,24116
898,814,2,49,14:32:33,24.914,24914
898,819,2,50,14:35:29,18.692,18692
899,818,1,10,14:16:58,23.455,23455
899,817,1,14,14:22:11,22.721,22721
899,5,1,15,14:23:39,23.019,23019
899,822,1,17,14:26:13,24.166,24166
899,16,1,17,14:26:14,23.161,23161
899,13,1,19,14:28:38,22.342,22342
899,815,1,19,14:28:47,22.591,22591
899,18,1,20,14:30:03,22.746,22746
899,807,1,20,14:30:06,23.887,23887
899,814,1,20,14:30:15,23.237,23237
899,4,1,21,14:31:09,22.755,22755
899,1,1,21,14:31:13,22.655,22655
899,824,1,21,14:32:02,24.657,24657
899,3,1,22,14:32:39,23.328,23328
899,821,1,22,14:33:00,23.857,23857
899,17,1,23,14:33:42,25.012,25012
899,813,1,23,14:34:24,23.600,23600
899,20,1,24,14:34:51,22.510,22510
899,823,1,24,14:36:01,23.732,23732
899,819,1,25,14:37:24,24.099,24099
899,820,1,26,14:38:59,25.060,25060
899,818,2,28,14:41:19,24.183,24183
899,13,2,34,14:48:24,17.367,17367
899,5,2,34,14:49:00,22.646,22646
899,16,2,37,14:52:49,24.001,24001
899,822,2,41,14:58:30,23.695,23695
899,817,2,42,14:59:24,23.340,23340
899,18,2,43,15:00:19,23.788,23788
899,13,3,43,15:00:27,22.655,22655
899,813,2,43,15:00:59,26.734,26734
899,3,2,44,15:01:40,22.753,22753
899,815,2,44,15:01:41,22.397,22397
899,807,2,46,15:04:31,23.237,23237
899,20,2,47,15:04:55,32.899,32899
899,17,2,47,15:05:08,26.718,26718
899,818,3,46,15:05:09,23.451,23451
899,4,2,47,15:05:13,22.732,22732
899,1,2,47,15:05:43,24.423,24423
899,814,2,47,15:06:01,23.330,23330
899,821,2,47,15:06:09,23.138,23138
899,823,2,47,15:06:59,27.107,27107
899,824,2,47,15:07:06,23.403,23403
899,820,2,48,15:08:47,23.449,23449
899,1,3,52,15:12:31,17.385,17385
899,823,3,52,15:13:57,17.339,17339
899,16,3,54,15:15:17,22.981,22981
899,820,3,66,15:32:58,23.222,23222
900,154,1,1,17:09:56,17.255,17255
900,821,1,1,17:10:12,32.657,32657
900,815,1,1,17:10:14,25.541,25541
900,18,1,11,17:26:02,22.411,22411
900,815,2,11,17:27:03,22.497,22497
900,3,1,12,17:27:27,24.331,24331
900,817,1,12,17:27:37,22.994,22994
900,825,1,12,17:27:45,23.150,23150
900,807,1,12,17:27:51,22.615,22615
900,4,1,12,17:27:55,22.887,22887
900,8,1,12,17:28:02,25.543,25543
900,818,1,12,17:28:02,23.124,23124
900,826,1,12,17:28:03,30.514,30514
900,828,1,23,17:48:18,23.238,23238
900,820,1,24,17:49:56,24.209,24209
900,824,1,20,17:54:48,23.821,23821
900,154,2,28,17:56:08,22.264,22264
900,813,1,29,17:57:57,22.847,22847
900,821,2,30,17:59:29,23.797,23797
900,18,2,32,18:02:01,22.399,22399
900,815,3,32,18:02:29,22.526,22526
900,807,2,33,18:03:36,22.933,22933
900,818,2,33,18:03:39,22.978,22978
900,4,2,35,18:06:45,21.978,21978
900,817,2,36,18:08:06,22.427,22427
900,8,2,36,18:08:30,21.825,21825
900,826,2,36,18:08:31,23.920,23920
900,825,2,37,18:09:47,22.273,22273
900,3,2,38,18:10:59,23.673,23673
900,820,2,41,18:18:13,23.493,23493
900,824,2,35,18:19:32,22.656,22656
900,822,1,10,17:24:46,34.921,34921
900,16,1,35,18:07:21,24.305,24305
900,822,2,36,18:08:28,23.117,23117
901,824,1,1,16:07:01,52.836,52836
901,818,1,2,16:07:55,45.629,45629
901,8,1,2,16:08:22,26.399,26399
901,825,1,9,16:20:38,37.116,37116
901,826,1,10,16:22:31,25.109,25109
901,821,1,10,16:22:33,29.420,29420
901,820,1,10,16:22:44,25.639,25639
901,4,1,11,16:24:00,24.466,24466
901,16,1,11,16:24:25,25.998,25998
901,828,1,11,16:24:33,30.040,30040
901,817,1,12,16:25:46,24.709,24709
901,13,1,12,16:26:05,24.637,24637
901,154,1,12,16:26:14,25.046,25046
901,20,1,13,16:27:33,24.432,24432
901,18,1,13,16:27:49,24.841,24841
901,3,1,14,16:29:15,24.723,24723
901,822,1,14,16:29:48,25.020,25020
901,1,1,15,16:30:55,24.604,24604
901,155,1,15,16:31:53,27.124,27124
901,807,1,16,16:33:07,25.336,25336
901,818,2,17,16:36:11,26.598,26598
901,8,2,18,16:37:53,24.417,24417
901,826,2,22,16:44:37,27.473,27473
901,821,2,23,16:46:42,26.325,26325
901,825,2,24,16:48:18,30.661,30661
901,16,2,24,16:48:28,25.493,25493
901,18,2,25,16:49:48,24.524,24524
901,154,2,25,16:50:09,25.596,25596
901,828,2,26,16:52:40,26.515,26515
901,4,2,27,16:53:03,24.222,24222
901,13,2,27,16:53:28,24.577,24577
901,820,2,27,16:54:31,29.210,29210
901,817,2,28,16:54:45,24.775,24775
901,822,2,29,16:57:09,24.964,24964
901,20,2,31,17:00:00,24.728,24728
901,155,2,31,17:01:26,26.505,26505
901,3,2,32,17:01:43,25.287,25287
901,1,2,33,17:03:18,25.296,25296
901,807,2,34,17:05:38,24.887,24887
901,826,3,34,17:06:44,25.289,25289
901,8,3,34,17:07:07,24.246,24246
901,828,3,38,17:15:01,26.030,26030
901,18,3,39,17:15:13,25.028,25028
901,825,3,39,17:15:37,24.415,24415
901,817,3,40,17:16:28,1:49.329,109329
901,154,3,40,17:17:34,25.735,25735
901,4,3,42,17:20:04,24.641,24641
901,820,3,41,17:20:31,27.828,27828
901,13,3,42,17:20:35,24.526,24526
901,817,4,42,17:22:17,34.697,34697
901,822,3,44,17:24:12,24.498,24498
901,817,5,44,17:26:23,34.480,34480
901,20,3,49,17:32:08,25.186,25186
901,3,3,50,17:33:47,24.654,24654
901,1,3,51,17:35:18,24.484,24484
902,818,1,1,18:06:44,33.895,33895
902,16,1,7,18:16:37,25.293,25293
902,822,1,10,18:21:24,25.040,25040
902,826,1,10,18:21:32,26.064,26064
902,824,1,10,18:21:44,25.756,25756
902,828,1,11,18:23:34,25.367,25367
902,820,1,11,18:23:35,25.858,25858
902,4,1,12,18:24:52,25.770,25770
902,821,1,12,18:25:08,25.543,25543
902,13,1,13,18:26:30,24.528,24528
902,8,1,13,18:26:37,25.009,25009
902,154,1,13,18:26:50,25.192,25192
902,824,2,13,18:27:52,29.729,29729
902,825,1,14,18:28:29,24.611,24611
902,16,2,13,18:29:29,40.747,40747
902,818,2,14,18:29:48,25.897,25897
902,807,1,15,18:29:59,24.757,24757
902,155,1,15,18:30:29,27.124,27124
902,815,1,16,18:31:38,24.697,24697
902,20,1,16,18:31:48,24.964,24964
902,18,1,17,18:33:25,24.476,24476
902,817,1,18,18:35:12,24.706,24706
902,1,1,19,18:36:24,24.687,24687
902,813,1,19,18:37:12,25.395,25395
902,824,3,18,18:37:15,18.989,18989
902,3,1,21,18:39:48,24.851,24851
902,826,2,24,18:45:46,25.340,25340
902,822,2,25,18:47:07,25.068,25068
902,825,2,25,18:47:29,24.559,24559
902,828,2,26,18:49:57,25.819,25819
902,821,2,27,18:51:10,25.633,25633
902,13,2,28,18:52:16,25.896,25896
902,4,2,28,18:52:21,24.576,24576
902,154,2,28,18:52:44,25.032,25032
902,820,2,28,18:53:21,27.233,27233
902,824,4,31,19:00:23,25.866,25866
902,8,2,33,19:01:01,25.415,25415
902,815,2,34,19:02:23,24.737,24737
902,20,2,34,19:02:35,26.186,26186
902,807,2,35,19:04:06,24.440,24440
902,18,2,35,19:04:08,25.245,25245
902,817,2,35,19:04:23,24.816,24816
902,155,2,35,19:05:19,26.628,26628
902,154,3,37,19:08:17,25.693,25693
902,13,3,38,19:09:23,24.575,24575
902,825,3,38,19:09:48,25.572,25572
902,813,2,39,19:11:30,26.440,26440
902,826,3,39,19:11:36,25.345,25345
902,822,3,40,19:12:44,25.980,25980
902,1,2,41,19:13:29,25.146,25146
902,3,2,41,19:13:42,24.907,24907
902,813,3,40,19:13:51,34.249,34249
902,820,3,40,19:14:34,25.981,25981
902,4,3,41,19:14:50,24.493,24493
902,8,3,41,19:15:09,24.453,24453
902,824,5,40,19:16:59,25.383,25383
902,813,4,47,19:27:48,32.874,32874
903,18,1,7,15:16:33,22.408,22408
903,154,1,9,15:19:58,23.213,23213
903,13,1,10,15:21:37,1:18.277,78277
903,8,1,10,15:21:45,22.994,22994
903,815,1,10,15:21:51,22.914,22914
903,828,1,10,15:22:18,23.677,23677
903,4,1,11,15:23:16,22.776,22776
903,807,1,11,15:23:24,23.438,23438
903,155,1,11,15:23:49,24.883,24883
903,813,1,11,15:23:51,24.010,24010
903,824,1,11,15:23:56,24.784,24784
903,20,1,12,15:25:00,22.570,22570
903,822,1,12,15:25:09,24.780,24780
903,820,1,12,15:25:48,23.781,23781
903,3,1,13,15:26:51,23.277,23277
903,826,1,14,15:28:56,23.521,23521
903,821,1,14,15:29:04,22.988,22988
903,817,1,15,15:30:17,23.186,23186
903,818,1,15,15:30:46,24.119,24119
903,1,1,17,15:33:31,22.968,22968
903,825,1,17,15:34:28,23.670,23670
903,821,2,27,15:52:18,23.252,23252
903,828,2,27,15:53:08,23.730,23730
903,18,2,28,15:53:59,22.548,22548
903,824,2,28,15:54:28,24.320,24320
903,815,2,30,15:57:11,23.636,23636
903,155,2,30,15:57:59,25.402,25402
903,807,2,31,15:58:34,22.764,22764
903,822,2,31,15:58:35,23.639,23639
903,8,2,31,15:58:50,23.291,23291
903,826,2,31,15:59:08,23.628,23628
903,825,2,31,15:59:19,22.579,22579
903,13,2,31,15:59:50,23.830,23830
903,818,2,32,16:00:58,24.417,24417
903,813,2,32,16:01:12,23.022,23022
903,4,2,33,16:01:40,22.947,22947
903,820,2,32,16:01:49,23.878,23878
903,20,2,34,16:03:40,22.246,22246
903,3,2,37,16:08:37,23.089,23089
903,817,2,37,16:08:42,22.498,22498
903,1,2,38,16:09:59,23.999,23999
903,821,3,40,16:15:29,22.734,22734
903,155,3,40,16:15:53,24.722,24722
903,828,3,42,16:20:02,23.969,23969
903,820,3,48,16:30:26,23.886,23886
904,20,1,12,14:22:29,21.974,21974
904,817,1,14,14:25:18,21.969,21969
904,154,1,15,14:26:57,22.126,22126
904,13,1,15,14:27:02,22.890,22890
904,813,1,15,14:27:21,27.851,27851
904,4,1,16,14:28:34,21.970,21970
904,818,1,16,14:28:57,22.976,22976
904,8,1,17,14:30:07,22.056,22056
904,807,1,17,14:30:13,22.355,22355
904,18,1,17,14:30:19,21.810,21810
904,16,1,17,14:30:29,28.013,28013
904,820,1,17,14:30:46,24.337,24337
904,1,1,18,14:31:07,22.951,22951
904,815,1,18,14:31:48,22.367,22367
904,826,1,18,14:31:51,22.703,22703
904,821,1,18,14:32:02,23.063,23063
904,828,1,18,14:32:30,23.091,23091
904,825,1,19,14:33:31,21.894,21894
904,822,1,20,14:34:39,22.824,22824
904,3,1,21,14:35:43,22.254,22254
904,824,1,21,14:37:01,22.928,22928
904,155,1,23,14:40:18,22.789,22789
904,13,2,28,14:47:33,22.381,22381
904,820,2,31,14:53:03,23.232,23232
904,20,2,33,14:55:18,21.599,21599
904,154,2,34,14:56:49,22.078,22078
904,4,2,35,14:58:14,22.014,22014
904,16,2,35,14:58:53,23.378,23378
904,807,2,36,14:59:56,22.724,22724
904,18,2,36,15:00:01,24.408,24408
904,826,2,36,15:00:07,22.841,22841
904,821,2,36,15:00:25,24.780,24780
904,815,2,37,15:01:31,22.282,22282
904,813,2,37,15:01:54,22.024,22024
904,828,2,40,15:07:44,26.671,26671
904,825,2,41,15:07:56,21.768,21768
904,824,2,41,15:08:45,22.568,22568
904,1,2,43,15:09:35,23.590,23590
904,8,2,43,15:10:34,22.727,22727
904,820,3,42,15:10:46,23.586,23586
904,3,2,45,15:12:42,22.309,22309
904,817,2,45,15:13:16,21.830,21830
904,822,2,45,15:13:31,22.701,22701
904,13,3,46,15:15:37,22.304,22304
904,20,3,52,15:24:24,21.608,21608
904,821,3,52,15:25:31,23.025,23025
904,4,3,53,15:25:53,21.664,21664
904,826,3,53,15:26:38,22.984,22984
905,154,1,1,14:04:54,26.312,26312
905,16,1,1,14:04:55,33.207,33207
905,20,1,4,14:10:25,1:06.065,66065
905,154,2,23,14:37:00,25.029,25029
905,820,1,24,14:38:19,33.074,33074
905,18,1,25,14:38:59,25.992,25992
905,821,1,25,14:39:10,25.906,25906
905,155,1,25,14:39:30,25.421,25421
905,824,1,25,14:39:30,32.658,32658
905,3,1,26,14:39:54,24.672,24672
905,1,1,26,14:40:01,27.509,27509
905,828,1,25,14:40:02,28.091,28091
905,8,1,26,14:40:06,25.282,25282
905,817,1,26,14:40:07,26.584,26584
905,4,1,26,14:40:12,26.499,26499
905,825,1,26,14:40:29,28.943,28943
905,818,1,26,14:40:32,25.444,25444
905,807,1,26,14:40:36,25.714,25714
905,822,1,26,14:40:41,25.595,25595
905,8,2,28,14:44:21,25.684,25684
905,820,2,27,14:44:22,37.352,37352
905,818,2,37,14:57:54,19.385,19385
905,13,1,45,15:08:42,24.264,24264
905,828,2,51,15:17:37,25.585,25585
905,155,2,62,15:34:01,25.116,25116
905,820,3,66,15:40:58,26.137,26137
905,8,3,73,15:47:37,31.896,31896
906,821,1,1,14:05:32,24.370,24370
906,821,2,2,14:07:36,24.768,24768
906,154,1,11,14:23:03,23.943,23943
906,817,1,13,14:25:36,23.606,23606
906,822,1,14,14:26:56,23.448,23448
906,18,1,14,14:27:05,23.493,23493
906,20,1,15,14:28:14,23.904,23904
906,13,1,15,14:28:20,27.949,27949
906,818,1,15,14:28:22,24.433,24433
906,825,1,15,14:28:30,23.479,23479
906,16,1,15,14:28:33,23.703,23703
906,4,1,16,14:29:44,23.932,23932
906,8,1,17,14:31:08,23.925,23925
906,3,1,18,14:32:06,23.882,23882
906,1,1,19,14:33:29,24.417,24417
906,826,1,29,14:47:47,25.235,25235
906,821,3,32,14:52:08,24.403,24403
906,815,1,34,14:54:04,23.907,23907
906,822,2,35,14:55:26,24.491,24491
906,20,2,36,14:56:46,23.340,23340
906,817,2,37,14:58:06,23.274,23274
906,18,2,38,14:59:46,25.050,25050
906,818,2,39,15:01:02,23.975,23975
906,8,2,39,15:01:06,24.221,24221
906,16,2,40,15:02:56,24.068,24068
906,807,1,41,15:03:27,23.902,23902
906,3,2,44,15:07:09,25.102,25102
906,4,2,44,15:07:33,23.790,23790
906,1,2,45,15:08:31,23.554,23554
906,825,2,45,15:09:13,23.907,23907
906,154,2,46,15:10:53,23.856,23856
906,826,2,46,15:10:54,25.698,25698
906,13,2,48,15:12:49,24.012,24012
907,154,1,3,14:07:00,21.884,21884
907,818,1,8,14:13:14,22.232,22232
907,807,1,9,14:14:26,21.920,21920
907,825,1,10,14:15:40,21.670,21670
907,826,1,10,14:15:42,21.906,21906
907,817,1,10,14:15:42,21.467,21467
907,3,1,11,14:16:41,21.474,21474
907,16,1,11,14:17:03,22.960,22960
907,821,1,12,14:18:21,55.222,55222
907,1,1,13,14:19:10,22.226,22226
907,13,1,14,14:20:24,21.896,21896
907,4,1,14,14:20:35,21.234,21234
907,155,1,14,14:21:00,22.480,22480
907,822,1,15,14:21:40,21.133,21133
907,8,1,15,14:22:00,21.914,21914
907,20,1,20,14:29:37,21.381,21381
907,821,2,21,14:30:35,29.067,29067
907,813,1,26,14:36:02,23.343,23343
907,18,1,27,14:37:01,21.505,21505
907,154,2,27,14:37:37,24.212,24212
907,828,1,28,14:39:03,23.177,23177
907,815,1,29,14:39:23,23.770,23770
907,20,2,28,14:39:56,29.844,29844
907,820,1,37,14:50:48,22.977,22977
907,1,2,39,14:51:40,22.555,22555
907,807,2,39,14:52:03,22.246,22246
907,818,2,39,14:52:32,22.374,22374
907,3,2,40,14:52:50,21.664,21664
907,825,2,40,14:53:16,21.882,21882
907,822,2,41,14:54:08,22.208,22208
907,824,1,40,14:54:11,24.452,24452
907,13,2,43,14:56:41,22.096,22096
907,817,2,43,14:57:02,21.398,21398
907,16,2,43,14:57:38,22.449,22449
907,828,2,43,14:58:18,25.178,25178
907,8,2,44,14:58:20,21.618,21618
907,821,3,45,15:01:17,22.530,22530
907,4,2,47,15:01:38,21.276,21276
907,815,2,55,15:11:39,21.960,21960
907,813,2,56,15:13:32,22.612,22612
907,18,2,58,15:15:32,21.242,21242
908,820,2,2,14:09:26,23.154,23154
908,20,1,10,14:20:59,28.558,28558
908,826,1,14,14:27:58,28.700,28700
908,817,1,15,14:29:30,28.483,28483
908,3,1,18,14:33:49,28.329,28329
908,155,1,18,14:35:28,29.507,29507
908,16,1,23,14:43:21,29.956,29956
908,1,1,24,14:43:45,29.679,29679
908,4,1,25,14:46:13,34.410,34410
908,815,1,26,14:48:38,29.599,29599
908,813,1,26,14:48:44,28.831,28831
908,825,1,27,14:49:39,28.745,28745
908,818,1,27,14:50:07,30.218,30218
908,18,1,28,14:51:14,28.645,28645
908,807,1,29,14:53:24,29.579,29579
908,824,1,29,14:54:00,30.353,30353
908,155,2,29,14:54:55,29.540,29540
908,154,1,30,14:55:23,29.710,29710
908,822,1,31,14:55:58,29.104,29104
908,820,3,29,14:56:02,29.737,29737
908,20,2,33,14:59:34,28.787,28787
908,826,2,35,15:03:28,28.575,28575
908,1,2,41,15:12:01,29.291,29291
909,825,1,1,14:05:24,25.859,25859
909,828,1,3,14:08:42,27.495,27495
909,826,1,9,14:17:06,20.313,20313
909,4,1,12,14:20:59,19.174,19174
909,18,1,13,14:22:30,22.604,22604
909,817,1,13,14:22:38,19.050,19050
909,818,1,13,14:22:39,20.274,20274
909,20,1,14,14:23:46,19.607,19607
909,807,1,14,14:23:52,19.564,19564
909,815,1,14,14:24:04,21.802,21802
909,821,1,14,14:24:08,21.002,21002
909,3,1,15,14:24:57,20.055,20055
909,822,1,15,14:25:07,20.115,20115
909,155,1,15,14:25:55,20.121,20121
909,16,1,16,14:26:55,20.031,20031
909,820,1,16,14:27:18,23.883,23883
909,813,1,18,14:29:48,19.099,19099
909,828,2,18,14:30:40,19.890,19890
909,8,1,20,14:32:31,19.737,19737
909,824,1,20,14:32:49,20.031,20031
909,154,1,24,14:38:27,18.928,18928
909,1,1,26,14:40:40,19.710,19710
909,825,2,29,14:45:25,19.135,19135
909,18,2,31,14:47:51,18.916,18916
909,821,2,31,14:48:20,23.305,23305
909,16,2,32,14:49:41,19.638,19638
909,826,2,32,14:49:52,20.251,20251
909,155,2,32,14:50:24,20.092,20092
909,820,2,32,14:50:27,20.920,20920
909,4,2,33,14:50:28,19.032,19032
909,20,2,34,14:51:49,19.061,19061
909,8,2,34,14:52:22,19.867,19867
909,815,2,34,14:52:29,19.843,19843
909,817,2,35,14:53:27,19.358,19358
909,818,2,37,14:56:42,26.711,26711
909,813,2,38,14:58:08,19.126,19126
909,807,2,39,14:59:03,19.514,19514
909,822,2,40,14:59:58,20.206,20206
909,3,2,41,15:01:08,20.257,20257
909,1,2,42,15:02:54,19.918,19918
909,828,3,41,15:03:48,20.423,20423
909,20,3,45,15:07:09,18.879,18879
909,824,2,45,15:08:29,20.575,20575
909,817,3,46,15:08:49,18.868,18868
909,16,3,47,15:10:49,20.424,20424
909,820,3,47,15:11:56,20.632,20632
909,155,3,48,15:13:19,20.358,20358
909,818,3,49,15:13:46,20.431,20431
909,1,3,50,15:13:58,19.868,19868
909,821,3,50,15:15:08,19.779,19779
909,815,3,52,15:17:42,19.932,19932
909,825,3,53,15:18:59,19.427,19427
909,8,3,53,15:19:04,19.740,19740
909,4,3,55,15:21:01,19.308,19308
909,18,3,61,15:29:41,19.221,19221
910,18,1,8,14:17:29,26.737,26737
910,817,1,8,14:17:30,22.205,22205
910,807,1,8,14:17:33,24.040,24040
910,13,1,8,14:17:38,22.851,22851
910,818,1,8,14:17:39,23.809,23809
910,815,1,8,14:17:44,25.535,25535
910,821,1,8,14:17:46,24.050,24050
910,16,1,8,14:17:48,31.956,31956
910,1,1,8,14:17:49,23.800,23800
910,8,1,8,14:17:51,23.214,23214
910,154,1,8,14:17:53,23.979,23979
910,826,1,8,14:17:58,23.423,23423
910,155,1,8,14:18:04,34.086,34086
910,820,1,8,14:18:13,24.625,24625
910,813,1,8,14:18:14,22.376,22376
910,3,1,9,14:19:36,22.827,22827
910,822,1,9,14:19:37,25.497,25497
910,20,1,9,14:19:37,22.170,22170
910,4,1,9,14:19:38,22.253,22253
910,824,1,9,14:19:52,22.892,22892
910,18,2,15,14:32:05,22.807,22807
910,825,1,15,14:32:11,23.546,23546
910,813,2,17,14:35:49,32.608,32608
910,824,2,17,14:35:56,25.504,25504
910,817,2,23,14:44:24,23.741,23741
910,13,2,23,14:44:30,22.111,22111
910,822,2,23,14:44:48,22.518,22518
910,826,2,30,14:57:13,22.202,22202
910,3,2,32,15:00:00,23.864,23864
910,20,2,33,15:01:35,21.608,21608
910,818,2,34,15:03:00,23.123,23123
910,18,3,37,15:07:38,22.211,22211
910,4,2,38,15:08:47,21.634,21634
910,1,2,39,15:10:18,23.364,23364
910,16,2,39,15:10:43,22.500,22500
910,825,2,39,15:10:44,21.812,21812
910,8,2,41,15:13:31,22.154,22154
910,824,3,42,15:15:42,24.226,24226
910,813,3,43,15:16:53,21.818,21818
910,13,3,45,15:19:26,22.278,22278
910,820,2,45,15:20:20,23.232,23232
910,817,3,54,15:32:30,22.273,22273
910,3,3,56,15:35:44,22.001,22001
910,822,3,59,15:40:29,22.589,22589
911,154,1,1,14:06:17,29.256,29256
911,824,1,1,14:06:49,25.362,25362
911,1,1,2,14:08:41,25.580,25580
911,3,1,8,14:19:40,29.997,29997
911,8,1,8,14:19:44,22.858,22858
911,815,1,9,14:21:49,24.104,24104
911,13,1,9,14:21:55,23.945,23945
911,20,1,10,14:23:35,22.800,22800
911,826,1,10,14:23:49,24.082,24082
911,807,1,10,14:23:52,23.823,23823
911,817,1,11,14:25:27,22.913,22913
911,825,1,11,14:25:37,23.115,23115
911,16,1,11,14:25:53,23.755,23755
911,828,1,11,14:26:12,24.083,24083
911,820,1,11,14:26:13,23.734,23734
911,822,1,12,14:27:28,22.769,22769
911,4,1,12,14:27:29,28.920,28920
911,18,1,13,14:29:34,22.800,22800
911,154,2,13,14:30:15,22.838,22838
911,821,1,14,14:31:51,23.259,23259
911,818,1,15,14:33:42,23.571,23571
911,1,2,17,14:38:06,23.066,23066
911,3,2,19,14:41:14,22.936,22936
911,8,2,21,14:44:58,22.819,22819
911,13,2,21,14:45:39,24.083,24083
911,16,2,21,14:45:40,23.779,23779
911,20,2,22,14:46:57,22.731,22731
911,815,2,22,14:47:17,22.977,22977
911,825,2,23,14:49:03,22.414,22414
911,824,2,23,14:50:34,23.918,23918
911,826,2,24,14:51:10,24.436,24436
911,828,2,24,14:52:11,24.213,24213
911,4,2,25,14:52:56,22.974,22974
911,817,2,27,14:56:18,22.675,22675
911,154,3,27,14:57:40,24.569,24569
911,822,2,28,14:58:29,23.176,23176
911,18,2,29,15:00:43,22.588,22588
911,818,2,29,15:01:07,23.202,23202
911,820,2,29,15:02:05,24.873,24873
911,807,2,30,15:02:51,23.841,23841
911,821,2,30,15:03:10,22.898,22898
911,1,3,31,15:05:18,24.757,24757
911,3,3,34,15:09:54,23.392,23392
911,20,3,34,15:10:16,23.190,23190
911,16,3,34,15:10:53,23.732,23732
911,13,3,35,15:12:42,23.224,23224
912,821,1,9,14:17:44,26.376,26376
912,20,1,18,14:31:00,25.176,25176
912,815,1,19,14:32:34,24.938,24938
912,807,1,19,14:32:44,25.547,25547
912,8,1,20,14:34:06,24.547,24547
912,154,1,20,14:34:42,25.098,25098
912,825,1,21,14:35:33,24.214,24214
912,4,1,21,14:35:34,24.913,24913
912,813,1,21,14:35:52,24.223,24223
912,18,1,22,14:37:04,24.669,24669
912,155,1,22,14:37:42,25.277,25277
912,13,1,23,14:38:19,24.323,24323
912,3,1,24,14:39:36,24.583,24583
912,822,1,24,14:40:01,24.991,24991
912,818,1,24,14:40:20,25.046,25046
912,16,1,24,14:40:40,26.864,26864
912,1,1,25,14:41:07,24.453,24453
912,817,1,26,14:43:11,24.388,24388
912,824,1,27,14:45:35,26.641,26641
912,826,1,30,14:49:25,24.651,24651
912,828,1,30,14:50:45,28.685,28685
912,821,2,36,14:59:03,25.693,25693
912,821,3,49,15:19:29,26.849,26849
913,818,2,24,20:50:42,35.309,35309
913,16,2,24,20:51:16,29.748,29748
913,20,2,25,20:52:01,28.733,28733
913,8,2,25,20:52:18,29.164,29164
913,807,2,25,20:52:46,29.362,29362
913,1,2,26,20:53:42,31.040,31040
913,825,2,26,20:54:35,28.841,28841
913,817,2,27,20:55:55,29.113,29113
913,815,2,29,21:00:56,29.502,29502
913,154,3,30,21:02:56,29.761,29761
913,813,3,30,21:03:14,29.363,29363
913,815,3,30,21:03:37,35.289,35289
913,824,2,30,21:03:38,29.885,29885
913,4,3,31,21:04:03,28.991,28991
913,828,2,30,21:04:09,30.364,30364
913,18,2,31,21:04:39,28.627,28627
913,8,3,31,21:04:42,30.194,30194
913,807,3,31,21:05:18,30.415,30415
913,16,3,31,21:06:15,30.672,30672
913,813,4,31,21:06:18,29.655,29655
913,820,3,41,21:28:56,29.877,29877
913,826,3,43,21:32:14,31.092,31092
913,818,3,44,21:34:02,30.111,30111
913,815,4,44,21:34:11,29.339,29339
913,824,3,45,21:36:16,29.752,29752
913,825,3,46,21:37:54,28.706,28706
913,1,3,52,21:48:32,29.284,29284
913,16,1,8,20:19:52,29.887,29887
913,807,1,9,20:21:39,29.987,29987
913,13,1,10,20:23:21,29.578,29578
913,826,1,10,20:23:35,30.089,30089
913,154,1,10,20:23:40,29.322,29322
913,8,1,11,20:25:15,29.702,29702
913,822,1,11,20:25:21,30.340,30340
913,818,1,11,20:25:26,29.806,29806
913,813,1,11,20:25:40,29.960,29960
913,20,1,12,20:26:56,30.147,30147
913,4,1,12,20:27:01,28.912,28912
913,817,1,12,20:27:04,29.761,29761
913,828,1,12,20:28:03,30.144,30144
913,1,1,13,20:28:41,29.422,29422
913,825,1,13,20:29:15,28.684,28684
913,18,1,14,20:31:07,28.641,28641
913,815,1,15,20:33:27,29.979,29979
913,821,1,15,20:33:38,33.679,33679
913,824,1,15,20:33:44,30.413,30413
913,820,1,16,20:36:06,30.751,30751
913,820,2,18,20:40:34,37.975,37975
913,13,2,22,20:46:35,29.006,29006
913,154,2,22,20:47:09,29.040,29040
913,822,2,23,20:48:37,28.880,28880
913,826,2,23,20:49:04,30.188,30188
913,813,2,23,20:49:20,29.036,29036
913,4,2,24,20:50:06,28.810,28810
914,3,1,2,15:06:10,18:56.516,1136516
914,1,1,2,15:06:11,18:57.295,1137295
914,822,1,2,15:06:13,18:56.994,1136994
914,13,1,2,15:06:15,18:56.594,1136594
914,4,1,2,15:06:17,18:57.051,1137051
914,817,1,2,15:06:20,18:55.520,1135520
914,825,1,2,15:06:21,18:55.891,1135891
914,18,1,2,15:06:23,18:56.054,1136054
914,20,1,2,15:06:26,18:54.978,1134978
914,8,1,2,15:06:28,18:55.276,1135276
914,815,1,2,15:06:30,18:55.712,1135712
914,826,1,2,15:06:33,18:54.529,1134529
914,807,1,2,15:06:35,18:56.562,1136562
914,16,1,2,15:06:37,18:55.797,1135797
914,821,1,2,15:06:39,18:54.553,1134553
914,154,1,2,15:06:42,18:53.680,1133680
914,824,1,2,15:06:44,18:53.708,1133708
914,155,1,2,15:06:47,18:53.381,1133381
914,818,1,2,15:06:50,18:56.557,1136557
914,820,1,2,15:06:52,18:55.937,1135937
914,813,1,2,15:07:03,18:47.145,1127145
914,828,1,2,15:07:18,18:33.851,1113851
914,18,2,9,15:44:19,24.532,24532
914,813,2,9,15:44:28,25.460,25460
914,822,2,11,15:48:14,24.465,24465
914,817,2,11,15:48:16,24.184,24184
914,825,2,11,15:48:17,24.550,24550
914,8,2,11,15:48:20,25.191,25191
914,815,2,11,15:48:20,24.971,24971
914,826,2,11,15:48:22,24.567,24567
914,821,2,11,15:48:25,24.873,24873
914,154,2,11,15:48:26,24.011,24011
914,155,2,11,15:48:28,28.656,28656
914,818,2,11,15:48:29,25.451,25451
914,828,2,11,15:48:34,31.187,31187
914,820,2,11,15:48:36,25.879,25879
914,13,2,12,15:50:12,24.374,24374
914,20,2,12,15:50:13,23.764,23764
914,807,2,12,15:50:17,24.696,24696
914,16,2,12,15:50:21,25.136,25136
914,3,2,13,15:51:49,23.696,23696
914,824,2,13,15:52:24,25.116,25116
914,1,2,14,15:53:43,23.891,23891
914,825,3,15,15:56:34,33.215,33215
914,818,3,19,16:04:37,24.353,24353
914,154,3,21,16:08:25,23.656,23656
914,16,3,22,16:10:19,24.407,24407
914,813,3,22,16:10:28,24.184,24184
914,8,3,23,16:12:06,32.466,32466
914,826,3,23,16:12:08,24.222,24222
914,820,3,23,16:12:57,25.278,25278
914,824,3,24,16:14:29,24.910,24910
914,815,3,25,16:16:02,24.622,24622
914,828,3,25,16:16:32,25.977,25977
914,807,3,26,16:17:49,23.873,23873
914,155,3,26,16:18:42,25.635,25635
914,20,3,29,16:22:58,23.443,23443
914,18,3,31,16:26:40,28.547,28547
914,16,4,32,16:30:14,24.314,24314
914,3,3,33,16:30:17,24.862,24862
914,825,4,33,16:32:03,23.701,23701
914,821,3,34,16:33:51,26.943,26943
914,8,4,34,16:33:52,24.173,24173
914,154,4,34,16:33:58,23.745,23745
914,1,3,35,16:34:00,23.677,23677
914,817,3,36,16:36:14,25.607,25607
914,13,3,37,16:39:03,24.930,24930
914,822,3,38,16:40:55,25.052,25052
914,155,4,38,16:42:35,25.576,25576
914,826,4,39,16:43:18,26.554,26554
914,828,4,39,16:44:06,25.655,25655
914,155,5,39,16:45:03,24.907,24907
914,813,4,40,16:45:34,25.981,25981
914,825,5,40,16:45:43,24.361,24361
914,18,4,42,16:48:03,24.757,24757
914,807,4,43,16:51:01,24.792,24792
914,815,4,43,16:51:21,25.313,25313
914,8,5,43,16:51:48,24.768,24768
914,154,5,43,16:52:21,23.785,23785
915,3,1,1,15:05:38,33.820,33820
915,13,1,1,15:05:45,29.912,29912
915,820,1,4,15:11:25,31.374,31374
915,817,1,11,15:23:27,30.006,30006
915,16,1,12,15:25:38,30.733,30733
915,826,1,20,15:39:18,31.584,31584
915,154,1,20,15:39:40,30.037,30037
915,813,1,21,15:41:54,30.180,30180
915,18,1,22,15:42:24,29.994,29994
915,818,1,23,15:44:29,30.272,30272
915,807,1,24,15:46:32,30.096,30096
915,4,1,25,15:47:40,35.112,35112
915,815,1,25,15:48:06,29.876,29876
915,822,1,26,15:49:13,30.363,30363
915,825,1,26,15:49:27,29.736,29736
915,8,1,26,15:49:44,30.097,30097
915,1,1,27,15:50:40,30.503,30503
915,13,2,27,15:51:39,30.278,30278
915,828,1,27,15:52:14,31.020,31020
915,20,1,30,15:56:37,30.355,30355
915,826,2,37,16:09:35,30.321,30321
915,821,1,39,16:12:57,30.303,30303
915,828,2,43,16:21:18,30.760,30760
916,825,1,1,14:05:26,26.881,26881
916,807,1,1,14:05:32,33.427,33427
916,18,1,1,14:05:32,26.806,26806
916,821,1,1,14:05:34,25.007,25007
916,20,1,1,14:05:37,24.226,24226
916,20,2,2,14:08:25,23.909,23909
916,13,1,14,14:30:44,24.488,24488
916,817,1,14,14:30:46,24.040,24040
916,3,1,15,14:32:19,24.433,24433
916,822,1,15,14:32:30,24.151,24151
916,813,1,15,14:32:45,29.734,29734
916,818,1,15,14:32:46,30.158,30158
916,1,1,16,14:34:07,24.368,24368
916,4,1,16,14:34:26,24.601,24601
916,154,1,16,14:34:33,24.688,24688
916,8,1,17,14:36:16,24.131,24131
916,821,2,20,14:42:01,31.198,31198
916,826,1,21,14:43:32,24.995,24995
916,20,3,26,14:52:33,23.799,23799
916,825,2,27,14:54:14,24.497,24497
916,18,2,28,14:56:05,23.546,23546
916,154,2,29,14:57:45,23.802,23802
916,818,2,29,14:57:50,24.553,24553
916,822,2,30,14:58:59,24.283,24283
916,817,2,31,15:00:38,24.356,24356
916,13,2,32,15:02:21,25.456,25456
916,1,2,33,15:03:57,24.244,24244
916,3,2,34,15:05:43,24.513,24513
916,813,2,35,15:08:22,24.468,24468
916,821,3,40,15:17:42,24.726,24726
916,826,2,41,15:18:59,24.189,24189
916,8,2,42,15:20:41,23.872,23872
916,4,2,43,15:22:10,24.133,24133
916,20,4,48,15:31:17,23.948,23948
916,826,3,51,15:36:52,26.541,26541
916,8,3,52,15:38:29,24.226,24226
917,813,1,4,14:08:39,23.753,23753
917,13,1,5,14:09:42,23.220,23220
917,815,1,5,14:09:55,23.467,23467
917,822,1,6,14:11:00,23.294,23294
917,18,1,6,14:11:00,23.018,23018
917,20,1,6,14:11:07,23.808,23808
917,3,1,7,14:12:10,23.730,23730
917,825,1,7,14:12:21,23.061,23061
917,4,1,7,14:12:23,23.278,23278
917,817,1,7,14:12:24,23.141,23141
917,1,1,8,14:13:27,23.351,23351
917,821,1,8,14:13:43,23.661,23661
917,8,1,8,14:13:44,23.427,23427
917,818,1,9,14:15:04,23.782,23782
917,807,1,16,14:24:01,23.554,23554
917,826,1,18,14:26:39,25.001,25001
917,16,1,18,14:26:52,29.465,29465
917,20,2,24,14:34:28,23.195,23195
917,154,1,24,14:34:30,25.591,25591
917,13,2,25,14:35:32,30.084,30084
917,815,2,25,14:35:57,22.997,22997
917,3,2,26,14:36:33,23.346,23346
917,822,2,26,14:36:50,35.284,35284
917,825,2,26,14:36:58,24.190,24190
917,18,2,27,14:38:10,22.620,22620
917,817,2,27,14:38:18,22.871,22871
917,821,2,27,14:38:26,24.267,24267
917,818,2,27,14:38:30,24.408,24408
917,813,2,27,14:38:36,22.865,22865
917,1,2,28,14:39:09,24.224,24224
917,4,2,28,14:39:32,23.134,23134
917,8,2,35,14:48:30,27.934,27934
917,807,2,36,14:49:47,23.323,23323
917,826,2,38,14:52:30,24.385,24385
917,16,2,39,14:54:06,24.302,24302
917,154,2,40,14:55:19,23.023,23023
917,822,3,42,14:57:48,26.463,26463
917,813,3,45,15:01:47,23.090,23090
917,818,3,46,15:03:02,24.002,24002
917,825,3,47,15:03:59,24.131,24131
917,815,3,47,15:04:19,30.067,30067
917,20,3,48,15:05:05,22.746,22746
917,821,3,48,15:05:32,23.418,23418
917,3,3,50,15:06:59,23.240,23240
917,16,3,49,15:07:08,24.853,24853
917,13,3,50,15:07:25,26.918,26918
917,18,3,50,15:07:33,23.383,23383
917,1,3,51,15:08:16,22.874,22874
917,4,3,52,15:10:12,23.077,23077
917,826,3,59,15:19:23,24.726,24726
917,154,3,59,15:19:41,23.197,23197
917,807,3,60,15:20:21,23.411,23411
918,154,1,1,17:05:39,16.120,16120
918,4,1,5,17:12:48,21.619,21619
918,16,1,5,17:13:03,22.491,22491
918,18,1,6,17:14:36,22.627,22627
918,826,1,6,17:14:38,24.169,24169
918,8,1,6,17:14:41,21.546,21546
918,821,1,7,17:16:39,23.128,23128
918,813,1,7,17:16:42,21.998,21998
918,154,2,8,17:18:40,21.699,21699
918,1,1,10,17:21:35,21.885,21885
918,822,1,10,17:21:52,21.661,21661
918,3,1,11,17:23:26,21.741,21741
918,13,1,13,17:27:05,22.054,22054
918,818,1,13,17:27:37,22.919,22919
918,815,1,14,17:29:24,22.031,22031
918,829,1,14,17:30:04,24.144,24144
918,807,1,15,17:31:09,27.445,27445
918,155,1,15,17:31:40,24.421,24421
918,825,1,21,17:42:16,22.087,22087
918,20,1,21,17:42:18,23.094,23094
918,154,3,21,17:42:47,21.574,21574
918,16,2,22,17:44:35,22.277,22277
918,8,2,26,17:51:27,22.206,22206
918,817,1,27,17:52:58,21.747,21747
918,4,2,27,17:53:14,22.068,22068
918,18,2,28,17:55:03,22.042,22042
918,821,2,28,17:55:32,23.270,23270
918,825,2,29,17:57:15,21.623,21623
918,818,2,30,17:58:48,22.761,22761
918,1,2,31,17:59:40,21.887,21887
918,3,2,34,18:05:35,24.083,24083
918,822,2,35,18:07:17,22.015,22015
918,155,2,36,18:10:43,22.426,22426
918,807,2,37,18:11:24,21.642,21642
918,16,3,37,18:12:07,22.227,22227
918,829,2,37,18:13:03,23.545,23545
918,815,2,41,18:18:37,22.325,22325
918,13,2,43,18:21:15,22.040,22040
918,818,3,44,18:24:19,22.348,22348
918,20,2,46,18:27:33,21.611,21611
918,817,2,47,18:28:55,21.582,21582
926,828,1,1,16:05:59,22.681,22681
926,8,1,16,16:31:07,27.465,27465
926,13,1,21,16:38:38,22.062,22062
926,807,1,21,16:39:11,22.137,22137
926,817,1,23,16:42:09,22.535,22535
926,20,1,24,16:43:16,22.694,22694
926,832,1,24,16:43:48,55.789,55789
926,1,1,25,16:44:32,22.295,22295
926,831,1,25,16:45:12,22.933,22933
926,3,1,26,16:46:11,22.105,22105
926,828,2,26,16:47:15,23.254,23254
926,18,1,27,16:49:15,23.353,23353
926,830,1,32,16:56:30,23.532,23532
926,815,1,38,17:06:52,26.009,26009
926,8,2,40,17:08:30,22.405,22405
926,828,3,43,17:14:28,22.353,22353
926,807,2,44,17:15:43,21.612,21612
927,813,1,1,15:06:15,37.289,37289
927,831,1,2,15:07:27,33.918,33918
927,8,1,2,15:08:04,27.285,27285
927,1,1,4,15:11:07,26.094,26094
927,3,1,4,15:11:11,33.689,33689
927,817,1,4,15:11:13,26.714,26714
927,13,1,4,15:11:16,25.831,25831
927,826,1,4,15:11:17,30.463,30463
927,830,1,4,15:11:22,29.516,29516
927,822,1,4,15:11:24,30.154,30154
927,4,1,4,15:11:32,25.222,25222
927,18,1,4,15:11:38,33.027,33027
927,833,1,5,15:14:03,27.540,27540
927,832,1,14,15:30:50,25.126,25126
927,8,2,14,15:30:53,24.744,24744
927,807,1,15,15:32:38,25.826,25826
927,154,1,15,15:32:40,24.377,24377
927,20,1,17,15:35:47,23.996,23996
927,815,1,17,15:36:31,25.268,25268
927,817,2,18,15:38:11,25.604,25604
927,813,2,18,15:38:27,37.394,37394
927,830,2,20,15:41:45,25.655,25655
927,831,2,20,15:42:00,25.741,25741
927,826,2,21,15:43:36,24.781,24781
927,18,2,21,15:43:48,25.581,25581
927,833,2,22,15:46:29,27.004,27004
927,1,2,24,15:48:25,24.595,24595
927,13,2,24,15:48:49,24.788,24788
927,822,2,25,15:50:42,24.432,24432
927,3,2,26,15:52:07,24.574,24574
927,154,2,26,15:52:37,24.621,24621
927,831,3,30,16:00:16,25.331,25331
927,807,2,31,16:02:02,25.047,25047
927,832,2,32,16:03:31,25.165,25165
927,813,3,33,16:05:48,24.276,24276
927,8,3,34,16:06:41,24.653,24653
927,817,3,34,16:07:16,25.393,25393
927,154,3,34,16:07:29,26.014,26014
927,815,2,35,16:09:15,35.776,35776
927,18,3,35,16:09:16,25.846,25846
927,20,2,37,16:11:15,25.092,25092
927,1,3,38,16:13:14,24.179,24179
927,13,3,38,16:13:54,26.971,26971
927,826,3,39,16:16:13,26.149,26149
927,822,3,40,16:17:30,25.002,25002
927,830,3,40,16:17:48,24.768,24768
927,3,3,41,16:18:40,24.336,24336
927,831,4,43,16:23:49,25.204,25204
927,833,3,42,16:24:30,29.202,29202
927,807,3,44,16:25:34,35.351,35351
928,831,1,10,14:21:26,23.409,23409
928,813,1,11,14:23:09,22.470,22470
928,815,1,11,14:23:19,22.829,22829
928,154,1,12,14:24:52,23.421,23421
928,830,1,12,14:24:59,24.256,24256
928,4,1,12,14:25:14,23.238,23238
928,20,1,13,14:26:23,22.488,22488
928,13,1,13,14:26:33,23.145,23145
928,1,1,14,14:28:00,22.645,22645
928,822,1,14,14:28:20,23.084,23084
928,828,1,14,14:28:36,23.846,23846
928,817,1,14,14:28:38,22.635,22635
928,18,1,14,14:28:51,23.936,23936
928,3,1,15,14:29:48,22.483,22483
928,8,1,15,14:29:55,22.818,22818
928,829,1,16,14:32:55,24.132,24132
928,833,1,17,14:34:51,25.938,25938
928,832,1,19,14:37:55,23.795,23795
928,815,2,26,14:50:03,23.338,23338
928,20,2,30,14:56:09,22.444,22444
928,828,2,30,14:57:12,24.589,24589
928,3,2,31,14:57:50,22.829,22829
928,831,2,31,14:58:53,23.732,23732
928,154,2,32,15:00:30,23.605,23605
928,830,2,32,15:00:35,23.258,23258
928,18,2,32,15:00:57,23.273,23273
928,1,2,33,15:01:11,22.235,22235
928,813,2,33,15:02:42,22.899,22899
928,8,2,34,15:03:09,22.453,22453
928,13,2,34,15:03:37,23.317,23317
928,822,2,35,15:05:28,23.582,23582
928,4,2,35,15:06:28,23.345,23345
928,817,2,36,15:07:45,22.897,22897
928,829,2,38,15:13:29,24.054,24054
928,832,2,39,15:14:00,23.424,23424
928,815,3,41,15:16:42,23.144,23144
928,833,2,40,15:17:19,24.088,24088
928,813,3,48,15:29:49,17.912,17912
929,830,1,6,18:14:10,39.338,39338
929,807,1,10,18:20:48,26.652,26652
929,831,1,10,18:20:56,25.459,25459
929,13,1,10,18:20:57,24.894,24894
929,813,1,10,18:20:58,30.426,30426
929,828,1,11,18:22:33,26.045,26045
929,832,1,11,18:22:40,32.647,32647
929,154,1,12,18:24:12,24.735,24735
929,20,1,13,18:25:38,24.509,24509
929,4,1,13,18:26:08,25.370,25370
929,3,1,14,18:27:16,25.311,25311
929,822,1,14,18:27:28,25.293,25293
929,817,1,14,18:27:29,25.723,25723
929,1,1,15,18:28:52,25.791,25791
929,826,1,15,18:29:32,25.421,25421
929,8,1,17,18:32:23,24.773,24773
929,815,1,17,18:32:51,25.573,25573
929,833,1,18,18:35:44,25.834,25834
929,829,1,19,18:37:18,26.103,26103
929,831,2,24,18:44:52,25.898,25898
929,13,2,24,18:44:53,25.017,25017
929,813,2,24,18:44:54,24.310,24310
929,828,2,25,18:46:26,49.162,49162
929,807,2,25,18:46:33,24.679,24679
929,832,2,29,18:53:43,26.593,26593
929,830,2,30,18:55:37,27.225,27225
929,154,2,31,18:56:32,25.259,25259
929,20,2,32,18:57:31,24.449,24449
929,1,2,33,18:59:01,24.528,24528
929,822,2,33,18:59:33,24.623,24623
929,3,2,34,19:00:48,25.418,25418
929,829,2,33,19:01:49,26.479,26479
929,826,2,34,19:01:53,24.692,24692
929,817,2,35,19:03:02,24.943,24943
929,4,2,35,19:03:51,24.878,24878
929,833,2,34,19:04:04,27.573,27573
929,20,3,36,19:04:29,33.921,33921
929,815,2,37,19:06:50,25.288,25288
929,828,3,37,19:07:13,26.042,26042
929,807,3,38,19:08:50,24.979,24979
929,8,2,40,19:10:55,24.547,24547
929,813,3,41,19:13:31,1:47.394,107394
929,831,3,41,19:13:54,26.210,26210
930,807,1,10,14:19:46,22.659,22659
930,826,1,11,14:21:18,22.667,22667
930,18,1,11,14:21:23,22.589,22589
930,831,1,12,14:22:55,22.677,22677
930,1,1,13,14:23:49,24.586,24586
930,817,1,13,14:24:18,22.440,22440
930,830,1,13,14:24:19,24.396,24396
930,20,1,14,14:25:21,21.762,21762
930,13,1,14,14:25:37,22.139,22139
930,813,1,14,14:25:48,24.976,24976
930,832,1,14,14:25:58,22.859,22859
930,3,1,15,14:26:45,21.870,21870
930,822,1,15,14:27:01,22.082,22082
930,154,1,15,14:27:28,23.309,23309
930,813,2,15,14:27:46,32.459,32459
930,829,1,16,14:29:49,24.687,24687
930,8,1,17,14:30:09,22.623,22623
930,833,1,17,14:31:33,24.631,24631
930,828,1,18,14:32:23,25.272,25272
930,815,1,19,14:33:59,22.468,22468
930,4,1,21,14:37:01,23.728,23728
930,807,2,26,14:45:13,22.534,22534
930,18,2,27,14:47:05,23.327,23327
930,833,2,30,14:53:03,23.070,23070
930,1,2,32,14:53:17,22.727,22727
930,13,2,32,14:53:41,22.629,22629
930,829,2,32,14:56:02,23.043,23043
930,815,2,36,15:01:03,22.426,22426
930,830,2,37,15:02:19,22.607,22607
930,826,2,38,15:03:48,22.273,22273
930,831,2,39,15:05:35,23.186,23186
930,20,2,40,15:05:38,21.836,21836
930,154,2,40,15:06:43,33.256,33256
930,8,2,41,15:07:35,21.789,21789
930,822,2,42,15:08:57,21.800,21800
930,817,2,42,15:09:42,24.884,24884
930,832,2,42,15:10:08,22.178,22178
930,813,3,43,15:12:01,22.575,22575
930,3,2,45,15:13:00,22.452,22452
930,18,3,44,15:13:49,24.066,24066
930,828,2,45,15:15:00,22.872,22872
930,13,3,47,15:17:04,22.257,22257
930,829,3,47,15:20:31,22.796,22796
930,807,3,49,15:21:24,22.545,22545
930,1,3,51,15:22:23,21.965,21965
930,833,3,49,15:24:15,24.200,24200
931,807,1,1,14:04:47,34.773,34773
931,13,1,1,14:05:03,42.934,42934
931,832,1,12,14:19:42,25.306,25306
931,822,1,14,14:22:23,24.641,24641
931,828,1,14,14:22:25,25.618,25618
931,154,1,17,14:26:21,25.077,25077
931,831,1,18,14:27:40,25.732,25732
931,826,1,28,14:40:43,25.119,25119
931,830,1,29,14:42:14,52.821,52821
931,807,2,31,14:46:02,24.758,24758
931,4,1,32,14:46:31,30.345,30345
931,829,1,33,14:50:20,28.606,28606
931,18,1,35,14:50:28,25.062,25062
931,20,1,36,14:51:19,24.851,24851
931,817,1,36,14:51:34,24.501,24501
931,815,1,36,14:51:43,24.733,24733
931,3,1,37,14:52:37,24.789,24789
931,833,1,35,14:52:53,27.554,27554
931,8,1,37,14:52:54,24.177,24177
931,1,1,38,14:53:49,24.181,24181
931,828,2,38,14:55:31,25.398,25398
931,13,2,39,14:58:08,24.970,24970
931,830,2,46,15:06:05,25.736,25736
931,822,2,56,15:19:50,24.412,24412
931,13,3,62,15:29:53,24.395,24395
931,815,2,64,15:29:57,25.119,25119
931,18,2,64,15:30:17,24.661,24661
931,1,2,65,15:30:51,25.495,25495
931,831,2,64,15:30:55,26.420,26420
931,817,2,65,15:31:26,24.244,24244
931,828,3,69,15:40:15,25.234,25234
932,18,1,1,14:04:39,18.057,18057
932,20,1,7,14:12:45,27.241,27241
932,813,1,17,14:25:56,23.660,23660
932,817,1,23,14:34:08,23.997,23997
932,815,1,24,14:35:26,23.453,23453
932,8,1,26,14:37:27,23.630,23630
932,831,1,26,14:38:33,24.795,24795
932,154,1,27,14:39:08,24.292,24292
932,826,1,27,14:39:23,23.681,23681
932,832,1,27,14:39:37,24.277,24277
932,822,1,28,14:40:10,25.541,25541
932,807,1,28,14:40:35,23.507,23507
932,828,1,28,14:40:57,24.149,24149
932,1,1,29,14:41:11,23.708,23708
932,3,1,30,14:42:33,23.321,23321
932,4,1,31,14:45:06,23.553,23553
932,20,2,35,14:50:00,23.945,23945
932,829,1,34,14:50:14,30.807,30807
932,833,1,35,14:51:40,26.986,26986
932,13,1,37,14:52:40,23.912,23912
932,830,1,39,14:55:43,36.105,36105
932,8,2,40,14:56:15,24.578,24578
932,18,2,44,15:03:06,25.374,25374
933,826,1,1,14:04:37,28.632,28632
933,828,1,2,14:06:56,30.232,30232
933,18,1,3,14:09:03,24.104,24104
933,18,2,6,14:14:39,28.727,28727
933,828,2,12,14:22:17,16.211,16211
933,154,1,23,14:35:38,22.016,22016
933,831,1,24,14:36:49,22.803,22803
933,807,1,25,14:37:53,21.685,21685
933,832,1,25,14:38:02,27.638,27638
933,822,1,26,14:39:05,22.777,22777
933,830,1,26,14:39:12,21.984,21984
933,3,1,33,14:47:13,21.768,21768
933,13,1,34,14:48:45,22.447,22447
933,1,1,35,14:49:40,21.869,21869
933,833,1,34,14:50:23,23.926,23926
933,20,1,36,14:51:04,31.882,31882
933,813,1,37,14:52:53,21.847,21847
933,815,1,38,14:54:06,26.689,26689
933,826,2,45,15:03:07,22.111,22111
933,828,3,45,15:04:13,22.449,22449
933,817,1,50,15:09:02,27.710,27710
934,4,1,1,13:05:14,1:11.178,71178
934,817,1,11,13:23:42,28.464,28464
934,832,1,12,13:25:22,29.393,29393
934,8,1,13,13:26:56,28.974,28974
934,20,1,14,13:28:38,28.946,28946
934,4,2,17,13:34:06,28.703,28703
934,826,1,18,13:35:17,28.347,28347
934,1,1,19,13:36:43,28.417,28417
934,807,1,19,13:36:56,28.558,28558
934,13,1,20,13:38:21,29.369,29369
934,3,1,20,13:38:22,28.393,28393
934,815,1,20,13:38:41,28.860,28860
934,817,2,20,13:39:28,43.240,43240
934,822,1,21,13:39:59,28.781,28781
934,828,1,23,13:43:56,29.598,29598
934,829,1,36,14:07:55,48.861,48861
934,833,1,36,14:08:22,34.672,34672
934,828,2,37,14:08:39,30.867,30867
934,4,3,37,14:08:45,32.593,32593
934,8,2,38,14:09:28,30.397,30397
934,828,3,41,14:16:26,29.828,29828
934,1,2,43,14:17:40,28.979,28979
934,20,2,43,14:18:01,29.676,29676
934,828,4,42,14:18:36,30.197,30197
934,3,2,44,14:19:37,30.393,30393
934,13,2,44,14:19:54,31.948,31948
934,822,2,44,14:20:02,31.937,31937
934,826,2,44,14:20:27,33.979,33979
934,807,2,44,14:20:36,33.891,33891
934,815,2,44,14:21:16,31.998,31998
934,833,2,44,14:24:44,30.686,30686
934,8,3,47,14:26:56,30.178,30178
934,829,2,45,14:27:17,43.964,43964
936,833,1,6,14:15:43,26.392,26392
936,822,1,13,14:25:47,22.974,22974
936,826,1,13,14:25:51,22.072,22072
936,13,1,14,14:27:28,27.936,27936
936,830,1,14,14:27:30,22.536,22536
936,18,1,14,14:27:33,22.231,22231
936,154,1,14,14:27:34,22.805,22805
936,831,1,14,14:27:41,22.729,22729
936,807,1,15,14:28:49,22.573,22573
936,832,1,15,14:28:58,25.096,25096
936,4,1,15,14:29:00,21.567,21567
936,815,1,16,14:30:25,22.068,22068
936,828,1,16,14:30:36,23.005,23005
936,1,1,19,14:34:42,23.146,23146
936,3,1,20,14:35:52,21.780,21780
936,20,1,21,14:37:10,21.900,21900
936,817,1,21,14:37:37,21.824,21824
936,8,1,22,14:38:42,22.566,22566
936,813,1,24,14:42:53,16.444,16444
936,813,2,25,14:44:40,22.812,22812
936,829,1,26,14:46:47,23.051,23051
936,13,2,29,14:50:32,21.915,21915
936,815,2,30,14:51:57,22.409,22409
936,833,2,30,14:53:11,23.125,23125
936,831,2,32,14:55:00,22.907,22907
936,826,2,33,14:56:04,21.574,21574
936,828,2,33,14:56:29,22.199,22199
936,154,2,34,14:57:48,28.707,28707
936,18,2,35,14:59:17,21.753,21753
936,807,2,36,15:00:25,22.222,22222
936,4,2,36,15:00:39,22.300,22300
936,832,2,36,15:00:44,22.930,22930
936,830,2,37,15:02:04,23.431,23431
936,822,2,38,15:03:21,21.867,21867
936,3,2,42,15:08:45,22.013,22013
936,815,3,41,15:08:53,22.574,22574
936,1,2,42,15:08:57,24.272,24272
936,813,3,41,15:08:57,24.972,24972
936,828,3,41,15:09:02,22.747,22747
936,817,2,42,15:09:07,22.008,22008
936,20,2,43,15:10:02,22.028,22028
936,8,2,43,15:10:21,22.270,22270
936,154,3,42,15:10:37,23.972,23972
936,829,2,41,15:10:40,23.664,23664
936,831,3,42,15:10:56,23.097,23097
936,833,3,41,15:11:07,23.207,23207
936,826,3,43,15:11:48,21.663,21663
936,4,3,43,15:12:11,23.162,23162
936,20,3,45,15:14:38,16.639,16639
936,832,3,44,15:14:39,16.660,16660
936,18,3,44,15:14:41,16.488,16488
936,4,4,44,15:14:42,16.796,16796
936,8,3,45,15:14:43,16.979,16979
936,13,3,44,15:14:44,16.823,16823
936,154,4,44,15:14:46,17.064,17064
936,3,3,45,15:14:48,16.623,16623
936,829,3,43,15:14:50,17.116,17116
936,815,4,44,15:14:51,16.958,16958
936,1,3,45,15:14:53,18.249,18249
936,813,4,44,15:14:53,18.782,18782
936,828,4,44,15:14:55,18.577,18577
936,831,4,44,15:14:57,18.246,18246
936,817,3,45,15:14:58,18.270,18270
936,833,4,43,15:14:59,18.085,18085
936,822,3,45,15:15:16,16.427,16427
936,830,3,45,15:15:29,16.485,16485
936,826,4,45,15:15:35,16.453,16453
936,20,4,46,15:17:03,17.121,17121
936,832,4,45,15:17:04,16.786,16786
936,18,4,45,15:17:06,16.639,16639
936,4,5,45,15:17:07,16.879,16879
936,8,4,46,15:17:08,16.734,16734
936,13,4,45,15:17:10,16.818,16818
936,154,5,45,15:17:11,17.114,17114
936,3,4,46,15:17:13,17.780,17780
936,829,4,44,15:17:14,17.402,17402
936,815,5,45,15:17:15,32.181,32181
936,1,4,46,15:17:16,17.726,17726
936,813,5,45,15:17:17,18.186,18186
936,828,5,45,15:17:19,17.472,17472
936,831,5,45,15:17:21,17.235,17235
936,817,4,46,15:17:22,18.758,18758
936,833,5,44,15:17:23,18.149,18149
936,822,4,46,15:17:25,17.557,17557
936,830,4,46,15:17:25,23.043,23043
936,826,5,46,15:17:27,17.849,17849
936,822,5,49,15:23:48,30.031,30031
936,1,5,51,15:26:23,27.715,27715
936,8,5,52,15:27:47,59.555,59555
936,13,5,54,15:31:14,21.502,21502
936,1,6,54,15:31:15,16.579,16579
936,829,5,54,15:33:20,22.716,22716
936,830,5,56,15:33:45,16.415,16415
936,813,6,58,15:37:12,16.446,16446
936,817,5,64,15:45:08,31.037,31037
936,3,5,64,15:45:42,24.575,24575
937,817,1,7,14:20:39,22.637,22637
937,832,1,5,14:20:58,23.732,23732
937,815,1,8,14:22:36,23.562,23562
937,822,1,8,14:22:46,23.319,23319
937,4,1,8,14:23:03,22.973,22973
937,154,1,9,14:24:43,23.717,23717
937,826,1,9,14:24:46,22.796,22796
937,13,1,9,14:24:47,23.282,23282
937,830,1,9,14:24:48,24.564,24564
937,828,1,9,14:24:54,24.183,24183
937,831,1,10,14:27:06,23.439,23439
937,8,1,11,14:28:44,22.578,22578
937,18,1,11,14:29:15,24.083,24083
937,3,1,12,14:30:22,22.997,22997
937,1,1,13,14:32:13,22.403,22403
937,20,1,14,14:34:26,22.681,22681
937,822,2,15,14:36:40,17.343,17343
937,833,1,15,14:37:29,23.643,23643
937,829,1,16,14:39:34,23.826,23826
937,815,2,20,14:46:18,22.918,22918
937,4,2,20,14:47:07,26.103,26103
937,18,2,20,14:47:33,24.151,24151
937,154,2,21,14:48:35,23.493,23493
937,13,2,21,14:48:52,23.655,23655
937,8,2,21,14:48:53,23.143,23143
937,830,2,21,14:48:54,23.041,23041
937,822,3,21,14:49:04,23.489,23489
937,832,2,23,14:57:07,23.348,23348
937,826,2,27,15:00:37,22.563,22563
937,831,2,27,15:01:15,23.288,23288
937,828,2,28,15:03:02,23.684,23684
937,1,2,30,15:05:42,22.955,22955
937,833,2,29,15:06:14,23.282,23282
937,3,2,31,15:07:43,22.765,22765
937,829,2,30,15:08:20,24.450,24450
937,830,3,32,15:10:22,22.942,22942
937,4,3,32,15:11:10,23.191,23191
937,18,3,35,15:17:42,23.761,23761
938,831,1,1,14:05:00,25.761,25761
938,830,1,1,14:05:02,18.818,18818
938,832,1,10,14:18:38,30.358,30358
938,3,1,18,14:30:11,24.657,24657
938,807,1,18,14:30:23,24.286,24286
938,13,1,19,14:31:39,25.207,25207
938,830,2,19,14:32:19,25.318,25318
938,828,1,20,14:33:26,24.842,24842
938,822,1,22,14:36:10,25.536,25536
938,815,1,23,14:37:46,24.281,24281
938,831,2,24,14:40:02,25.282,25282
938,20,1,25,14:40:24,24.340,24340
938,18,1,25,14:41:32,24.310,24310
938,1,1,26,14:41:34,24.368,24368
938,829,1,26,14:43:37,29.382,29382
938,826,1,27,14:44:11,23.884,23884
938,8,1,28,14:45:20,24.442,24442
938,833,1,27,14:45:21,26.435,26435
938,4,1,28,14:46:15,24.330,24330
938,817,1,30,14:48:35,24.259,24259
938,832,2,30,14:48:54,24.736,24736
938,830,3,33,14:53:32,24.938,24938
938,4,2,46,15:13:37,19.374,19374
939,154,1,9,20:20:55,30.640,30640
939,4,1,10,20:22:46,34.237,34237
939,832,1,10,20:22:46,34.970,34970
939,828,1,10,20:22:52,29.589,29589
939,813,1,10,20:22:55,29.762,29762
939,807,1,11,20:24:36,30.868,30868
939,826,1,12,20:26:14,29.159,29159
939,13,1,12,20:26:28,31.380,31380
939,20,1,13,20:28:04,29.172,29172
939,817,1,13,20:28:10,31.307,31307
939,8,1,13,20:28:15,30.031,30031
939,1,1,13,20:28:21,28.917,28917
939,3,1,13,20:28:30,30.562,30562
939,822,1,13,20:28:34,29.260,29260
939,815,1,13,20:28:45,29.732,29732
939,831,1,13,20:28:53,29.679,29679
939,18,1,13,20:28:57,1:05.317,65317
939,830,1,12,20:29:01,31.207,31207
939,834,1,13,20:29:50,31.180,31180
939,13,2,14,20:31:49,29.907,29907
939,829,1,14,20:32:23,30.398,30398
939,154,2,26,20:57:10,29.826,29826
939,813,2,27,20:59:08,29.223,29223
939,828,2,28,21:01:10,29.857,29857
939,832,2,28,21:01:11,29.742,29742
939,13,3,29,21:03:13,24.415,24415
939,826,2,33,21:10:11,32.924,32924
939,815,2,34,21:12:15,29.676,29676
939,831,2,34,21:12:23,29.917,29917
939,830,2,36,21:16:29,30.844,30844
939,828,3,36,21:16:40,29.398,29398
939,20,2,37,21:17:26,29.273,29273
939,817,2,37,21:17:32,29.419,29419
939,834,2,36,21:17:38,32.036,32036
939,8,2,37,21:17:42,30.689,30689
939,3,2,37,21:17:55,29.887,29887
939,822,2,37,21:18:06,29.239,29239
939,18,2,37,21:18:41,30.106,30106
939,832,3,37,21:19:08,29.885,29885
939,829,2,37,21:20:15,37.847,37847
939,18,3,41,21:28:16,37.822,37822
939,813,3,54,21:53:08,29.996,29996
940,815,1,1,14:05:29,25.041,25041
940,817,1,1,14:06:11,26.087,26087
940,13,1,1,14:06:55,34.166,34166
940,826,1,8,14:17:26,23.316,23316
940,4,1,9,14:19:04,23.640,23640
940,830,1,9,14:19:07,27.793,27793
940,807,1,10,14:20:34,23.750,23750
940,831,1,10,14:20:51,24.763,24763
940,18,1,10,14:20:51,23.343,23343
940,822,1,11,14:22:04,23.542,23542
940,154,1,11,14:22:12,23.793,23793
940,813,1,12,14:23:55,24.842,24842
940,20,1,13,14:25:21,23.074,23074
940,828,1,13,14:26:01,23.418,23418
940,8,1,14,14:27:09,23.714,23714
940,832,1,14,14:27:23,23.701,23701
940,3,1,15,14:28:45,23.078,23078
940,1,1,16,14:30:13,22.750,22750
940,13,2,16,14:32:49,26.735,26735
940,815,2,18,14:34:39,24.303,24303
940,826,2,20,14:38:04,23.183,23183
940,834,1,22,14:42:18,25.146,25146
940,817,2,24,14:45:19,23.225,23225
940,828,2,26,14:48:19,23.441,23441
940,832,2,27,14:49:26,39.345,39345
940,18,2,27,14:49:59,23.801,23801
940,8,2,28,14:50:45,22.584,22584
940,4,2,28,14:51:35,23.767,23767
940,3,2,29,14:52:12,23.241,23241
940,822,2,29,14:52:23,23.588,23588
940,20,2,30,14:53:49,23.130,23130
940,830,2,30,14:54:54,23.977,23977
940,831,2,30,14:55:14,24.116,24116
940,1,2,31,14:55:15,23.165,23165
940,807,2,31,14:56:02,23.491,23491
940,154,2,33,14:59:32,24.554,24554
940,834,2,33,15:01:34,25.088,25088
940,826,3,34,15:01:48,23.381,23381
940,13,3,34,15:03:24,24.670,24670
940,813,2,36,15:04:35,23.249,23249
940,815,3,36,15:05:03,24.267,24267
940,807,3,42,15:17:36,35.760,35760
940,829,1,21,14:40:29,25.875,25875
940,829,2,32,14:59:51,23.647,23647
940,829,3,42,15:17:36,35.760,35760
941,154,1,1,14:05:55,54.445,54445
941,830,1,1,14:06:46,37.334,37334
941,815,1,12,14:27:00,30.545,30545
941,817,1,12,14:27:08,29.732,29732
941,832,1,12,14:27:19,30.288,30288
941,18,1,12,14:27:21,29.719,29719
941,4,1,13,14:29:42,29.539,29539
941,833,1,13,14:30:08,35.072,35072
941,829,1,14,14:32:34,32.400,32400
941,829,2,17,14:39:33,30.421,30421
941,830,2,24,14:51:41,30.241,30241
941,822,1,26,14:54:41,30.316,30316
941,20,1,30,15:01:31,29.367,29367
941,13,1,30,15:01:51,30.741,30741
941,813,1,30,15:01:56,29.952,29952
941,8,1,31,15:03:16,29.386,29386
941,1,1,32,15:04:38,30.216,30216
941,826,1,33,15:06:55,30.418,30418
941,831,1,34,15:08:41,30.362,30362
942,822,1,1,14:05:59,40.488,40488
942,154,1,1,14:06:27,27.621,27621
942,834,1,1,14:06:39,37.748,37748
942,4,1,1,14:06:40,31.987,31987
942,831,1,2,14:08:09,31.137,31137
942,831,2,3,14:11:11,25.931,25931
942,822,2,4,14:14:23,26.384,26384
942,154,2,9,14:23:43,27.730,27730
942,828,1,16,14:36:37,29.728,29728
942,18,1,17,14:38:36,27.286,27286
942,1,1,18,14:40:00,24.354,24354
942,20,1,18,14:40:12,25.019,25019
942,830,1,18,14:40:12,25.527,25527
942,13,1,18,14:40:23,24.646,24646
942,831,3,17,14:40:29,25.714,25714
942,834,2,17,14:40:33,26.520,26520
942,813,1,18,14:40:42,27.851,27851
942,4,2,18,14:41:28,24.631,24631
942,817,1,19,14:41:45,24.449,24449
942,3,1,19,14:41:53,24.640,24640
942,826,1,19,14:41:54,24.638,24638
942,815,1,19,14:42:04,26.458,26458
942,8,1,19,14:42:09,24.733,24733
942,832,1,19,14:42:10,25.259,25259
942,807,1,19,14:42:11,27.344,27344
942,828,2,19,14:42:56,30.932,30932
942,8,2,20,14:45:11,34.548,34548
942,4,3,26,14:56:18,25.405,25405
942,20,2,27,14:56:46,25.576,25576
942,807,2,27,14:56:58,27.360,27360
942,832,2,27,14:57:05,44.582,44582
942,815,2,27,14:57:13,24.730,24730
942,18,2,27,14:57:21,24.689,24689
942,813,2,27,14:58:06,25.446,25446
942,831,4,26,14:58:12,24.975,24975
942,830,2,28,14:59:09,24.904,24904
942,834,3,27,15:00:26,25.812,25812
942,3,2,38,15:20:21,25.242,25242
942,826,2,38,15:20:45,25.205,25205
942,817,2,38,15:20:48,27.802,27802
942,831,5,42,15:29:13,35.546,35546
942,1,2,43,15:29:55,24.088,24088
942,20,3,43,15:30:04,24.158,24158
942,832,3,43,15:30:32,26.840,26840
942,813,3,43,15:30:33,25.054,25054
942,18,3,44,15:32:44,24.862,24862
942,817,3,50,15:44:54,24.495,24495
943,20,1,1,13:04:58,28.070,28070
943,822,1,8,13:14:42,22.957,22957
943,13,1,9,13:16:11,22.849,22849
943,807,1,9,13:16:16,23.277,23277
943,813,1,10,13:17:46,26.647,26647
943,828,1,10,13:17:54,22.956,22956
943,154,1,11,13:19:15,22.735,22735
943,831,1,12,13:20:51,23.026,23026
943,832,1,13,13:21:59,23.128,23128
943,815,1,18,13:29:04,23.547,23547
943,826,1,21,13:32:58,22.559,22559
943,817,1,24,13:37:18,22.422,22422
943,830,1,25,13:38:51,22.985,22985
943,3,1,26,13:39:37,22.391,22391
943,829,1,26,13:41:44,25.087,25087
943,1,1,28,13:42:28,22.304,22304
943,834,1,27,13:43:29,25.367,25367
943,18,1,30,13:46:38,23.356,23356
943,20,2,35,13:53:28,22.156,22156
943,828,2,39,13:59:15,23.461,23461
943,832,2,43,14:04:29,23.776,23776
943,831,2,44,14:06:33,23.417,23417
943,3,2,46,14:07:31,22.303,22303
943,1,2,48,14:10:19,22.328,22328
943,18,2,47,14:11:04,23.018,23018
943,832,3,51,14:15:57,23.068,23068
943,828,3,51,14:16:29,23.292,23292
943,826,2,52,14:16:33,22.518,22518
943,817,2,52,14:16:49,22.488,22488
943,13,2,52,14:16:52,23.086,23086
943,807,2,52,14:16:54,24.136,24136
943,831,3,51,14:17:02,23.813,23813
943,830,2,52,14:17:19,22.589,22589
943,154,2,52,14:17:28,23.101,23101
943,813,2,52,14:17:35,23.937,23937
943,829,2,50,14:17:37,24.224,24224
943,834,2,50,14:17:41,30.442,30442
943,822,2,53,14:18:31,23.160,23160
944,817,1,3,14:07:06,23.937,23937
944,807,1,9,14:14:48,24.009,24009
944,826,1,10,14:16:04,24.155,24155
944,13,1,10,14:16:08,23.887,23887
944,815,1,10,14:16:10,23.854,23854
944,154,1,10,14:16:12,24.475,24475
944,822,1,11,14:17:18,23.736,23736
944,830,1,11,14:17:28,24.166,24166
944,8,1,12,14:18:31,23.293,23293
944,18,1,12,14:18:53,23.242,23242
944,828,1,12,14:18:58,24.699,24699
944,3,1,13,14:19:39,25.039,25039
944,20,1,13,14:19:44,23.801,23801
944,4,1,13,14:20:14,22.981,22981
944,1,1,14,14:20:57,24.328,24328
944,831,1,14,14:21:27,25.529,25529
944,834,1,14,14:22:03,25.492,25492
944,829,1,15,14:23:24,25.547,25547
944,813,1,25,14:36:04,24.115,24115
944,817,2,28,14:40:10,23.979,23979
944,18,2,31,14:44:10,24.265,24265
944,20,2,32,14:44:26,23.474,23474
944,3,2,33,14:45:33,23.321,23321
944,4,2,32,14:45:34,23.218,23218
944,828,2,32,14:45:52,29.148,29148
944,815,2,33,14:46:36,23.609,23609
944,1,2,34,14:46:52,23.148,23148
944,830,2,34,14:47:52,24.153,24153
944,807,2,35,14:48:59,24.199,24199
944,154,2,35,14:49:12,23.787,23787
944,13,2,38,14:53:00,23.927,23927
944,826,2,39,14:54:15,23.630,23630
944,831,2,39,14:54:38,24.491,24491
944,822,2,41,14:56:37,24.913,24913
944,829,2,40,14:57:45,27.095,27095
944,834,2,41,14:59:12,26.706,26706
944,813,2,44,15:01:06,30.082,30082
944,8,2,46,15:02:43,25.308,25308
944,20,3,47,15:03:48,23.861,23861
944,3,3,48,15:04:53,23.046,23046
944,1,3,49,15:06:11,22.936,22936
944,815,3,51,15:10:22,23.732,23732
944,18,3,51,15:10:27,23.402,23402
944,817,3,52,15:11:38,24.775,24775
944,4,3,52,15:11:48,23.810,23810
944,830,3,53,15:12:51,24.078,24078
944,828,3,53,15:13:28,25.102,25102
944,154,3,54,15:14:07,23.958,23958
944,13,3,55,15:15:12,23.401,23401
945,4,1,1,17:05:39,44.990,44990
945,831,1,4,17:11:05,28.407,28407
945,826,1,5,17:12:45,21.868,21868
945,815,1,6,17:14:27,21.922,21922
945,817,1,6,17:14:29,21.949,21949
945,13,1,6,17:14:32,22.851,22851
945,807,1,7,17:16:20,22.045,22045
945,832,1,7,17:16:24,25.307,25307
945,822,1,8,17:18:12,24.485,24485
945,830,1,8,17:18:16,22.309,22309
945,18,1,8,17:18:18,23.722,23722
945,4,2,8,17:19:12,16.128,16128
945,822,2,9,17:20:31,28.622,28622
945,3,1,10,17:21:26,21.637,21637
945,8,1,10,17:21:36,22.162,22162
945,1,1,11,17:23:20,21.346,21346
945,828,1,15,17:31:20,22.838,22838
945,4,3,17,17:36:02,22.246,22246
945,830,2,20,17:40:25,22.457,22457
945,20,1,23,17:45:22,21.795,21795
945,154,1,23,17:45:39,22.203,22203
945,829,1,23,17:47:03,22.913,22913
945,807,2,24,17:47:36,22.174,22174
945,833,1,24,17:49:26,24.314,24314
945,826,2,25,17:49:27,21.634,21634
945,817,2,26,17:51:05,22.118,22118
945,13,2,26,17:51:15,22.710,22710
945,831,2,26,17:51:35,22.806,22806
945,815,2,27,17:52:50,22.116,22116
945,18,2,27,17:53:21,22.310,22310
945,832,2,28,17:54:59,22.063,22063
945,822,3,29,17:57:10,29.592,29592
945,3,2,31,17:59:21,21.580,21580
945,8,2,32,18:01:20,25.613,25613
945,829,2,33,18:06:05,22.854,22854
945,830,3,38,18:13:19,22.355,22355
945,20,2,39,18:14:14,21.628,21628
945,1,2,41,18:17:11,21.392,21392
945,828,2,41,18:18:57,22.200,22200
945,154,2,43,18:22:01,22.234,22234
945,831,3,44,18:24:25,22.086,22086
945,4,4,47,18:30:52,22.377,22377
948,825,1,1,16:09:48,27.831,27831
948,832,1,8,16:19:48,22.414,22414
948,831,1,10,16:23:19,22.701,22701
948,13,1,11,16:24:32,21.550,21550
948,836,1,11,16:24:47,26.206,26206
948,828,1,11,16:24:51,22.357,22357
948,3,1,12,16:25:48,21.531,21531
948,817,1,12,16:25:59,22.245,22245
948,4,1,12,16:26:14,21.796,21796
948,835,1,12,16:26:22,23.286,23286
948,837,1,12,16:26:36,23.224,23224
948,20,1,13,16:27:17,21.339,21339
948,830,1,13,16:27:32,22.303,22303
948,18,1,15,16:31:07,22.616,22616
948,8,1,16,16:32:03,22.508,22508
948,1,1,16,16:32:16,21.940,21940
948,807,1,16,16:32:30,22.167,22167
948,815,1,16,16:32:37,24.719,24719
948,822,1,17,16:34:32,21.376,21376
948,825,2,16,16:34:50,22.079,22079
948,20,2,18,16:36:56,18:09.312,1089312
948,3,2,18,16:36:58,18:09.303,1089303
948,8,2,18,16:37:00,18:09.365,1089365
948,817,2,18,16:37:02,18:09.822,1089822
948,830,2,18,16:37:03,18:09.372,1089372
948,832,2,18,16:37:05,18:09.971,1089971
948,1,2,18,16:37:09,18:10.087,1090087
948,13,2,18,16:37:10,18:09.805,1089805
948,154,1,18,16:37:12,18:09.417,1089417
948,807,2,18,16:37:14,18:09.155,1089155
948,822,2,18,16:37:16,18:08.989,1088989
948,835,2,18,16:37:19,18:08.294,1088294
948,815,2,18,16:37:21,18:07.311,1087311
948,828,2,18,16:37:25,18:06.875,1086875
948,18,2,18,16:37:31,18:04.466,1084466
948,831,2,18,16:37:34,18:02.337,1082337
948,836,2,18,16:37:36,18:02.140,1082140
948,825,3,17,16:37:38,15:46.318,946318
948,828,3,27,17:10:16,16.936,16936
948,18,3,30,17:14:55,21.837,21837
948,832,3,31,17:16:00,22.392,22392
948,830,3,32,17:17:30,29.066,29066
948,836,3,32,17:18:12,23.895,23895
948,20,3,35,17:21:50,24.548,24548
948,817,3,42,17:32:47,21.981,21981
949,807,1,1,18:05:30,31.931,31931
949,815,1,2,18:07:15,30.326,30326
949,832,1,2,18:07:43,28.401,28401
949,817,1,6,18:13:44,24.541,24541
949,13,1,7,18:15:20,24.093,24093
949,822,1,8,18:17:05,24.944,24944
949,821,1,8,18:17:13,32.793,32793
949,838,1,9,18:18:55,24.604,24604
949,822,2,9,18:19:07,19.369,19369
949,830,1,10,18:20:31,25.810,25810
949,831,1,10,18:20:44,26.246,26246
949,154,1,11,18:22:08,25.739,25739
949,836,1,11,18:22:24,26.236,26236
949,8,1,12,18:23:37,24.720,24720
949,825,1,12,18:24:08,26.876,26876
949,837,1,12,18:24:14,26.382,26382
949,3,1,13,18:25:02,24.934,24934
949,1,1,13,18:25:20,24.512,24512
949,828,1,13,18:25:47,24.775,24775
949,815,2,14,18:27:44,25.068,25068
949,826,1,16,18:30:45,24.419,24419
949,807,2,16,18:31:10,24.930,24930
949,832,2,20,18:38:33,34.978,34978
949,817,2,24,18:44:00,26.631,26631
949,825,2,24,18:44:29,24.383,24383
949,838,2,25,18:45:55,24.682,24682
949,830,2,26,18:47:23,25.594,25594
949,154,2,27,18:48:59,26.151,26151
949,1,2,28,18:50:13,25.030,25030
949,8,2,29,18:51:43,25.222,25222
949,13,2,29,18:52:33,24.236,24236
949,828,2,29,18:52:47,25.363,25363
949,836,2,29,18:52:58,25.547,25547
949,3,2,30,18:53:06,27.226,27226
949,831,2,30,18:54:37,25.491,25491
949,837,2,31,18:56:29,28.120,28120
949,826,2,34,19:00:57,24.661,24661
949,822,3,34,19:01:08,26.110,26110
949,807,3,35,19:03:05,24.734,24734
949,8,3,37,19:04:55,25.257,25257
949,815,3,37,19:06:37,24.517,24517
949,825,3,38,19:07:57,24.341,24341
949,3,3,39,19:07:59,25.761,25761
949,154,3,40,19:10:37,30.063,30063
949,1,3,41,19:11:34,24.524,24524
949,838,3,41,19:12:46,25.316,25316
949,836,3,41,19:13:02,25.419,25419
949,817,3,42,19:13:48,24.879,24879
949,826,3,44,19:17:31,24.224,24224
949,837,3,44,19:18:30,25.517,25517
949,830,3,46,19:20:38,25.129,25129
949,831,3,47,19:23:12,25.660,25660
949,807,4,51,19:29:43,26.595,26595
950,154,1,1,14:05:35,58.563,58563
950,8,1,1,14:05:39,31.134,31134
950,1,1,1,14:05:46,29.322,29322
950,831,1,1,14:06:25,36.854,36854
950,817,1,3,14:08:57,24.392,24392
950,826,1,4,14:10:42,24.084,24084
950,815,1,4,14:10:46,23.215,23215
950,20,1,4,14:10:50,30.115,30115
950,807,1,4,14:10:50,27.683,27683
950,832,1,4,14:10:51,25.754,25754
950,18,1,4,14:10:51,24.072,24072
950,822,1,4,14:10:52,22.682,22682
950,830,1,4,14:10:54,30.034,30034
950,828,1,4,14:10:56,23.955,23955
950,825,1,4,14:10:58,23.158,23158
950,1,2,5,14:13:57,25.179,25179
950,1,3,6,14:16:03,22.301,22301
950,8,2,14,14:31:08,23.296,23296
950,836,1,15,14:32:55,26.969,26969
950,835,1,15,14:33:07,22.799,22799
950,4,1,16,14:34:30,22.874,22874
950,20,2,17,14:36:07,22.276,22276
950,807,2,17,14:36:22,23.867,23867
950,815,2,18,14:37:55,22.485,22485
950,837,1,18,14:38:25,23.183,23183
950,826,2,19,14:39:28,22.607,22607
950,13,1,19,14:39:36,22.124,22124
950,832,2,19,14:39:44,22.832,22832
950,817,2,19,14:39:45,22.461,22461
950,821,1,19,14:39:57,23.878,23878
950,3,1,20,14:40:58,22.831,22831
950,830,2,20,14:41:36,23.744,23744
950,825,2,20,14:41:50,23.257,23257
950,154,2,20,14:41:52,24.615,24615
950,831,2,20,14:42:01,23.735,23735
950,822,2,21,14:43:09,22.630,22630
950,1,4,21,14:43:15,22.626,22626
950,835,2,24,14:49:09,23.280,23280
950,807,3,26,14:52:18,29.570,29570
950,18,2,27,14:53:52,23.029,23029
950,836,2,27,14:54:13,24.104,24104
950,815,3,28,14:55:33,22.351,22351
950,828,2,28,14:55:48,23.563,23563
950,837,2,28,14:56:08,24.635,24635
950,822,3,30,14:58:55,22.747,22747
950,1,5,30,14:59:03,22.698,22698
950,13,2,31,15:00:34,23.349,23349
950,4,2,32,15:02:40,22.927,22927
950,832,3,33,15:04:13,24.269,24269
950,154,3,33,15:04:55,23.342,23342
950,821,2,34,15:06:14,22.963,22963
950,826,3,35,15:07:13,22.684,22684
950,20,3,35,15:07:15,22.350,22350
950,825,3,35,15:08:20,22.677,22677
950,3,2,36,15:08:27,23.559,23559
950,817,3,37,15:10:56,22.426,22426
950,8,3,37,15:11:04,22.832,22832
950,835,3,38,15:13:56,24.099,24099
950,830,3,39,15:14:39,23.130,23130
950,831,3,40,15:17:07,25.357,25357
950,837,3,40,15:17:16,24.369,24369
950,821,3,43,15:21:59,23.070,23070
950,836,3,43,15:22:12,24.274,24274
950,18,3,44,15:23:28,22.510,22510
950,154,4,44,15:24:06,23.284,23284
950,807,4,46,15:27:09,22.790,22790
951,826,1,1,15:05:38,41.282,41282
951,817,1,1,15:05:43,47.763,47763
951,828,1,1,15:05:50,30.529,30529
951,815,1,1,15:06:03,32.800,32800
951,821,1,1,15:06:09,40.169,40169
951,826,2,8,15:20:21,38.906,38906
951,821,2,9,15:22:11,25.037,25037
951,832,1,11,15:25:31,30.805,30805
951,831,1,12,15:27:22,30.259,30259
951,836,1,13,15:29:06,31.433,31433
951,835,1,14,15:30:40,30.805,30805
951,822,1,16,15:33:39,29.841,29841
951,825,1,16,15:34:05,30.585,30585
951,1,1,17,15:35:21,30.001,30001
951,154,1,17,15:35:49,31.420,31420
951,13,1,18,15:37:14,29.551,29551
951,8,1,20,15:40:29,30.498,30498
951,18,1,20,15:41:08,30.580,30580
951,3,1,21,15:41:55,29.709,29709
951,4,1,21,15:42:40,29.751,29751
951,830,1,22,15:44:13,30.553,30553
951,815,2,27,15:53:11,30.400,30400
951,828,2,28,15:55:13,30.433,30433
951,817,2,29,15:57:02,31.205,31205
951,836,2,39,16:14:54,57.151,57151
951,13,2,46,16:25:17,30.065,30065
952,13,1,8,14:17:31,21.384,21384
952,815,1,9,14:18:56,22.679,22679
952,826,1,9,14:19:03,23.277,23277
952,828,1,9,14:19:07,22.840,22840
952,832,1,10,14:20:24,22.874,22874
952,18,1,10,14:20:28,22.280,22280
952,807,1,10,14:20:31,22.176,22176
952,825,1,10,14:20:34,22.843,22843
952,817,1,11,14:21:44,21.738,21738
952,4,1,11,14:22:02,21.795,21795
952,835,1,11,14:22:09,23.283,23283
952,836,1,11,14:22:14,24.554,24554
952,830,1,12,14:23:18,22.369,22369
952,8,1,12,14:23:25,22.107,22107
952,822,1,12,14:23:27,21.856,21856
952,831,1,12,14:23:45,22.976,22976
952,20,1,15,14:27:51,21.643,21643
952,154,1,15,14:28:12,23.187,23187
952,821,1,16,14:29:51,23.206,23206
952,837,1,22,14:39:41,28.753,28753
952,828,2,24,14:42:39,23.122,23122
952,13,2,25,14:43:57,22.568,22568
952,826,2,25,14:44:06,22.234,22234
952,817,2,28,14:47:45,22.104,22104
952,20,2,29,14:49:18,22.617,22617
952,154,2,29,14:50:06,22.844,22844
952,821,2,30,14:51:38,22.430,22430
952,825,2,30,14:51:49,23.165,23165
952,835,2,33,14:56:34,22.397,22397
952,836,2,33,14:56:46,24.387,24387
952,830,2,34,14:56:52,22.348,22348
952,8,2,35,14:58:25,22.169,22169
952,815,2,35,14:59:10,21.918,21918
952,18,2,36,15:00:49,22.590,22590
952,831,2,36,15:01:17,23.090,23090
952,20,3,37,15:01:30,21.603,21603
952,154,3,37,15:02:52,34.832,34832
952,832,2,38,15:03:35,22.937,22937
952,822,2,39,15:04:59,22.443,22443
952,4,2,39,15:05:28,22.987,22987
952,828,3,40,15:07:25,22.897,22897
952,13,3,41,15:08:28,21.831,21831
952,817,3,43,15:10:31,21.683,21683
952,837,2,48,15:20:28,26.186,26186
952,826,3,51,15:23:51,22.769,22769
952,825,3,55,15:30:33,22.122,22122
952,817,4,65,15:43:55,23.133,23133
953,826,1,1,14:03:20,1:32.609,92609
953,826,2,2,14:07:55,19.918,19918
953,825,1,7,14:15:27,25.583,25583
953,18,1,8,14:17:20,25.766,25766
953,831,1,8,14:17:30,28.242,28242
953,826,3,7,14:17:32,27.698,27698
953,828,1,11,14:22:52,27.176,27176
953,837,1,11,14:22:57,29.117,29117
953,830,1,12,14:24:33,25.604,25604
953,20,1,13,14:25:55,25.114,25114
953,4,1,14,14:27:38,25.512,25512
953,807,1,15,14:29:11,25.215,25215
953,822,1,15,14:29:22,27.364,27364
953,154,1,15,14:29:44,33.490,33490
953,821,1,16,14:31:01,26.044,26044
953,3,1,20,14:37:17,26.698,26698
953,13,1,20,14:37:38,24.934,24934
953,832,1,21,14:38:53,27.738,27738
953,815,1,21,14:38:55,25.714,25714
953,825,2,21,14:40:27,38.811,38811
953,817,1,23,14:41:40,25.054,25054
953,828,2,29,14:52:28,26.435,26435
953,815,2,30,14:53:05,25.608,25608
953,18,2,30,14:53:13,25.450,25450
953,825,3,29,14:53:21,25.879,25879
953,822,2,30,14:54:01,25.478,25478
953,154,2,30,14:54:03,25.111,25111
953,1,1,31,14:54:06,26.315,26315
953,3,2,31,14:54:34,27.680,27680
953,20,2,31,14:54:36,25.561,25561
953,807,2,31,14:54:39,27.064,27064
953,832,2,31,14:54:40,28.112,28112
953,830,2,31,14:54:44,25.459,25459
953,836,1,31,14:55:34,26.517,26517
953,817,2,32,14:55:37,35.327,35327
953,4,2,32,14:56:10,26.836,26836
953,821,2,32,14:56:16,27.407,27407
953,13,2,32,14:56:25,25.182,25182
953,831,2,32,14:57:11,27.166,27166
953,825,4,32,14:58:47,31.241,31241
953,837,2,34,15:00:18,27.380,27380
953,837,3,47,15:21:24,26.292,26292
953,831,3,48,15:21:45,45.700,45700
953,822,3,49,15:22:23,24.673,24673
953,828,3,49,15:23:18,33.342,33342
954,831,1,9,14:15:49,23.987,23987
954,20,1,11,14:17:58,22.597,22597
954,8,1,11,14:18:14,22.820,22820
954,836,1,11,14:18:36,24.784,24784
954,832,1,13,14:21:10,23.517,23517
954,821,1,13,14:21:13,23.412,23412
954,828,1,14,14:22:44,22.957,22957
954,837,1,15,14:24:03,29.732,29732
954,4,1,17,14:26:24,27.952,27952
954,154,1,17,14:26:26,23.680,23680
954,826,1,17,14:26:28,23.000,23000
954,830,1,20,14:29:59,23.586,23586
954,817,1,21,14:31:21,22.872,22872
954,3,1,21,14:31:29,22.466,22466
954,807,1,21,14:31:34,22.876,22876
954,13,1,22,14:32:47,22.925,22925
954,822,1,23,14:33:59,22.184,22184
954,1,1,24,14:35:00,22.243,22243
954,815,1,30,14:43:33,22.556,22556
954,8,2,33,14:47:15,23.263,23263
954,831,2,35,14:51:16,23.608,23608
954,20,2,37,14:51:55,22.361,22361
954,817,2,38,14:53:47,24.018,24018
954,836,2,38,14:54:55,24.516,24516
954,154,2,39,14:55:43,23.055,23055
954,828,2,39,14:56:10,23.299,23299
954,825,1,39,14:56:12,23.162,23162
954,821,2,41,14:58:41,23.928,23928
954,826,2,44,15:02:16,22.627,22627
954,837,2,44,15:03:24,25.069,25069
954,830,2,46,15:04:02,22.909,22909
954,815,2,46,15:04:50,24.757,24757
954,154,3,46,15:05:13,32.114,32114
954,832,2,48,15:07:17,24.445,24445
954,3,2,51,15:10:35,22.728,22728
954,807,2,51,15:11:06,23.111,23111
955,837,1,1,17:05:57,33.405,33405
955,832,1,4,17:11:34,22.028,22028
955,830,1,5,17:13:24,20.069,20069
955,4,1,5,17:13:24,20.282,20282
955,826,1,5,17:13:37,24.802,24802
955,817,1,6,17:15:04,19.840,19840
955,18,1,6,17:15:21,20.185,20185
955,825,1,6,17:15:24,20.772,20772
955,13,1,7,17:17:02,19.445,19445
955,831,1,7,17:17:13,20.670,20670
955,8,1,8,17:18:49,20.593,20593
955,821,1,8,17:19:20,29.227,29227
955,154,1,10,17:22:51,21.132,21132
955,835,1,11,17:24:54,20.965,20965
955,1,1,15,17:31:52,20.108,20108
955,815,1,16,17:33:39,20.614,20614
955,828,1,16,17:34:12,21.083,21083
955,822,1,19,17:39:20,19.732,19732
955,20,1,20,17:40:51,20.422,20422
955,807,1,20,17:41:18,20.347,20347
955,830,2,20,17:41:33,22.497,22497
955,3,1,21,17:42:18,20.058,20058
955,817,2,22,17:45:00,20.155,20155
955,4,2,24,17:48:59,20.654,20654
955,831,2,24,17:49:03,20.713,20713
955,18,2,25,17:50:53,20.640,20640
955,828,2,25,17:51:13,20.559,20559
955,154,2,26,17:52:45,23.588,23588
955,832,2,27,17:54:32,21.030,21030
955,13,2,28,17:56:01,19.858,19858
955,836,1,29,17:58:28,26.187,26187
955,821,2,29,17:58:37,21.533,21533
955,835,2,31,18:02:14,20.561,20561
956,807,1,8,14:12:55,22.601,22601
956,4,1,8,14:13:00,21.924,21924
956,18,1,9,14:14:05,22.859,22859
956,822,1,9,14:14:09,21.047,21047
956,832,1,9,14:14:11,22.605,22605
956,815,1,9,14:14:12,21.883,21883
956,3,1,10,14:15:15,21.890,21890
956,825,1,11,14:16:43,22.033,22033
956,835,1,12,14:17:57,21.745,21745
956,13,1,12,14:18:00,21.097,21097
956,828,1,12,14:18:03,22.980,22980
956,836,1,13,14:19:05,22.613,22613
956,817,1,14,14:20:04,21.183,21183
956,830,1,15,14:21:12,21.945,21945
956,1,1,21,14:28:15,22.918,22918
956,821,1,21,14:29:00,22.053,22053
956,8,1,22,14:29:32,21.916,21916
956,836,2,23,14:31:36,23.738,23738
956,807,2,24,14:32:37,21.580,21580
956,18,2,26,14:35:01,22.035,22035
956,154,1,26,14:35:02,22.662,22662
956,4,2,26,14:35:08,22.879,22879
956,815,2,26,14:35:10,21.412,21412
956,837,1,27,14:36:58,23.326,23326
956,3,2,28,14:38:13,17.959,17959
956,836,3,27,14:38:14,18.064,18064
956,1,2,28,14:38:16,16.983,16983
956,830,2,28,14:38:17,17.165,17165
956,817,2,28,14:38:18,19.408,19408
956,8,2,28,14:38:20,21.206,21206
956,822,2,28,14:38:22,20.876,20876
956,831,1,28,14:38:23,20.929,20929
956,832,2,28,14:38:24,33.462,33462
956,18,3,28,14:38:27,18.307,18307
956,154,2,28,14:38:29,18.860,18860
956,825,2,28,14:38:32,17.721,17721
956,13,2,28,14:38:33,17.388,17388
956,835,2,28,14:38:35,16.851,16851
956,4,3,28,14:38:36,16.764,16764
956,815,3,28,14:38:37,16.544,16544
956,828,2,28,14:38:39,16.419,16419
956,807,3,28,14:38:40,16.227,16227
956,821,2,28,14:38:43,16.475,16475
956,837,2,28,14:38:45,16.218,16218
956,3,3,29,14:40:18,18.220,18220
956,836,4,28,14:40:19,18.342,18342
956,1,3,29,14:40:21,18.716,18716
956,830,3,29,14:40:22,18.455,18455
956,817,3,29,14:40:23,18.347,18347
956,8,3,29,14:40:26,18.455,18455
956,822,3,29,14:40:27,17.800,17800
956,831,2,29,14:40:29,17.739,17739
956,18,4,29,14:40:31,18.964,18964
956,154,3,29,14:40:32,19.554,19554
956,825,3,29,14:40:34,19.611,19611
956,13,3,29,14:40:35,19.015,19015
956,835,3,29,14:40:37,18.382,18382
956,4,4,29,14:40:38,18.194,18194
956,815,4,29,14:40:39,17.970,17970
956,828,3,29,14:40:41,19.041,19041
956,807,4,29,14:40:42,19.028,19028
956,832,3,29,14:40:43,18.636,18636
956,821,3,29,14:40:44,18.308,18308
956,837,3,29,14:40:46,17.828,17828
956,821,4,41,14:56:13,21.921,21921
956,831,3,43,14:58:35,22.707,22707
956,825,4,49,15:05:46,27.119,27119
956,807,5,50,15:06:56,27.834,27834
956,835,4,50,15:06:59,22.728,22728
956,828,4,50,15:07:01,24.326,24326
956,837,4,50,15:07:11,25.234,25234
956,822,4,51,15:07:54,21.639,21639
956,1,4,54,15:10:44,22.109,22109
956,3,4,55,15:11:53,21.035,21035
956,13,4,56,15:13:53,21.231,21231
956,817,4,60,15:18:09,22.284,22284
957,8,1,5,13:14:16,29.578,29578
957,822,1,5,13:14:17,29.808,29808
957,832,1,5,13:14:18,30.786,30786
957,807,1,5,13:14:18,30.747,30747
957,4,1,5,13:14:19,32.374,32374
957,20,1,5,13:14:20,31.381,31381
957,154,1,5,13:14:21,31.632,31632
957,821,1,5,13:14:22,41.508,41508
957,825,1,5,13:14:23,30.804,30804
957,836,1,5,13:14:25,31.812,31812
957,817,1,6,13:16:16,30.198,30198
957,13,1,6,13:16:20,29.243,29243
957,826,1,6,13:16:22,30.315,30315
957,18,1,6,13:16:23,30.093,30093
957,835,1,6,13:16:27,29.784,29784
957,837,1,6,13:16:29,29.998,29998
957,1,1,7,13:18:15,30.343,30343
957,3,1,7,13:18:22,29.395,29395
957,830,1,7,13:18:23,31.995,31995
957,815,1,7,13:18:27,29.475,29475
957,831,1,7,13:18:46,30.981,30981
957,828,1,7,13:18:48,35.393,35393
957,828,2,10,13:25:31,1:44.980,104980
957,20,2,15,13:34:24,29.163,29163
957,8,2,16,13:36:00,30.462,30462
957,13,2,16,13:36:16,29.403,29403
957,826,2,16,13:36:19,30.327,30327
957,822,2,16,13:36:28,29.282,29282
957,831,2,16,13:36:33,30.143,30143
957,154,2,16,13:36:36,30.882,30882
957,835,2,16,13:36:38,55.697,55697
957,1,2,17,13:37:20,28.728,28728
957,3,2,17,13:37:29,29.715,29715
957,815,2,17,13:37:40,28.915,28915
957,817,2,17,13:37:41,29.813,29813
957,832,2,17,13:37:56,29.895,29895
957,807,2,17,13:38:06,29.867,29867
957,4,2,17,13:38:11,28.799,28799
957,18,2,17,13:38:19,29.588,29588
957,825,2,17,13:38:33,29.201,29201
957,821,2,17,13:38:37,29.884,29884
957,837,2,17,13:38:55,30.135,30135
957,830,2,18,13:39:11,29.429,29429
957,835,3,19,13:42:54,41.486,41486
957,13,3,38,14:13:29,29.346,29346
957,4,3,39,14:15:22,28.936,28936
957,825,3,40,14:17:42,28.450,28450
958,18,1,7,14:14:06,22.229,22229
958,836,1,9,14:16:53,23.486,23486
958,18,2,10,14:18:47,16.486,16486
958,831,1,11,14:19:45,22.778,22778
958,20,1,14,14:23:42,21.640,21640
958,807,1,14,14:24:03,22.014,22014
958,154,1,14,14:24:03,22.427,22427
958,817,1,15,14:25:05,22.241,22241
958,4,1,15,14:25:20,22.099,22099
958,821,1,15,14:25:32,22.828,22828
958,1,1,16,14:26:24,21.441,21441
958,830,1,16,14:26:36,22.389,22389
958,832,1,16,14:26:49,22.960,22960
958,822,1,16,14:26:54,21.704,21704
958,3,1,17,14:27:51,21.233,21233
958,828,1,17,14:28:54,23.873,23873
958,825,1,24,14:38:48,21.990,21990
958,826,1,24,14:39:02,22.105,22105
958,13,1,25,14:40:31,21.793,21793
958,835,1,26,14:41:39,21.892,21892
958,815,1,27,14:43:00,22.689,22689
958,18,3,28,14:45:17,22.718,22718
958,8,1,29,14:45:43,21.951,21951
958,837,1,29,14:46:44,24.254,24254
958,817,2,33,14:51:15,22.006,22006
958,836,2,35,14:55:42,22.765,22765
958,154,2,36,14:56:35,22.303,22303
958,825,2,36,14:56:36,22.051,22051
958,821,2,37,14:58:00,22.520,22520
958,830,2,38,14:58:38,21.687,21687
958,807,2,39,15:00:48,23.350,23350
958,835,2,39,15:00:49,21.665,21665
958,831,2,39,15:01:04,22.965,22965
958,815,2,40,15:02:11,29.941,29941
958,1,2,41,15:02:31,21.773,21773
958,20,2,41,15:02:46,21.535,21535
958,3,2,42,15:03:58,22.351,22351
958,832,2,42,15:04:57,22.417,22417
958,822,2,43,15:06:27,21.405,21405
958,4,2,44,15:07:43,21.897,21897
958,828,2,45,15:10:26,23.198,23198
958,826,2,46,15:11:10,27.951,27951
958,8,2,50,15:15:47,21.857,21857
958,828,3,62,15:35:34,23.308,23308
958,13,2,65,15:39:36,22.366,22366
959,835,1,2,14:06:10,19.298,19298
959,826,1,7,14:13:06,23.243,23243
959,831,1,7,14:13:07,29.865,29865
959,815,1,8,14:14:25,19.233,19233
959,832,1,9,14:15:46,22.751,22751
959,13,1,9,14:15:48,18.590,18590
959,830,1,11,14:18:08,19.017,19017
959,3,1,11,14:18:12,19.693,19693
959,825,1,11,14:18:33,19.034,19034
959,817,1,12,14:19:31,18.964,18964
959,822,1,12,14:19:43,18.796,18796
959,807,1,12,14:19:45,19.608,19608
959,836,1,12,14:20:05,19.813,19813
959,20,1,13,14:20:57,19.230,19230
959,18,1,13,14:21:12,19.427,19427
959,837,1,13,14:21:38,31.317,31317
959,1,1,14,14:22:05,18.650,18650
959,8,1,14,14:22:21,22.393,22393
959,4,1,14,14:22:38,19.258,19258
959,828,1,16,14:25:46,20.148,20148
959,154,1,17,14:26:51,20.301,20301
959,831,2,19,14:30:11,19.944,19944
959,821,1,25,14:38:07,20.099,20099
959,835,2,25,14:38:38,26.688,26688
959,13,2,26,14:39:36,36.395,36395
959,836,2,26,14:39:43,19.626,19626
959,3,2,27,14:40:04,18.936,18936
959,815,2,27,14:40:47,19.223,19223
959,830,2,28,14:41:22,19.137,19137
959,4,2,28,14:42:04,19.440,19440
959,826,2,28,14:42:23,20.227,20227
959,832,2,29,14:43:41,19.747,19747
959,20,2,31,14:45:38,19.472,19472
959,18,2,31,14:46:05,19.124,19124
959,8,2,32,14:47:02,19.142,19142
959,807,2,32,14:47:20,19.144,19144
959,825,2,32,14:47:45,19.159,19159
959,817,2,33,14:48:12,18.738,18738
959,837,2,32,14:48:35,20.919,20919
959,822,2,33,14:48:41,19.183,19183
959,1,2,34,14:49:19,18.504,18504
959,828,2,33,14:49:34,19.318,19318
959,831,3,42,15:02:30,19.755,19755
959,815,3,43,15:02:46,19.379,19379
959,154,2,43,15:03:00,19.863,19863
959,3,3,44,15:03:08,28.364,28364
959,807,3,44,15:03:45,19.907,19907
959,830,3,45,15:04:32,18.967,18967
959,817,3,46,15:05:49,18.979,18979
959,20,3,46,15:06:01,19.000,19000
959,835,3,45,15:06:33,19.725,19725
959,18,3,46,15:06:40,19.268,19268
959,1,3,47,15:06:57,18.475,18475
959,8,3,47,15:07:26,19.525,19525
959,836,3,46,15:07:36,19.658,19658
959,4,3,47,15:08:04,19.127,19127
959,821,2,47,15:08:16,19.326,19326
959,826,3,49,15:11:20,19.264,19264
959,837,3,49,15:12:22,21.186,21186
959,832,3,51,15:13:57,19.547,19547
960,830,1,1,14:05:46,31.235,31235
960,831,1,1,14:05:52,26.390,26390
960,20,1,1,14:05:53,22.403,22403
960,8,1,1,14:06:21,1:27.084,87084
960,13,1,2,14:07:44,22.484,22484
960,807,1,6,14:15:53,23.564,23564
960,8,2,5,14:15:56,23.061,23061
960,815,1,6,14:16:04,23.783,23783
960,154,1,6,14:16:08,23.705,23705
960,835,1,6,14:16:08,22.698,22698
960,839,1,6,14:16:18,28.718,28718
960,822,1,7,14:18:36,22.190,22190
960,821,1,7,14:18:38,23.486,23486
960,3,1,9,14:24:29,16:36.150,996150
960,817,1,9,14:24:30,16:38.401,998401
960,807,2,9,14:24:31,16:38.468,998468
960,4,1,9,14:24:32,16:38.234,998234
960,1,1,9,14:24:34,16:40.478,1000478
960,13,2,9,14:24:35,16:40.664,1000664
960,815,2,9,14:24:36,16:40.284,1000284
960,826,1,9,14:24:38,16:40.466,1000466
960,835,2,9,14:24:40,16:40.234,1000234
960,154,2,9,14:24:42,16:39.366,999366
960,20,2,9,14:24:44,16:38.511,998511
960,822,2,9,14:24:46,16:38.328,998328
960,821,2,9,14:24:48,16:38.622,998622
960,830,2,9,14:24:49,16:38.546,998546
960,839,2,9,14:24:51,16:40.980,1000980
960,831,2,9,14:24:52,16:41.198,1001198
960,8,3,9,14:25:53,15:43.158,943158
960,830,3,16,14:55:40,23.231,23231
960,1,2,21,15:05:00,24.343,24343
960,826,2,21,15:05:19,23.359,23359
960,13,3,22,15:07:04,22.515,22515
960,821,3,22,15:07:18,23.561,23561
960,835,3,22,15:07:20,23.333,23333
960,807,3,23,15:08:55,24.015,24015
960,4,2,23,15:08:57,22.451,22451
960,20,3,23,15:09:03,22.762,22762
960,822,3,23,15:09:06,22.318,22318
960,154,3,23,15:09:21,23.107,23107
960,831,3,23,15:09:23,30.238,30238
960,815,3,24,15:10:56,22.652,22652
960,8,4,24,15:11:06,23.056,23056
960,839,3,24,15:11:25,24.208,24208
960,817,2,25,15:12:33,22.531,22531
960,3,2,26,15:14:15,22.596,22596
960,830,4,27,15:17:02,22.727,22727
960,1,3,32,15:26:06,22.432,22432
960,835,4,34,15:30:48,22.578,22578
960,826,3,35,15:32:37,23.363,23363
961,835,1,2,14:06:49,33.275,33275
961,831,1,2,14:07:30,27.786,27786
961,831,2,4,14:11:17,13:30.454,810454
961,822,1,13,14:22:38,24.161,24161
961,830,1,13,14:22:46,24.610,24610
961,4,1,13,14:22:49,26.843,26843
961,826,1,13,14:23:07,25.183,25183
961,807,1,14,14:24:20,24.043,24043
961,825,1,14,14:24:42,24.505,24505
961,8,1,15,14:25:27,24.116,24116
961,815,1,15,14:25:39,24.537,24537
961,18,1,15,14:26:00,26.427,26427
961,831,3,5,14:26:32,36.594,36594
961,20,1,16,14:26:54,25.472,25472
961,817,1,16,14:27:03,23.745,23745
961,13,1,16,14:27:13,23.940,23940
961,836,1,16,14:27:29,25.962,25962
961,821,1,16,14:27:38,25.150,25150
961,832,1,23,14:38:06,25.301,25301
961,828,1,23,14:38:08,25.145,25145
961,3,1,24,14:38:25,25.550,25550
961,1,1,25,14:40:05,23.633,23633
961,815,2,28,14:45:06,24.033,24033
961,154,1,28,14:45:26,25.340,25340
961,822,2,30,14:47:55,23.899,23899
961,825,2,30,14:49:06,23.757,23757
961,20,2,33,14:52:00,25.033,25033
961,839,1,32,14:52:20,25.539,25539
961,807,2,33,14:52:41,24.553,24553
961,4,2,33,14:52:50,23.694,23694
961,826,2,33,14:53:29,24.363,24363
961,8,2,34,14:53:31,24.279,24279
961,821,2,34,14:54:36,25.515,25515
961,830,2,35,14:55:22,23.827,23827
961,13,2,36,14:56:59,23.822,23822
961,817,2,37,14:58:08,23.633,23633
961,18,2,38,15:00:16,24.418,24418
961,832,2,39,15:02:07,24.341,24341
961,4,3,49,15:16:39,24.082,24082
962,3,1,1,20:06:14,26.350,26350
962,817,1,1,20:06:15,25.925,25925
962,1,1,1,20:06:19,24.453,24453
962,8,1,1,20:06:21,24.874,24874
962,4,1,1,20:06:22,24.649,24649
962,826,1,1,20:06:24,24.584,24584
962,832,1,1,20:06:25,25.973,25973
962,830,1,1,20:06:26,25.740,25740
962,13,1,1,20:06:27,25.929,25929
962,825,1,1,20:06:28,25.816,25816
962,828,1,1,20:06:30,26.135,26135
962,815,1,1,20:06:31,32.821,32821
962,821,1,1,20:06:32,26.519,26519
962,18,1,1,20:06:33,42.815,42815
962,822,1,1,20:06:40,32.709,32709
962,836,1,1,20:06:42,24.308,24308
962,839,1,1,20:06:43,24.343,24343
962,831,1,1,20:06:44,25.057,25057
962,835,1,1,20:06:45,25.211,25211
962,20,1,1,20:06:48,24.342,24342
962,832,2,7,20:18:50,29.846,29846
962,828,2,8,20:20:49,29.706,29706
962,835,2,11,20:26:49,28.847,28847
962,830,2,13,20:30:12,28.815,28815
962,4,2,14,20:31:59,29.401,29401
962,817,2,15,20:33:33,28.890,28890
962,1,2,15,20:33:37,29.150,29150
962,826,2,15,20:33:53,30.301,30301
962,822,2,15,20:34:33,28.780,28780
962,18,2,15,20:34:34,28.998,28998
962,3,2,16,20:35:17,30.546,30546
962,13,2,16,20:35:53,28.682,28682
962,8,2,17,20:37:28,29.041,29041
962,825,2,17,20:37:54,28.759,28759
962,831,2,17,20:38:03,30.297,30297
962,821,2,18,20:39:52,30.307,30307
962,836,2,18,20:40:10,30.532,30532
962,839,2,19,20:42:20,1:44.383,104383
962,20,2,24,20:51:16,28.924,28924
962,815,2,25,20:53:08,28.742,28742
962,828,3,25,20:53:46,29.468,29468
962,830,3,27,20:56:59,28.948,28948
962,832,3,27,20:57:18,29.320,29320
962,18,3,27,20:57:36,29.025,29025
962,13,3,28,20:58:52,29.578,29578
962,822,3,30,21:03:12,28.545,28545
962,817,3,32,21:05:33,28.921,28921
962,3,3,33,21:07:19,28.970,28970
962,822,4,32,21:07:22,1:03.680,63680
962,8,3,33,21:07:36,29.135,29135
962,1,3,34,21:09:30,28.421,28421
962,4,3,34,21:10:00,30.381,30381
962,835,3,34,21:11:01,28.804,28804
962,831,3,35,21:12:35,29.537,29537
962,839,3,34,21:12:43,30.614,30614
962,821,3,36,21:14:20,30.160,30160
962,836,3,36,21:14:53,30.471,30471
962,828,4,36,21:15:00,29.680,29680
962,826,3,37,21:15:47,29.205,29205
962,825,3,38,21:17:53,29.754,29754
962,20,3,42,21:24:58,29.391,29391
962,13,4,43,21:27:23,29.903,29903
962,830,4,44,21:28:59,28.854,28854
962,1,4,45,21:30:08,28.315,28315
962,8,4,46,21:31:56,28.954,28954
962,817,4,47,21:33:41,28.662,28662
962,839,4,45,21:34:04,42.368,42368
962,832,4,48,21:37:18,29.377,29377
963,826,1,1,15:06:13,32.413,32413
963,13,1,1,15:06:15,23.528,23528
963,825,1,1,15:06:24,30.679,30679
963,821,1,1,15:06:25,30.782,30782
963,13,2,6,15:15:25,24.425,24425
963,830,1,9,15:20:26,23.935,23935
963,815,1,9,15:20:38,27.024,27024
963,18,1,9,15:20:44,24.738,24738
963,807,1,9,15:20:45,26.609,26609
963,4,1,9,15:20:50,25.195,25195
963,3,1,9,15:20:50,23.750,23750
963,836,1,9,15:20:59,25.820,25820
963,839,1,12,15:26:26,25.368,25368
963,1,1,20,15:39:17,23.689,23689
963,8,1,20,15:39:31,24.584,24584
963,832,1,20,15:40:01,24.400,24400
963,817,1,21,15:41:04,24.197,24197
963,828,1,21,15:41:45,25.272,25272
963,821,2,22,15:44:09,24.814,24814
963,830,2,27,15:51:10,23.856,23856
963,4,2,27,15:52:01,24.061,24061
963,807,2,28,15:53:41,24.012,24012
963,822,1,29,15:55:11,23.828,23828
963,826,2,29,15:55:54,24.338,24338
963,836,2,30,15:57:42,26.156,26156
963,3,2,31,15:58:19,24.661,24661
963,835,1,31,15:59:04,23.928,23928
963,839,2,31,15:59:29,33.338,33338
963,13,3,31,15:59:30,23.778,23778
963,8,2,32,15:59:55,24.412,24412
963,815,2,32,16:00:19,23.947,23947
963,831,1,32,16:00:57,24.697,24697
963,18,2,37,16:08:59,24.645,24645
963,832,2,37,16:09:13,24.473,24473
963,828,2,37,16:09:14,24.706,24706
963,821,3,39,16:13:44,25.006,25006
963,8,3,40,16:13:46,24.809,24809
963,4,3,40,16:14:25,23.920,23920
963,807,3,40,16:14:32,25.192,25192
963,817,2,41,16:15:24,24.408,24408
963,830,3,41,16:15:26,28.274,28274
963,826,3,40,16:15:33,24.718,24718
963,3,3,41,16:15:58,23.476,23476
963,836,3,41,16:18:14,25.201,25201
964,4,1,9,14:19:03,22.786,22786
964,830,1,10,14:20:15,22.855,22855
964,817,1,10,14:20:26,22.996,22996
964,154,1,10,14:20:36,23.741,23741
964,826,1,10,14:20:38,22.990,22990
964,807,1,11,14:22:12,22.832,22832
964,821,1,11,14:22:18,24.110,24110
964,3,1,12,14:23:28,22.673,22673
964,20,1,12,14:23:35,23.226,23226
964,815,1,12,14:23:45,23.605,23605
964,8,1,12,14:23:45,23.244,23244
964,839,1,12,14:24:19,24.973,24973
964,1,1,13,14:25:25,22.989,22989
964,832,1,13,14:25:40,22.986,22986
964,836,1,13,14:26:05,24.630,24630
964,18,1,19,14:36:02,24.375,24375
964,826,2,23,14:42:46,22.943,22943
964,13,1,24,14:44:11,22.463,22463
964,835,1,25,14:45:55,23.452,23452
964,825,1,25,14:46:04,23.072,23072
964,831,1,25,14:46:10,25.131,25131
964,8,2,26,14:47:00,22.762,22762
964,822,1,26,14:47:27,25.007,25007
964,828,1,26,14:47:42,24.011,24011
964,4,2,27,14:49:28,23.032,23032
964,830,2,28,14:49:53,22.788,22788
964,807,2,28,14:50:32,22.952,22952
964,821,2,28,14:51:13,23.792,23792
964,3,2,29,14:51:24,23.150,23150
964,815,2,29,14:52:07,22.721,22721
964,154,2,30,14:54:06,25.429,25429
964,839,2,31,14:56:24,24.256,24256
964,817,2,32,14:56:52,25.861,25861
964,1,2,33,14:58:11,22.732,22732
964,836,2,32,14:58:22,25.461,25461
964,20,2,34,14:59:47,22.887,22887
964,18,2,36,15:04:30,23.342,23342
964,832,2,37,15:06:04,22.938,22938
965,822,1,1,14:06:03,27.098,27098
965,817,1,8,14:17:32,23.956,23956
965,8,1,8,14:17:35,23.989,23989
965,830,1,9,14:19:21,23.489,23489
965,3,1,10,14:21:02,23.526,23526
965,18,1,10,14:21:28,23.613,23613
965,154,1,10,14:21:30,24.523,24523
965,815,1,10,14:21:31,23.350,23350
965,1,1,11,14:22:40,23.601,23601
965,13,1,11,14:23:03,24.093,24093
965,832,1,11,14:23:06,24.778,24778
965,4,1,11,14:23:10,23.683,23683
965,821,1,13,14:27:00,24.470,24470
965,825,1,13,14:27:04,24.310,24310
965,836,1,13,14:27:10,26.059,26059
965,20,1,14,14:28:08,24.433,24433
965,835,1,15,14:30:43,24.071,24071
965,828,1,17,14:34:12,25.229,25229
965,839,1,17,14:34:34,25.216,25216
965,822,2,20,14:40:06,25.222,25222
965,826,1,21,14:41:16,37.837,37837
965,8,2,24,14:45:43,23.845,23845
965,817,2,25,14:47:19,23.534,23534
965,830,2,26,14:49:08,36.112,36112
965,835,2,26,14:50:20,24.766,24766
965,839,2,26,14:50:59,27.532,27532
965,815,2,27,14:51:47,24.467,24467
965,154,2,27,14:51:52,26.056,26056
965,825,2,27,14:52:06,24.103,24103
965,18,2,28,14:53:32,25.635,25635
965,20,2,29,14:54:23,23.812,23812
965,13,2,29,14:54:55,23.903,23903
965,831,1,29,14:55:54,24.244,24244
965,832,2,30,14:56:49,24.281,24281
965,4,2,30,14:56:57,25.300,25300
965,1,2,31,14:57:50,23.575,23575
965,836,2,30,14:58:04,25.182,25182
965,3,2,31,14:58:05,24.149,24149
965,8,3,38,15:11:09,25.384,25384
965,825,3,43,15:21:37,23.898,23898
965,839,3,44,15:24:27,24.665,24665
965,20,3,53,15:37:10,24.156,24156
965,13,3,54,15:39:55,23.464,23464
966,817,1,1,13:04:51,22.087,22087
966,835,1,1,13:05:06,23.897,23897
966,828,1,1,13:05:11,32.608,32608
966,154,1,11,13:20:31,22.957,22957
966,830,1,12,13:21:26,21.775,21775
966,832,1,12,13:21:43,22.747,22747
966,825,1,12,13:21:47,22.271,22271
966,821,1,12,13:21:51,25.198,25198
966,826,1,13,13:23:20,22.665,22665
966,807,1,14,13:24:17,22.134,22134
966,13,1,14,13:24:24,21.863,21863
966,839,1,15,13:26:15,23.866,23866
966,4,1,16,13:27:27,22.461,22461
966,1,1,17,13:28:16,21.709,21709
966,18,1,17,13:28:57,22.438,22438
966,822,1,19,13:31:31,22.396,22396
966,3,1,20,13:32:32,21.997,21997
966,8,1,20,13:32:40,22.398,22398
966,815,1,20,13:32:56,22.213,22213
966,20,1,32,13:49:30,22.035,22035
966,8,2,45,14:07:53,22.974,22974
966,4,2,45,14:09:00,25.171,25171
966,826,2,47,14:11:56,22.865,22865
966,821,2,48,14:13:40,23.110,23110
966,831,1,49,14:14:38,23.540,23540
966,817,2,50,14:14:47,22.443,22443
966,154,2,50,14:16:38,23.678,23678
966,825,2,51,14:17:54,22.384,22384
967,825,1,7,14:24:31,24.986,24986
967,18,1,8,14:26:08,24.192,24192
967,4,1,9,14:27:30,24.821,24821
967,822,1,9,14:27:31,24.724,24724
967,13,1,9,14:27:33,29.421,29421
967,826,1,9,14:27:36,25.758,25758
967,835,1,9,14:27:40,24.745,24745
967,828,1,9,14:27:41,25.395,25395
967,20,1,10,14:29:08,29.981,29981
967,821,1,12,14:32:18,25.147,25147
967,830,1,13,14:33:11,24.186,24186
967,817,1,13,14:33:32,24.623,24623
967,826,2,17,14:41:54,25.355,25355
967,835,2,17,14:41:59,24.656,24656
967,1,1,20,14:47:37,33:30.361,2010361
967,3,1,20,14:47:40,33:29.747,2009747
967,830,2,20,14:47:41,33:29.643,2009643
967,807,1,20,14:47:44,33:28.504,2008504
967,815,1,20,14:47:46,33:28.398,2008398
967,832,1,20,14:47:48,33:28.828,2008828
967,831,1,20,14:47:50,33:28.206,2008206
967,817,2,20,14:47:52,33:28.600,2008600
967,839,1,20,14:47:53,33:29.052,2009052
967,836,1,20,14:47:56,33:28.464,2008464
967,4,2,20,14:47:57,33:28.789,2008789
967,822,2,20,14:47:59,33:28.595,2008595
967,825,2,20,14:48:00,33:28.979,2008979
967,18,2,20,14:48:04,33:30.062,2010062
967,20,2,20,14:48:05,33:30.637,2010637
967,13,2,20,14:48:08,33:29.630,2009630
967,821,2,20,14:48:09,33:31.147,2011147
967,826,3,20,14:48:11,33:31.266,2011266
967,807,2,22,15:25:12,24.282,24282
967,1,2,28,15:37:24,24:42.048,1482048
967,3,2,28,15:37:26,24:41.624,1481624
967,830,3,28,15:37:27,24:41.433,1481433
967,815,2,28,15:37:29,24:42.290,1482290
967,832,2,28,15:37:31,24:43.053,1483053
967,831,2,28,15:37:32,24:43.214,1483214
967,817,3,28,15:37:33,24:44.725,1484725
967,839,2,28,15:37:35,24:45.092,1485092
967,836,2,28,15:37:36,24:44.979,1484979
967,4,3,28,15:37:39,24:43.818,1483818
967,822,3,28,15:37:41,24:43.957,1483957
967,825,3,28,15:37:43,24:44.474,1484474
967,18,3,28,15:37:46,24:44.987,1484987
967,20,3,28,15:37:49,24:43.923,1483923
967,807,3,28,15:37:50,24:45.304,1485304
967,13,3,28,15:37:51,24:45.969,1485969
967,821,3,28,15:37:54,24:44.444,1484444
967,826,4,28,15:37:56,24:44.388,1484388
967,13,4,31,16:08:25,29.754,29754
967,18,4,34,16:13:01,25.006,25006
967,822,4,38,16:18:52,24.994,24994
967,817,4,40,16:21:27,29.621,29621
967,825,4,41,16:23:25,24.265,24265
967,830,4,43,16:25:37,24.435,24435
967,18,5,44,16:28:14,24.754,24754
967,821,4,47,16:32:38,17.835,17835
967,817,5,52,16:41:54,24.521,24521
967,836,3,52,16:42:00,25.509,25509
967,830,5,54,16:45:53,24.041,24041
968,825,1,1,17:05:37,27.068,27068
968,832,1,6,17:14:43,21.761,21761
968,836,1,6,17:14:44,33.395,33395
968,1,1,7,17:16:01,22.600,22600
968,8,1,7,17:16:05,21.959,21959
968,4,1,7,17:16:19,22.428,22428
968,835,1,7,17:16:27,24.781,24781
968,831,1,7,17:16:34,23.272,23272
968,3,1,8,17:17:48,23.753,23753
968,20,1,8,17:17:54,21.711,21711
968,807,1,8,17:17:59,21.834,21834
968,13,1,8,17:18:07,21.775,21775
968,826,1,8,17:18:19,21.896,21896
968,821,1,8,17:18:19,22.032,22032
968,817,1,9,17:19:37,22.084,22084
968,815,1,9,17:19:50,21.308,21308
968,154,1,20,17:40:10,22.838,22838
968,830,1,21,17:41:22,21.221,21221
968,835,2,21,17:42:16,22.145,22145
968,839,1,22,17:43:59,24.035,24035
968,817,2,24,17:46:46,21.768,21768
968,836,2,24,17:47:52,22.949,22949
968,8,2,25,17:48:31,22.087,22087
968,807,2,26,17:50:33,21.482,21482
968,815,2,27,17:52:26,22.012,22012
968,1,2,28,17:53:38,21.355,21355
968,821,2,28,17:54:49,22.102,22102
968,832,2,28,17:55:00,21.935,21935
968,3,2,29,17:55:27,21.218,21218
968,13,2,30,17:57:55,21.539,21539
968,839,2,36,18:09:38,23.026,23026
968,831,2,36,18:09:42,29.933,29933
968,20,2,37,18:09:47,21.872,21872
968,4,2,38,18:12:17,22.248,22248
968,154,2,38,18:12:35,22.527,22527
968,828,1,38,18:13:21,22.991,22991
968,835,3,41,18:18:52,22.588,22588
969,825,1,1,16:08:47,31.336,31336
969,840,1,5,16:14:22,22.293,22293
969,838,1,9,16:20:40,39.562,39562
969,839,1,15,16:29:32,22.154,22154
969,841,1,15,16:29:57,28.591,28591
969,4,1,16,16:31:00,22.484,22484
969,807,1,16,16:31:01,23.130,23130
969,1,1,17,16:31:40,21.709,21709
969,815,1,17,16:32:20,22.045,22045
969,832,1,18,16:33:49,21.762,21762
969,13,1,20,16:36:44,21.568,21568
969,20,1,23,16:40:32,21.988,21988
969,822,1,25,16:43:42,21.440,21440
969,830,1,25,16:43:56,22.208,22208
969,8,1,26,16:45:16,22.033,22033
969,840,2,29,16:51:13,22.380,22380
969,807,2,30,16:52:40,23.159,23159
969,826,1,34,16:57:51,25.559,25559
969,825,2,44,17:15:10,22.189,22189
969,826,2,49,17:20:30,24.026,24026
970,807,1,1,14:05:25,23.550,23550
970,20,1,2,14:07:35,22.906,22906
970,826,1,2,14:07:46,24.016,24016
970,4,1,2,14:07:48,24.250,24250
970,13,1,2,14:07:51,23.123,23123
970,815,1,2,14:07:52,24.030,24030
970,825,1,2,14:07:53,23.809,23809
970,828,1,2,14:07:54,27.934,27934
970,839,1,2,14:07:57,17.673,17673
970,154,1,2,14:08:00,30.654,30654
970,841,1,2,14:08:01,29.443,29443
970,838,1,2,14:08:01,25.146,25146
970,1,1,4,14:12:08,22.999,22999
970,822,1,4,14:12:17,32.287,32287
970,817,1,4,14:12:20,17.340,17340
970,8,1,4,14:12:21,23.847,23847
970,830,1,4,14:12:23,23.071,23071
970,20,2,4,14:12:35,17.354,17354
970,832,1,4,14:12:47,17.337,17337
970,839,2,4,14:12:49,33.491,33491
970,4,2,4,14:12:55,17.304,17304
970,826,2,4,14:13:00,17.320,17320
970,13,2,4,14:13:01,17.324,17324
970,815,2,4,14:13:01,17.416,17416
970,825,2,4,14:13:03,17.296,17296
970,835,1,4,14:13:06,17.291,17291
970,838,2,4,14:13:08,17.325,17325
970,807,2,4,14:13:11,17.336,17336
970,828,2,4,14:13:14,17.341,17341
970,154,2,4,14:13:23,17.303,17303
970,1,2,5,14:15:08,17.616,17616
970,817,2,5,14:15:09,23.613,23613
970,8,2,5,14:15:18,17.877,17877
970,830,2,5,14:15:19,17.651,17651
970,822,2,5,14:15:20,17.343,17343
970,20,3,5,14:15:24,17.362,17362
970,832,2,5,14:15:33,17.340,17340
970,4,3,5,14:15:40,17.302,17302
970,826,3,5,14:15:46,17.324,17324
970,13,3,5,14:15:48,17.321,17321
970,815,3,5,14:15:49,17.312,17312
970,825,3,5,14:15:49,17.298,17298
970,839,3,5,14:15:52,17.356,17356
970,835,2,5,14:15:55,17.291,17291
970,838,3,5,14:15:57,17.295,17295
970,807,3,5,14:15:58,17.362,17362
970,828,3,5,14:16:02,17.344,17344
970,154,3,5,14:16:10,24.114,24114
970,1,3,6,14:17:55,17.737,17737
970,817,3,6,14:18:00,17.480,17480
970,8,3,6,14:18:03,17.435,17435
970,830,3,6,14:18:05,17.421,17421
970,822,3,6,14:18:06,17.323,17323
970,20,4,6,14:18:10,17.370,17370
970,4,4,6,14:18:16,17.302,17302
970,832,3,6,14:18:18,17.374,17374
970,826,4,6,14:18:28,17.322,17322
970,13,4,6,14:18:29,17.377,17377
970,815,4,6,14:18:30,18.225,18225
970,825,4,6,14:18:34,17.299,17299
970,839,4,6,14:18:36,17.366,17366
970,835,3,6,14:18:39,17.301,17301
970,838,4,6,14:18:41,17.292,17292
970,807,4,6,14:18:43,17.359,17359
970,828,4,6,14:18:46,17.344,17344
970,154,4,6,14:18:48,17.314,17314
970,815,5,20,14:43:03,23.057,23057
970,13,5,24,14:50:13,23.451,23451
970,832,4,28,14:56:06,22.840,22840
970,830,4,29,14:57:33,22.505,22505
970,835,4,30,15:00:32,23.993,23993
970,825,5,32,15:03:12,23.463,23463
970,817,4,33,15:04:09,22.505,22505
970,807,5,33,15:05:10,40.144,40144
970,20,5,34,15:05:37,22.443,22443
970,822,4,35,15:07:45,24.317,24317
970,1,4,36,15:08:39,22.668,22668
970,154,5,35,15:08:45,23.211,23211
970,8,4,39,15:14:04,23.119,23119
970,839,5,42,15:20:06,22.926,22926
970,13,6,48,15:30:29,22.517,22517
970,815,6,49,15:31:25,22.979,22979
971,840,1,8,18:16:59,24.915,24915
971,20,1,10,18:19:52,24.702,24702
971,830,1,11,18:21:30,25.174,25174
971,839,1,11,18:21:47,24.664,24664
971,836,1,11,18:21:59,26.542,26542
971,8,1,12,18:23:10,26.430,26430
971,154,1,12,18:23:23,25.075,25075
971,832,1,12,18:23:26,25.001,25001
971,822,1,13,18:24:52,28.368,28368
971,1,1,13,18:24:59,30.687,30687
971,817,1,13,18:24:59,25.312,25312
971,13,1,13,18:25:06,25.704,25704
971,807,1,13,18:25:13,26.634,26634
971,815,1,13,18:25:24,24.332,24332
971,835,1,13,18:25:31,27.466,27466
971,4,1,13,18:25:31,24.922,24922
971,826,1,13,18:25:35,25.204,25204
971,822,2,30,18:54:49,24.540,24540
971,154,2,31,18:56:52,24.965,24965
971,20,2,33,18:59:27,24.314,24314
971,828,1,33,19:00:33,25.576,25576
971,815,2,36,19:04:49,24.630,24630
971,807,2,36,19:04:58,25.135,25135
971,4,2,36,19:05:15,24.723,24723
971,8,2,37,19:06:10,25.856,25856
971,13,2,37,19:06:22,24.240,24240
971,839,2,37,19:06:38,24.505,24505
971,835,2,37,19:06:55,26.420,26420
971,817,2,39,19:09:27,25.200,25200
971,1,2,41,19:12:14,30.682,30682
971,826,2,41,19:13:18,25.246,25246
972,838,1,1,15:08:55,30.006,30006
972,828,1,1,15:08:58,32.235,32235
972,836,1,2,15:11:28,31.266,31266
972,836,2,20,15:43:16,30.799,30799
972,13,1,21,15:44:10,29.923,29923
972,825,1,21,15:44:30,36.559,36559
972,826,1,21,15:44:36,29.991,29991
972,828,2,21,15:44:59,30.655,30655
972,832,1,24,15:49:33,29.973,29973
972,838,2,24,15:49:57,35.998,35998
972,839,1,26,15:52:42,30.253,30253
972,840,1,26,15:52:58,29.791,29791
972,822,1,27,15:53:23,29.356,29356
972,815,1,27,15:54:17,29.868,29868
972,8,1,29,15:56:49,30.152,30152
972,830,1,29,15:57:19,29.567,29567
972,1,1,30,15:58:36,29.739,29739
972,20,1,34,16:04:56,30.097,30097
972,807,1,40,16:16:07,30.280,30280
972,13,2,41,16:17:53,29.920,29920
973,826,1,1,14:04:51,22.235,22235
973,13,1,1,14:05:02,40.612,40612
973,835,1,2,14:06:27,23.159,23159
973,4,1,12,14:21:10,22.690,22690
973,840,1,12,14:21:16,22.100,22100
973,838,1,12,14:21:24,22.547,22547
973,825,1,13,14:22:35,22.703,22703
973,832,1,13,14:22:36,22.432,22432
973,13,2,13,14:23:17,22.292,22292
973,20,1,14,14:23:19,22.499,22499
973,807,1,15,14:25:28,22.490,22490
973,839,1,16,14:26:51,22.616,22616
973,815,1,18,14:29:42,25.082,25082
973,828,1,18,14:30:11,22.995,22995
973,154,1,19,14:31:26,22.866,22866
973,1,1,21,14:33:26,21.544,21544
973,817,1,21,14:33:54,21.811,21811
973,835,2,21,14:35:11,22.762,22762
973,822,1,26,14:41:01,21.689,21689
973,4,2,31,14:49:39,23.354,23354
973,828,2,32,14:51:03,22.775,22775
973,836,1,33,14:52:14,23.445,23445
973,807,2,33,14:52:15,22.362,22362
973,825,2,33,14:52:15,23.814,23814
973,826,2,33,14:52:37,22.117,22117
973,840,2,33,14:52:52,22.071,22071
973,13,3,33,14:53:10,23.066,23066
973,815,2,34,14:53:46,23.107,23107
973,839,2,34,14:53:58,22.643,22643
973,832,2,34,14:54:20,21.934,21934
973,154,2,34,14:54:22,22.641,22641
973,1,2,36,14:56:30,21.722,21722
973,20,2,37,14:57:53,22.307,22307
973,817,2,38,15:00:10,21.918,21918
973,835,3,42,15:07:31,24.750,24750
973,4,3,51,15:20:24,22.923,22923
973,825,3,63,15:37:43,25.052,25052
974,836,1,1,14:04:27,25.813,25813
974,18,1,1,14:04:29,24.465,24465
974,815,1,16,14:23:49,31.313,31313
974,830,1,32,14:44:07,25.343,25343
974,822,1,33,14:45:24,24.308,24308
974,8,1,34,14:46:35,24.833,24833
974,828,1,35,14:49:08,24.949,24949
974,826,1,36,14:49:48,24.406,24406
974,839,1,36,14:50:06,24.299,24299
974,832,1,37,14:50:54,24.427,24427
974,825,1,37,14:51:04,24.979,24979
974,817,1,38,14:51:46,24.183,24183
974,13,1,38,14:52:42,24.353,24353
974,20,1,39,14:52:55,24.306,24306
974,839,2,39,14:54:19,24.496,24496
974,18,2,39,14:54:53,26.057,26057
974,154,1,40,14:54:55,24.660,24660
974,840,1,41,14:56:46,26.690,26690
974,825,2,42,14:57:54,26.040,26040
974,835,1,42,14:58:05,25.472,25472
974,838,1,43,14:58:56,24.768,24768
974,1,1,46,15:02:38,24.155,24155
974,830,2,60,15:20:48,25.678,25678
974,839,3,60,15:22:40,24.642,24642
974,13,2,62,15:24:59,25.123,25123
974,815,2,63,15:26:16,25.026,25026
974,840,2,67,15:33:42,25.248,25248
974,815,3,72,15:40:06,35.485,35485
975,154,1,1,14:04:59,31.256,31256
975,836,1,1,14:05:02,51.757,51757
975,20,1,5,14:11:32,31.596,31596
975,807,1,11,14:19:40,26.764,26764
975,835,1,11,14:19:55,24.423,24423
975,828,1,11,14:19:57,24.047,24047
975,826,1,15,14:25:55,18.088,18088
975,8,1,17,14:28:23,23.500,23500
975,817,1,18,14:29:37,23.309,23309
975,815,1,19,14:30:56,23.229,23229
975,822,1,23,14:35:53,22.946,22946
975,840,1,25,14:39:14,22.790,22790
975,1,1,32,14:47:15,23.061,23061
975,839,1,32,14:47:42,23.409,23409
975,836,2,40,14:59:18,24.202,24202
975,8,2,41,14:59:29,23.760,23760
975,4,1,42,15:01:08,23.526,23526
975,838,1,45,15:05:22,23.267,23267
975,825,1,46,15:06:28,28.869,28869
975,20,2,49,15:09:44,23.345,23345
975,826,2,53,15:15:19,1:46.374,106374
976,822,1,1,17:07:00,36.262,36262
976,154,1,3,17:09:40,20.776,20776
976,817,1,5,17:13:04,23.361,23361
976,838,1,5,17:13:19,21.423,21423
976,1,1,12,17:25:22,20.418,20418
976,20,1,12,17:25:26,20.059,20059
976,815,1,12,17:25:35,20.598,20598
976,8,1,12,17:25:39,23.237,23237
976,13,1,12,17:25:43,21.453,21453
976,839,1,12,17:25:45,20.493,20493
976,822,2,11,17:25:58,20.407,20407
976,825,1,12,17:26:11,20.391,20391
976,4,1,12,17:26:36,21.217,21217
976,832,1,12,17:26:37,21.040,21040
976,828,1,12,17:26:45,23.906,23906
976,836,1,12,17:26:49,31.122,31122
976,840,1,13,17:28:26,22.625,22625
976,807,1,13,17:28:32,21.263,21263
976,817,2,13,17:29:01,20.198,20198
976,836,2,13,17:29:45,22.356,22356
976,154,2,14,17:31:36,21.069,21069
976,1,2,17,17:39:17,15.234,15234
976,20,2,17,17:39:18,15.174,15174
976,815,2,17,17:39:19,15.278,15278
976,13,2,17,17:39:20,15.033,15033
976,839,2,17,17:39:21,15.061,15061
976,8,2,17,17:39:22,15.049,15049
976,840,2,17,17:39:23,15.327,15327
976,807,2,17,17:39:24,15.638,15638
976,817,3,17,17:39:26,15.135,15135
976,825,2,17,17:39:27,15.128,15128
976,4,2,17,17:39:29,15.104,15104
976,832,2,17,17:39:31,14.966,14966
976,838,2,17,17:39:32,15.097,15097
976,154,3,17,17:39:33,15.073,15073
976,828,2,17,17:39:34,26.051,26051
976,836,3,17,17:39:36,34.847,34847
976,822,3,17,17:39:52,14.978,14978
976,815,3,20,17:47:36,26:34.609,1594609
976,839,3,20,17:47:51,31.657,31657
976,8,3,20,17:48:02,26:23.848,1583848
976,836,4,21,17:50:37,22.390,22390
976,1,3,22,17:53:26,21:50.768,1310768
976,20,3,22,17:53:28,21:50.808,1310808
976,13,3,22,17:53:30,21:50.671,1310671
976,840,3,22,17:53:32,21:52.728,1312728
976,817,4,22,17:53:34,21:53.343,1313343
976,807,3,22,17:53:35,21:53.641,1313641
976,825,3,22,17:53:37,21:52.704,1312704
976,4,3,22,17:53:38,21:53.187,1313187
976,832,3,22,17:53:40,21:53.693,1313693
976,154,4,22,17:53:42,21:53.665,1313665
976,828,3,22,17:53:45,21:54.950,1314950
976,838,3,22,17:53:48,21:54.189,1314189
976,822,4,22,17:53:50,21:53.511,1313511
976,839,4,22,17:53:52,21:53.873,1313873
976,836,5,22,17:53:54,21:55.645,1315645
976,1,4,31,18:32:21,27.025,27025
976,20,4,33,18:35:52,29.317,29317
976,838,4,33,18:36:35,20.446,20446
976,815,4,33,18:38:09,14.951,14951
976,8,4,33,18:38:11,14.943,14943
976,154,5,36,18:42:11,24.486,24486
977,826,1,1,14:04:23,33.607,33607
977,826,2,9,14:14:29,16.139,16139
977,807,1,14,14:19:44,21.977,21977
977,1,1,31,14:38:58,20.761,20761
977,838,1,31,14:39:43,21.714,21714
977,817,1,33,14:41:11,21.713,21713
977,20,1,34,14:42:15,21.750,21750
977,835,1,34,14:43:13,22.233,22233
977,828,1,34,14:43:40,22.339,22339
977,815,1,35,14:44:03,22.030,22030
977,840,1,35,14:44:21,21.332,21332
977,836,1,35,14:44:41,22.414,22414
977,154,1,36,14:45:10,22.026,22026
977,822,1,41,14:50:11,22.387,22387
977,832,1,40,14:50:18,21.659,21659
977,839,1,42,14:52:17,22.176,22176
977,8,1,44,14:53:59,21.662,21662
977,838,2,44,14:55:17,16.206,16206
977,13,1,47,14:58:07,20.977,20977
977,826,3,55,15:09:24,22.274,22274
978,826,1,1,13:08:08,45.538,45538
978,836,1,2,13:10:06,29.861,29861
978,836,2,3,13:12:33,29.941,29941
978,826,2,9,13:23:00,22.895,22895
978,20,1,18,13:36:44,28.363,28363
978,830,1,19,13:38:17,29.147,29147
978,839,1,20,13:40:15,29.194,29194
978,4,1,20,13:40:30,28.269,28269
978,840,1,22,13:43:38,29.849,29849
978,815,1,23,13:45:01,28.942,28942
978,154,1,23,13:45:11,28.361,28361
978,8,1,24,13:45:53,28.476,28476
978,807,1,24,13:46:27,30.841,30841
978,1,1,25,13:47:14,27.733,27733
978,13,1,25,13:48:18,27.583,27583
978,838,1,26,13:49:50,29.337,29337
978,826,3,27,13:52:00,28.630,28630
978,828,1,28,13:53:19,28.825,28825
978,836,3,31,13:58:18,31.250,31250
978,822,1,32,13:58:23,27.858,27858
978,817,1,32,13:59:09,27.910,27910
978,825,1,37,14:07:18,28.099,28099
978,840,2,42,14:15:32,28.335,28335
978,154,2,43,14:16:53,28.998,28998
978,8,2,49,14:24:46,29.057,29057
978,830,2,49,14:25:07,28.056,28056
978,20,2,50,14:27:09,35.204,35204
979,828,1,1,14:05:01,25.179,25179
979,836,1,3,14:09:26,24.213,24213
979,154,1,20,14:35:03,22.638,22638
979,836,2,28,14:46:37,22.998,22998
979,840,1,29,14:47:41,21.804,21804
979,822,1,30,14:48:04,22.681,22681
979,1,1,31,14:49:30,21.338,21338
979,825,1,31,14:50:24,22.684,22684
979,20,1,32,14:50:43,22.317,22317
979,8,1,33,14:52:06,21.919,21919
979,815,1,34,14:54:12,24.017,24017
979,814,1,34,14:55:06,22.399,22399
979,832,1,35,14:55:33,22.745,22745
979,4,1,35,14:55:33,22.399,22399
979,839,1,35,14:55:44,22.441,22441
979,826,1,40,15:02:57,22.273,22273
979,830,1,42,15:04:37,33.605,33605
979,838,1,42,15:05:22,28.616,28616
979,807,1,45,15:09:34,31.860,31860
979,835,1,46,15:11:22,22.684,22684
979,828,2,63,15:36:20,24.097,24097
980,835,1,8,14:19:01,26.202,26202
980,828,1,8,14:19:07,23.999,23999
980,825,1,9,14:20:51,22.828,22828
980,840,1,9,14:20:55,24.697,24697
980,839,1,10,14:22:35,23.364,23364
980,154,1,10,14:22:38,22.925,22925
980,4,1,10,14:22:43,24.158,24158
980,807,1,11,14:24:21,23.507,23507
980,13,1,11,14:24:38,22.667,22667
980,1,1,12,14:25:45,22.037,22037
980,815,1,12,14:26:21,23.289,23289
980,822,1,13,14:27:44,22.963,22963
980,20,1,14,14:29:26,22.443,22443
980,817,1,14,14:29:45,22.900,22900
980,8,1,15,14:31:33,22.533,22533
980,8,2,17,14:35:29,30.373,30373
980,826,1,18,14:37:55,22.444,22444
980,838,1,18,14:38:00,26.894,26894
980,832,1,19,14:39:43,24.095,24095
980,828,2,23,14:47:51,23.221,23221
980,815,2,25,14:50:45,28.594,28594
980,839,2,27,14:54:26,23.200,23200
980,8,3,29,14:57:52,22.963,22963
980,807,2,29,14:58:06,23.539,23539
980,154,2,29,14:58:27,22.756,22756
980,13,2,29,14:58:40,23.092,23092
980,839,3,29,14:58:44,29.646,29646
980,832,2,29,14:58:50,24.370,24370
980,840,2,29,14:59:01,23.109,23109
980,815,3,29,14:59:10,26.574,26574
980,1,2,30,14:59:18,22.357,22357
980,20,2,30,14:59:18,25.650,25650
980,822,2,30,14:59:31,22.919,22919
980,817,2,30,14:59:47,23.180,23180
980,828,3,29,14:59:55,23.792,23792
980,825,2,30,15:01:09,22.908,22908
980,826,2,30,15:01:33,23.341,23341
980,835,2,30,15:01:36,24.674,24674
980,838,2,30,15:01:43,26.187,26187
980,825,3,34,15:10:50,23.737,23737
981,154,1,3,14:08:10,33.433,33433
981,830,1,3,14:08:20,39.888,39888
981,807,1,9,14:16:50,24.418,24418
981,825,1,11,14:19:43,24.384,24384
981,832,1,13,14:22:44,24.865,24865
981,8,1,15,14:25:17,25.367,25367
981,839,1,16,14:26:42,24.432,24432
981,840,1,17,14:28:09,26.131,26131
981,828,1,18,14:30:19,25.310,25310
981,826,1,19,14:31:23,25.826,25826
981,836,1,20,14:33:19,25.212,25212
981,13,1,21,14:33:59,25.078,25078
981,835,1,25,14:40:16,31.008,31008
981,830,2,27,14:43:27,24.173,24173
981,4,1,30,14:47:38,24.442,24442
981,20,1,31,14:48:03,24.307,24307
981,1,1,32,14:49:05,23.725,23725
981,815,1,32,14:49:55,25.377,25377
981,822,1,33,14:50:35,23.728,23728
981,154,2,34,14:53:53,24.307,24307
981,817,1,37,14:56:51,23.951,23951
982,1,1,1,20:06:27,30.442,30442
982,817,1,1,20:06:29,30.737,30737
982,807,1,1,20:06:30,31.032,31032
982,815,1,1,20:06:31,30.709,30709
982,822,1,1,20:06:33,30.444,30444
982,835,1,1,20:06:33,30.785,30785
982,838,1,1,20:06:35,31.550,31550
982,839,1,1,20:06:36,31.793,31793
982,832,1,1,20:06:37,32.689,32689
982,825,1,1,20:06:39,32.701,32701
982,826,1,1,20:06:40,33.077,33077
982,4,1,1,20:06:42,36.900,36900
982,840,1,1,20:06:43,37.403,37403
982,13,1,1,20:06:44,38.464,38464
982,154,1,1,20:06:45,39.455,39455
982,828,1,1,20:06:48,40.125,40125
982,836,1,1,20:06:49,40.506,40506
982,1,2,2,20:09:49,24.368,24368
982,817,2,2,20:09:51,24.402,24402
982,807,2,2,20:09:52,25.093,25093
982,815,2,2,20:09:53,25.315,25315
982,822,2,2,20:09:55,25.367,25367
982,835,2,2,20:09:56,26.206,26206
982,838,2,2,20:09:58,26.553,26553
982,839,2,2,20:09:59,26.532,26532
982,832,2,2,20:10:00,27.452,27452
982,825,2,2,20:10:02,26.903,26903
982,826,2,2,20:10:04,27.015,27015
982,4,2,2,20:10:05,29.306,29306
982,840,2,2,20:10:07,29.294,29294
982,13,2,2,20:10:08,30.790,30790
982,154,2,2,20:10:10,31.320,31320
982,828,2,2,20:10:12,38.886,38886
982,836,2,2,20:10:14,45.875,45875
982,1,3,3,20:13:00,24.337,24337
982,817,3,3,20:13:01,24.362,24362
982,807,3,3,20:13:03,24.964,24964
982,815,3,3,20:13:04,25.288,25288
982,822,3,3,20:13:05,25.432,25432
982,835,3,3,20:13:07,25.113,25113
982,838,3,3,20:13:08,24.543,24543
982,839,3,3,20:13:09,24.664,24664
982,832,3,3,20:13:10,25.356,25356
982,825,3,3,20:13:11,25.509,25509
982,826,3,3,20:13:13,25.003,25003
982,4,3,3,20:13:15,25.626,25626
982,840,3,3,20:13:16,25.584,25584
982,13,3,3,20:13:17,25.731,25731
982,154,3,3,20:13:19,26.228,26228
982,828,3,3,20:13:21,27.591,27591
982,836,3,3,20:13:22,27.865,27865
982,817,4,11,20:30:55,29.658,29658
982,815,4,11,20:31:20,30.128,30128
982,839,4,11,20:31:38,31.336,31336
982,825,4,11,20:31:52,30.132,30132
982,807,4,12,20:33:56,30.725,30725
982,835,4,12,20:34:10,30.015,30015
982,838,4,12,20:34:19,30.390,30390
982,828,4,13,20:37:20,31.714,31714
982,13,4,17,20:46:40,29.685,29685
982,836,4,21,20:55:34,32.249,32249
982,825,5,24,21:01:10,30.504,30504
982,13,5,24,21:01:38,30.048,30048
982,840,4,26,21:05:07,29.412,29412
982,832,4,27,21:06:44,30.093,30093
982,838,5,27,21:06:56,36.138,36138
982,154,4,27,21:07:18,29.049,29049
982,839,5,27,21:07:19,29.173,29173
982,828,5,27,21:07:36,50.617,50617
982,817,5,28,21:08:22,29.118,29118
982,822,4,28,21:08:39,29.089,29089
982,807,5,28,21:08:46,30.005,30005
982,815,5,28,21:08:49,29.186,29186
982,1,4,29,21:10:11,28.466,28466
982,836,5,28,21:10:50,31.094,31094
982,835,5,29,21:10:52,30.038,30038
982,828,6,31,21:17:01,30.067,30067
982,13,6,37,21:27:05,29.671,29671
982,807,6,38,21:28:16,1:08.357,68357
982,839,6,38,21:29:07,29.134,29134
982,825,6,38,21:29:17,29.379,29379
982,836,6,37,21:30:39,32.183,32183
983,839,1,2,15:06:57,24.456,24456
983,807,1,9,15:18:36,24.872,24872
983,825,1,10,15:20:13,23.766,23766
983,13,1,11,15:21:49,23.791,23791
983,154,1,11,15:22:00,24.912,24912
983,840,1,12,15:23:27,24.109,24109
983,842,1,12,15:23:37,25.044,25044
983,838,1,13,15:25:04,24.580,24580
983,835,1,13,15:25:12,25.558,25558
983,1,1,26,15:45:40,23.489,23489
983,4,1,26,15:46:31,25.798,25798
983,830,1,27,15:47:09,23.652,23652
983,20,1,27,15:47:42,23.695,23695
983,822,1,28,15:49:19,23.676,23676
983,817,1,29,15:50:36,24.199,24199
983,815,1,30,15:52:42,24.314,24314
983,154,2,33,15:58:35,24.419,24419
983,836,1,37,16:05:08,25.060,25060
983,828,1,38,16:07:14,24.719,24719
983,807,2,50,16:26:10,25.714,25714
984,836,1,2,14:07:36,24.424,24424
984,836,2,3,14:09:55,24.918,24918
984,840,1,4,14:11:34,23.475,23475
984,838,1,9,14:20:17,23.430,23430
984,13,1,17,14:33:15,22.956,22956
984,825,1,19,14:36:33,23.065,23065
984,839,1,20,14:37:56,24.078,24078
984,830,1,21,14:39:13,22.620,22620
984,815,1,21,14:39:37,23.634,23634
984,1,1,22,14:40:43,22.724,22724
984,842,1,22,14:41:29,23.344,23344
984,154,1,23,14:43:03,22.781,22781
984,817,1,25,14:45:43,23.796,23796
984,4,1,25,14:46:28,24.636,24636
984,836,3,25,14:47:08,24.952,24952
984,8,1,28,14:50:46,23.699,23699
984,822,1,30,14:53:46,22.876,22876
984,838,2,34,15:01:19,23.399,23399
984,840,2,35,15:02:52,22.736,22736
984,807,1,38,15:07:08,23.199,23199
984,835,1,39,15:09:02,25.618,25618
984,842,2,39,15:09:07,24.413,24413
985,825,1,1,14:05:31,25.112,25112
985,836,1,3,14:09:08,31.334,31334
985,843,1,8,14:17:38,24.400,24400
985,840,1,10,14:21:03,24.949,24949
985,817,1,12,14:23:58,23.604,23604
985,815,1,12,14:24:19,24.326,24326
985,839,1,14,14:27:34,24.502,24502
985,4,1,14,14:27:37,23.796,23796
985,20,1,16,14:30:37,24.300,24300
985,154,1,16,14:31:15,24.897,24897
985,826,1,17,14:32:52,24.883,24883
985,822,1,18,14:34:03,23.459,23459
985,1,1,19,14:35:36,23.402,23402
985,832,1,19,14:36:13,24.525,24525
985,8,1,20,14:37:29,23.575,23575
985,828,1,21,14:40:02,25.841,25841
985,830,1,24,14:44:17,24.325,24325
985,838,1,25,14:46:48,23.578,23578
985,13,1,29,14:53:26,23.772,23772
985,843,2,35,15:04:07,24.229,24229
985,840,2,36,15:05:47,24.497,24497
985,830,2,37,15:06:06,23.423,23423
985,20,2,38,15:07:41,23.620,23620
985,825,2,49,15:28:07,25.268,25268
985,822,2,52,15:31:05,23.254,23254
986,20,1,1,13:04:31,32.037,32037
986,1,1,1,13:04:57,29.283,29283
986,832,1,2,13:06:13,22.852,22852
986,13,1,3,13:07:22,22.055,22055
986,836,1,4,13:08:55,23.358,23358
986,815,1,18,13:27:58,22.903,22903
986,807,1,19,13:29:17,22.587,22587
986,839,1,20,13:30:35,22.665,22665
986,828,1,28,13:42:13,22.736,22736
986,825,1,31,13:46:09,22.507,22507
986,838,1,31,13:46:25,28.044,28044
986,830,1,32,13:46:33,22.570,22570
986,842,1,31,13:46:43,22.709,22709
986,154,1,31,13:46:45,28.761,28761
986,822,1,32,13:46:46,21.758,21758
986,1,2,31,13:46:57,23.315,23315
986,832,2,31,13:47:07,23.035,23035
986,8,1,32,13:47:13,22.540,22540
986,840,1,32,13:47:37,21.825,21825
986,20,2,32,13:48:10,22.379,22379
986,4,1,32,13:48:13,22.655,22655
986,815,2,50,14:12:39,22.528,22528
986,154,2,62,14:30:09,23.035,23035
987,20,1,1,14:04:42,19.097,19097
987,822,1,1,14:04:43,18.717,18717
987,8,1,1,14:04:45,19.433,19433
987,830,1,1,14:04:47,18.827,18827
987,4,1,1,14:04:49,18.487,18487
987,13,1,1,14:04:50,18.238,18238
987,815,1,1,14:04:51,18.417,18417
987,807,1,1,14:04:52,18.927,18927
987,832,1,1,14:04:54,19.208,19208
987,842,1,1,14:04:55,19.430,19430
987,828,1,1,14:04:58,19.603,19603
987,843,1,1,14:04:59,19.936,19936
987,840,1,1,14:05:00,20.146,20146
987,836,1,1,14:05:01,26.439,26439
987,154,1,1,14:05:02,25.845,25845
987,1,1,1,14:05:05,19.377,19377
987,817,1,1,14:05:06,25.946,25946
987,20,2,2,14:07:01,17.817,17817
987,822,2,2,14:07:03,17.827,17827
987,8,2,2,14:07:05,18.027,18027
987,830,2,2,14:07:06,17.913,17913
987,4,2,2,14:07:08,17.770,17770
987,13,2,2,14:07:09,17.736,17736
987,815,2,2,14:07:10,17.959,17959
987,807,2,2,14:07:11,18.549,18549
987,832,2,2,14:07:13,18.604,18604
987,842,2,2,14:07:14,18.855,18855
987,828,2,2,14:07:16,19.250,19250
987,843,2,2,14:07:17,19.439,19439
987,840,2,2,14:07:18,19.270,19270
987,1,2,2,14:07:19,19.237,19237
987,836,2,2,14:07:20,19.160,19160
987,154,2,2,14:07:22,18.860,18860
987,817,2,2,14:07:23,17.929,17929
987,20,3,3,14:09:13,17.842,17842
987,822,3,3,14:09:15,17.784,17784
987,8,3,3,14:09:16,18.290,18290
987,830,3,3,14:09:17,18.017,18017
987,4,3,3,14:09:19,17.716,17716
987,13,3,3,14:09:20,17.745,17745
987,815,3,3,14:09:21,17.822,17822
987,807,3,3,14:09:23,18.052,18052
987,832,3,3,14:09:25,18.347,18347
987,842,3,3,14:09:26,18.207,18207
987,828,3,3,14:09:28,17.802,17802
987,843,3,3,14:09:29,17.738,17738
987,840,3,3,14:09:31,17.925,17925
987,1,3,3,14:09:32,18.725,18725
987,836,3,3,14:09:33,18.764,18764
987,154,3,3,14:09:34,18.456,18456
987,817,3,3,14:09:35,18.129,18129
987,822,4,27,14:40:23,23.064,23064
987,13,4,27,14:40:48,23.275,23275
987,843,4,27,14:41:13,23.830,23830
987,20,4,28,14:41:36,22.736,22736
987,830,4,28,14:41:48,23.180,23180
987,4,4,28,14:42:03,23.342,23342
987,840,4,28,14:42:27,22.486,22486
987,8,4,29,14:42:56,23.170,23170
987,807,4,30,14:44:43,24.054,24054
987,832,4,31,14:46:03,23.550,23550
987,815,4,35,14:50:51,23.275,23275
987,1,4,43,15:00:16,23.121,23121
987,817,4,43,15:00:36,23.484,23484
987,842,4,44,15:02:35,23.748,23748
987,828,4,44,15:02:43,24.164,24164
987,154,4,48,15:08:02,34.438,34438
987,830,5,62,15:23:42,22.644,22644
987,840,5,67,15:32:18,24.756,24756
988,840,1,11,17:23:10,21.613,21613
988,838,1,12,17:24:58,22.125,22125
988,830,1,14,17:27:48,21.269,21269
988,8,1,15,17:29:30,21.609,21609
988,815,1,16,17:31:34,21.869,21869
988,807,1,17,17:33:10,29.724,29724
988,817,1,19,17:36:18,23.477,23477
988,20,1,20,17:37:57,21.221,21221
988,822,1,21,17:39:31,21.478,21478
988,4,1,21,17:40:31,22.541,22541
988,13,1,22,17:42:15,21.449,21449
988,825,1,22,17:42:42,21.875,21875
988,1,1,24,17:44:41,21.274,21274
988,843,1,26,17:49:52,21.598,21598
988,836,1,28,17:53:13,22.959,22959
988,840,2,29,17:55:13,21.543,21543
988,842,1,30,17:56:53,21.519,21519
988,828,1,30,17:56:57,22.176,22176
988,839,1,31,17:57:47,21.865,21865
988,832,1,31,17:57:49,21.956,21956
988,154,1,32,17:59:52,21.850,21850
988,840,3,35,18:06:11,21.908,21908
989,843,1,1,16:15:04,22.213,22213
989,8,1,18,16:40:07,21.421,21421
989,1,1,19,16:41:30,21.821,21821
989,844,1,20,16:44:03,22.242,22242
989,830,1,21,16:45:06,20.953,20953
989,825,1,22,16:46:31,21.983,21983
989,832,1,22,16:46:46,23.868,23868
989,843,2,22,16:47:37,22.296,22296
989,839,1,23,16:48:25,21.854,21854
989,154,1,24,16:49:31,23.054,23054
989,807,1,24,16:49:35,22.628,22628
989,815,1,24,16:49:51,22.327,22327
989,838,1,25,16:51:17,22.474,22474
989,822,1,25,16:51:21,21.664,21664
989,840,1,25,16:51:46,25.504,25504
989,20,1,26,16:52:19,21.787,21787
989,817,1,26,16:52:59,21.440,21440
989,4,1,26,16:53:09,22.573,22573
989,844,2,27,16:56:25,22.836,22836
989,840,2,29,16:59:57,21.397,21397
990,830,1,2,18:18:14,30.381,30381
990,844,1,3,18:19:24,25.563,25563
990,815,1,9,18:29:30,24.992,24992
990,838,1,10,18:31:05,25.081,25081
990,840,1,10,18:31:12,33.612,33612
990,825,1,13,18:35:49,25.106,25106
990,4,1,14,18:37:30,24.993,24993
990,842,1,15,18:38:59,24.835,24835
990,807,1,15,18:39:05,24.454,24454
990,839,1,15,18:39:12,24.719,24719
990,832,1,16,18:40:52,25.768,25768
990,20,1,18,18:43:25,24.524,24524
990,154,1,18,18:44:11,25.011,25011
990,8,1,19,18:45:09,25.018,25018
990,822,1,20,18:46:40,26.105,26105
990,843,1,20,18:47:23,36.646,36646
990,845,1,22,18:51:05,24.672,24672
990,828,1,23,18:52:22,25.194,25194
990,1,1,26,18:56:29,24.302,24302
990,832,2,26,18:57:29,25.307,25307
990,825,2,27,18:58:45,24.629,24629
990,838,2,28,19:00:38,25.131,25131
990,154,2,30,19:03:55,25.527,25527
990,840,2,30,19:04:24,24.638,24638
990,815,2,32,19:07:17,24.677,24677
990,842,2,34,19:09:50,24.957,24957
990,844,2,34,19:10:46,25.139,25139
990,839,2,35,19:12:01,24.596,24596
990,807,2,39,19:18:06,24.382,24382
990,4,2,39,19:18:09,24.581,24581
990,845,2,40,19:20:39,25.693,25693
990,843,2,42,19:23:28,24.953,24953
990,154,3,45,19:28:25,26.263,26263
991,843,1,10,14:30:52,23.172,23172
991,839,1,11,14:32:18,23.281,23281
991,832,1,12,14:33:53,23.935,23935
991,815,1,12,14:34:05,22.856,22856
991,807,1,13,14:35:30,23.654,23654
991,154,1,16,14:40:41,22.981,22981
991,830,1,17,14:41:50,22.715,22715
991,817,1,17,14:41:56,23.042,23042
991,1,1,18,14:43:33,22.464,22464
991,822,1,19,14:45:02,22.097,22097
991,20,1,20,14:46:38,23.009,23009
991,842,1,20,14:47:48,23.950,23950
991,844,1,21,14:49:28,23.392,23392
991,838,1,22,14:50:55,23.730,23730
991,840,1,23,14:52:34,22.661,22661
991,825,1,24,14:53:57,22.973,22973
991,8,1,27,14:58:28,22.913,22913
991,845,1,28,15:01:08,23.716,23716
991,4,1,29,15:02:24,24.110,24110
991,828,1,29,15:03:02,22.785,22785
991,830,2,31,15:05:06,22.596,22596
991,843,2,30,15:05:08,24.070,24070
991,817,2,31,15:05:15,22.691,22691
991,807,2,31,15:06:04,23.297,23297
991,832,2,31,15:06:18,23.117,23117
991,839,2,31,15:06:24,22.637,22637
991,842,2,31,15:07:01,34.650,34650
991,815,2,32,15:08:44,22.334,22334
991,845,2,33,15:11:07,22.723,22723
991,154,2,46,15:33:38,23.735,23735
992,8,1,1,16:16:15,30.012,30012
992,843,1,1,16:16:35,21.376,21376
992,4,1,1,16:16:58,56.710,56710
992,825,1,1,16:17:11,35.608,35608
992,828,1,1,16:17:16,44.107,44107
992,815,1,2,16:19:26,28.109,28109
992,154,1,2,16:19:32,21.725,21725
992,842,1,12,16:40:48,20.782,20782
992,832,1,15,16:46:02,21.516,21516
992,838,1,17,16:49:58,21.103,21103
992,828,2,18,16:52:18,25.378,25378
992,1,1,22,16:58:07,20.377,20377
992,843,2,22,16:59:24,20.809,20809
992,840,1,23,17:00:38,19.737,19737
992,844,1,24,17:02:20,21.058,21058
992,838,2,25,17:05:01,20.887,20887
992,20,1,30,17:12:13,20.037,20037
992,817,1,37,17:25:09,19.925,19925
992,828,3,36,17:25:51,32.629,32629
992,830,1,38,17:26:56,19.765,19765
992,822,1,40,17:30:08,20.192,20192
992,20,2,40,17:30:26,20.823,20823
992,825,2,39,17:30:36,21.778,21778
992,1,2,40,17:30:37,21.329,21329
992,842,2,39,17:30:54,21.287,21287
992,843,3,39,17:31:04,21.072,21072
992,8,2,40,17:31:21,21.149,21149
992,838,3,39,17:31:27,20.760,20760
992,815,2,40,17:31:34,26.174,26174
992,154,2,40,17:31:39,22.757,22757
992,832,2,40,17:31:48,20.967,20967
992,844,2,40,17:32:00,22.030,22030
992,840,2,40,17:32:03,21.236,21236
992,4,2,40,17:32:15,21.371,21371
992,828,4,39,17:32:40,14.998,14998
992,838,4,46,17:47:50,20.978,20978
993,843,1,1,15:15:19,22.631,22631
993,845,1,1,15:15:23,22.049,22049
993,20,1,17,15:41:29,22.054,22054
993,822,1,19,15:44:12,23.213,23213
993,844,1,20,15:46:09,21.995,21995
993,840,1,20,15:46:18,21.351,21351
993,4,1,21,15:47:34,21.721,21721
993,845,2,24,15:52:02,22.034,22034
993,1,1,25,15:52:11,22.085,22085
993,832,1,25,15:53:03,22.409,22409
993,815,1,26,15:54:45,22.438,22438
993,839,1,29,15:58:45,47.910,47910
993,825,1,32,16:02:35,22.917,22917
993,817,1,33,16:03:28,21.618,21618
993,843,2,33,16:04:40,22.472,22472
993,830,1,34,16:04:41,21.740,21740
993,838,1,34,16:05:53,27.416,27416
993,828,1,35,16:07:20,22.100,22100
993,20,2,41,16:14:52,24.273,24273
993,815,2,40,16:14:56,22.242,22242
993,845,3,41,16:17:36,23.865,23865
994,845,1,7,15:22:13,31.810,31810
994,840,1,9,15:25:39,33.887,33887
994,1,1,12,15:28:19,23.739,23739
994,843,1,13,15:30:14,24.326,24326
994,844,1,14,15:31:32,23.870,23870
994,154,1,15,15:33:04,24.741,24741
994,20,1,16,15:33:21,23.964,23964
994,832,1,16,15:34:04,24.874,24874
994,817,1,17,15:34:32,24.542,24542
994,8,1,17,15:34:47,24.263,24263
994,822,1,17,15:35:01,24.020,24020
994,828,1,17,15:35:35,24.291,24291
994,825,1,17,15:35:35,24.237,24237
994,4,1,19,15:37:54,24.241,24241
994,845,2,19,15:38:41,25.170,25170
994,838,1,20,15:39:35,26.817,26817
994,815,1,21,15:40:40,29.379,29379
994,839,1,23,15:43:06,24.663,24663
994,840,2,34,15:59:55,31.104,31104
994,842,1,37,16:01:40,24.296,24296
994,830,1,47,16:15:05,24.111,24111
994,845,3,49,16:18:49,25.563,25563
994,807,1,50,16:18:53,25.213,25213
994,840,3,59,16:33:18,24.852,24852
994,154,2,68,16:43:24,24.568,24568
994,838,2,72,16:48:42,25.438,25438
995,838,1,1,14:14:56,41.008,41008
995,828,1,1,14:15:00,23.529,23529
995,815,1,9,14:27:34,24.086,24086
995,839,1,11,14:29:59,25.353,25353
995,807,1,13,14:32:32,24.521,24521
995,832,1,14,14:33:51,24.416,24416
995,830,1,16,14:36:13,23.137,23137
995,1,1,16,14:36:16,23.335,23335
995,817,1,17,14:37:31,23.279,23279
995,4,1,18,14:39:10,23.099,23099
995,844,1,19,14:40:26,23.666,23666
995,825,1,22,14:44:21,24.008,24008
995,842,1,23,14:45:36,24.107,24107
995,845,1,26,14:49:55,23.531,23531
995,8,1,32,14:56:30,23.645,23645
995,822,1,36,15:01:20,23.775,23775
995,20,1,37,15:02:29,23.529,23529
995,815,2,44,15:12:48,23.718,23718
995,154,1,48,15:17:41,24.400,24400
995,838,2,48,15:18:21,23.537,23537
996,840,1,1,16:15:46,26.576,26576
996,845,1,1,16:15:55,26.273,26273
996,20,1,1,16:15:56,32.612,32612
996,4,1,1,16:15:56,25.789,25789
996,822,1,1,16:16:38,27.955,27955
996,830,1,25,16:57:59,24.395,24395
996,832,1,26,17:00:15,25.423,25423
996,817,1,28,17:02:52,24.309,24309
996,825,1,28,17:03:31,25.419,25419
996,844,1,31,17:08:35,25.026,25026
996,1,1,33,17:10:41,24.310,24310
996,8,1,34,17:12:38,24.289,24289
996,154,1,34,17:13:30,29.996,29996
996,828,1,35,17:15:27,24.295,24295
996,807,1,37,17:18:16,25.016,25016
996,843,1,38,17:20:21,24.297,24297
996,822,2,39,17:21:22,30.666,30666
996,20,2,40,17:22:38,31.029,31029
996,838,1,40,17:23:26,24.399,24399
996,4,2,46,17:33:42,24.788,24788
997,838,1,1,15:14:13,46.557,46557
997,830,1,15,15:30:26,21.214,21214
997,8,1,15,15:30:30,21.552,21552
997,817,1,15,15:30:32,21.950,21950
997,20,1,15,15:30:34,23.912,23912
997,154,1,15,15:30:46,22.121,22121
997,839,1,15,15:30:54,22.527,22527
997,832,1,15,15:30:57,23.257,23257
997,840,1,15,15:31:03,22.181,22181
997,842,1,15,15:31:09,22.011,22011
997,844,1,15,15:31:12,21.364,21364
997,4,1,15,15:31:16,21.588,21588
997,845,1,24,15:41:54,23.048,23048
997,1,1,25,15:42:08,21.245,21245
997,815,1,27,15:45:05,22.863,22863
997,825,1,28,15:46:11,22.138,22138
997,832,2,34,15:53:34,26.335,26335
997,817,2,38,15:57:21,21.259,21259
997,838,2,40,16:01:56,22.526,22526
997,828,1,45,16:06:18,21.519,21519
997,1,2,52,16:13:20,20.980,20980
997,845,2,60,16:24:25,24.884,24884
997,840,2,65,16:30:07,22.299,22299
998,8,1,13,14:33:39,38.573,38573
998,4,1,13,14:34:09,28.669,28669
998,815,1,13,14:34:17,28.651,28651
998,830,1,17,14:39:53,28.458,28458
998,832,1,17,14:40:28,29.074,29074
998,817,1,18,14:41:31,28.194,28194
998,844,1,18,14:41:58,27.865,27865
998,839,1,19,14:43:35,29.410,29410
998,20,1,20,14:44:24,28.677,28677
998,807,1,20,14:45:06,28.719,28719
998,842,1,20,14:45:19,28.676,28676
998,822,1,21,14:46:03,27.894,27894
998,838,1,21,14:47:02,28.284,28284
998,845,1,21,14:47:19,28.224,28224
998,828,1,24,14:51:45,28.207,28207
998,1,1,25,14:52:37,28.982,28982
998,825,1,25,14:53:08,28.450,28450
998,154,1,26,14:54:52,29.254,29254
998,817,2,30,15:00:29,28.001,28001
998,840,1,30,15:01:51,27.774,27774
998,4,2,32,15:04:42,28.085,28085
998,832,2,32,15:04:46,28.078,28078
998,842,2,32,15:04:49,29.766,29766
998,815,2,32,15:04:53,28.836,28836
998,20,2,33,15:05:15,28.174,28174
998,830,2,33,15:05:35,28.000,28000
998,8,2,33,15:05:39,28.985,28985
998,838,2,33,15:07:14,28.658,28658
999,8,1,14,15:31:29,19.647,19647
999,807,1,18,15:37:14,19.584,19584
999,825,1,20,15:39:50,19.818,19818
999,832,1,20,15:40:01,20.160,20160
999,844,1,20,15:40:04,19.267,19267
999,154,1,21,15:41:19,20.198,20198
999,815,1,22,15:42:34,25.130,25130
999,20,1,25,15:45:48,18.657,18657
999,839,1,25,15:46:55,19.570,19570
999,840,1,27,15:49:46,19.476,19476
999,822,1,28,15:49:51,19.188,19188
999,845,1,28,15:51:05,24.173,24173
999,843,1,28,15:51:05,19.309,19309
999,830,1,29,15:51:16,19.742,19742
999,838,1,29,15:52:30,19.778,19778
999,4,1,31,15:54:51,18.956,18956
999,828,1,38,16:04:17,18.840,18840
999,1,1,42,16:08:17,18.978,18978
999,844,2,43,16:10:51,21.200,21200
999,4,2,43,16:11:06,21.119,21119
999,842,1,43,16:11:12,19.806,19806
999,830,2,46,16:13:39,19.297,19297
999,844,3,46,16:15:36,20.653,20653
999,842,2,46,16:16:19,19.512,19512
999,830,3,48,16:16:46,19.087,19087
999,4,3,47,16:17:17,20.927,20927
999,832,2,50,16:20:42,19.637,19637
999,840,2,50,16:21:14,19.526,19526
999,807,2,51,16:21:56,20.752,20752
999,822,2,52,16:22:05,33.279,33279
999,154,2,51,16:22:13,22.738,22738
999,825,2,51,16:22:14,34.742,34742
999,845,2,51,16:23:00,21.711,21711
999,8,2,53,16:24:19,19.988,19988
999,843,2,52,16:25:00,19.985,19985
999,838,2,52,16:25:50,19.621,19621
999,807,3,55,16:29:16,20.812,20812
999,154,3,55,16:29:57,19.752,19752
999,825,3,55,16:29:59,27.736,27736
999,832,3,56,16:31:24,20.530,20530
1000,828,1,6,15:22:06,22.640,22640
1000,8,1,14,15:32:53,24.471,24471
1000,822,1,15,15:34:11,21.337,21337
1000,815,1,22,15:44:52,22.561,22561
1000,807,1,23,15:46:04,21.966,21966
1000,843,1,24,15:47:26,21.831,21831
1000,1,1,25,15:47:53,21.480,21480
1000,832,1,25,15:48:47,21.914,21914
1000,154,1,29,15:54:26,21.733,21733
1000,825,1,31,15:57:05,25.126,25126
1000,845,1,31,15:57:50,21.509,21509
1000,842,1,32,15:58:19,21.684,21684
1000,8,2,38,16:06:22,21.829,21829
1000,20,1,39,16:07:21,23.111,23111
1000,4,1,39,16:08:27,21.795,21795
1000,839,1,39,16:08:53,22.258,22258
1000,838,1,40,16:09:54,21.732,21732
1000,817,1,44,16:14:45,21.364,21364
1000,840,1,47,16:20:54,21.291,21291
1000,807,2,50,16:24:45,22.650,22650
1001,20,1,1,15:15:59,19.582,19582
1001,1,1,1,15:16:01,19.372,19372
1001,815,1,1,15:16:02,19.667,19667
1001,839,1,1,15:16:03,19.582,19582
1001,830,1,1,15:16:04,19.942,19942
1001,154,1,1,15:16:05,20.280,20280
1001,825,1,1,15:16:07,20.021,20021
1001,842,1,1,15:16:09,20.136,20136
1001,828,1,1,15:16:11,19.711,19711
1001,845,1,1,15:16:12,19.791,19791
1001,840,1,1,15:16:13,19.732,19732
1001,843,1,1,15:16:16,18.084,18084
1001,832,1,1,15:16:18,18.509,18509
1001,822,1,1,15:16:19,20.349,20349
1001,838,1,1,15:16:21,19.847,19847
1001,8,1,1,15:16:57,26.367,26367
1001,822,2,2,15:19:21,30.519,30519
1001,838,2,2,15:19:22,22.706,22706
1001,8,2,7,15:30:50,35.451,35451
1001,1,2,21,15:55:48,22.375,22375
1001,20,2,22,15:57:33,22.253,22253
1001,832,2,22,15:58:45,23.857,23857
1001,154,2,23,16:00:10,23.248,23248
1001,840,2,23,16:00:34,22.901,22901
1001,839,2,24,16:01:54,23.225,23225
1001,845,2,24,16:02:22,22.339,22339
1001,815,2,25,16:03:39,23.157,23157
1001,842,2,25,16:04:03,22.953,22953
1001,830,2,26,16:05:08,22.341,22341
1001,825,2,26,16:05:49,24.304,24304
1001,828,2,26,16:05:55,22.558,22558
1001,838,3,28,16:10:09,23.389,23389
1001,822,3,29,16:11:03,22.399,22399
1001,843,2,31,16:15:29,29.316,29316
1002,807,1,1,15:15:34,25.234,25234
1002,817,1,1,15:15:35,24.805,24805
1002,20,1,1,15:15:36,32.219,32219
1002,828,1,1,15:15:50,29.992,29992
1002,825,1,4,15:21:22,38.563,38563
1002,8,1,20,15:43:45,23.862,23862
1002,154,1,23,15:48:27,24.779,24779
1002,838,1,24,15:50:24,24.094,24094
1002,830,1,26,15:52:26,24.003,24003
1002,1,1,28,15:55:00,23.728,23728
1002,20,2,29,15:56:58,24.301,24301
1002,842,1,34,16:04:44,27.792,27792
1002,844,1,34,16:04:46,24.084,24084
1002,840,1,35,16:05:54,26.440,26440
1002,822,1,36,16:06:30,23.763,23763
1002,845,1,37,16:08:49,25.245,25245
1002,839,1,38,16:09:51,24.827,24827
1002,815,1,39,16:11:20,25.655,25655
1002,832,1,39,16:11:32,25.774,25774
1002,807,2,41,16:14:52,24.456,24456
1002,828,2,42,16:16:25,25.575,25575
1003,845,1,3,20:21:50,30.477,30477
1003,20,1,14,20:42:01,28.722,28722
1003,843,1,14,20:42:40,29.912,29912
1003,1,1,15,20:43:42,28.946,28946
1003,807,1,15,20:44:23,31.183,31183
1003,822,1,16,20:45:39,28.542,28542
1003,154,1,16,20:46:12,29.517,29517
1003,830,1,17,20:47:19,29.681,29681
1003,815,1,17,20:47:51,29.978,29978
1003,8,1,22,20:56:20,29.513,29513
1003,842,1,26,21:04:28,28.931,28931
1003,825,1,26,21:04:30,29.408,29408
1003,817,1,27,21:05:14,28.779,28779
1003,815,2,33,21:17:29,30.561,30561
1003,843,2,36,21:22:59,29.464,29464
1003,825,2,36,21:23:01,30.711,30711
1003,832,1,37,21:23:46,30.242,30242
1003,4,1,38,21:25:29,29.922,29922
1003,844,1,38,21:25:50,29.310,29310
1003,815,3,39,21:28:41,24.340,24340
1003,840,1,40,21:30:02,28.767,28767
1003,838,1,43,21:35:11,30.234,30234
1003,828,1,44,21:36:55,28.860,28860
1003,845,2,45,21:39:51,34.022,34022
1003,825,3,48,21:44:52,29.324,29324
1004,843,1,3,14:18:54,29.418,29418
1004,4,1,5,14:22:23,30.348,30348
1004,840,1,7,14:25:54,29.266,29266
1004,154,1,8,14:27:27,30.469,30469
1004,825,1,9,14:28:59,29.904,29904
1004,844,1,10,14:30:35,30.397,30397
1004,839,1,10,14:30:40,30.642,30642
1004,845,1,10,14:31:18,29.912,29912
1004,828,1,11,14:32:34,30.051,30051
1004,838,1,11,14:32:55,29.636,29636
1004,822,1,12,14:33:30,29.794,29794
1004,815,1,12,14:34:04,29.924,29924
1004,20,1,13,14:35:13,29.798,29798
1004,1,1,14,14:36:51,29.551,29551
1004,8,1,18,14:43:40,29.531,29531
1004,832,1,32,15:08:28,30.021,30021
1004,807,1,35,15:12:47,30.625,30625
1004,828,2,37,15:16:36,30.146,30146
1004,817,1,39,15:18:49,37.446,37446
1004,830,1,43,15:24:48,29.370,29370
1005,825,1,2,14:17:48,29.007,29007
1005,844,1,4,14:20:44,38.891,38891
1005,845,1,4,14:20:51,23.660,23660
1005,828,1,5,14:23:11,23.244,23244
1005,840,1,14,14:39:30,23.657,23657
1005,8,1,17,14:43:53,22.781,22781
1005,830,1,21,14:50:08,28.789,28789
1005,822,1,23,14:53:12,22.777,22777
1005,817,1,23,14:53:24,22.864,22864
1005,838,1,23,14:54:14,23.159,23159
1005,1,1,24,14:54:41,22.614,22614
1005,815,1,24,14:55:30,23.635,23635
1005,839,1,26,14:58:45,23.316,23316
1005,20,1,26,14:58:49,22.748,22748
1005,4,1,26,14:58:57,27.454,27454
1005,843,1,28,15:02:08,23.110,23110
1005,154,1,29,15:03:29,23.692,23692
1005,842,1,29,15:03:37,23.376,23376
1005,807,1,30,15:05:33,23.555,23555
1005,832,1,32,15:08:30,23.477,23477
1005,844,2,35,15:13:39,26.672,26672
1005,845,2,38,15:18:43,23.647,23647
1005,840,2,39,15:20:25,29.804,29804
1006,844,1,1,13:15:33,34.812,34812
1006,840,1,1,13:15:34,41.048,41048
1006,154,1,1,13:15:46,35.104,35104
1006,840,2,5,13:23:02,18.610,18610
1006,845,1,10,13:31:11,23.686,23686
1006,838,1,10,13:31:16,24.065,24065
1006,842,1,10,13:31:19,23.865,23865
1006,1,1,11,13:32:38,23.693,23693
1006,8,1,21,13:49:44,23.714,23714
1006,830,1,22,13:51:28,23.446,23446
1006,839,1,22,13:52:07,24.534,24534
1006,822,1,23,13:53:07,23.478,23478
1006,807,1,23,13:53:40,24.681,24681
1006,832,1,24,13:55:25,29.319,29319
1006,815,1,25,13:57:18,25.723,25723
1006,20,1,26,13:58:25,24.449,24449
1006,843,1,27,14:00:53,23.819,23819
1006,845,2,29,14:04:26,23.715,23715
1006,825,1,30,14:05:48,23.723,23723
1006,828,1,30,14:06:07,23.940,23940
1006,1,2,37,14:16:27,23.915,23915
1006,842,2,36,14:16:33,24.219,24219
1006,840,3,38,14:20:52,24.296,24296
1006,838,2,40,14:23:09,24.195,24195
1007,839,1,1,13:14:32,27.806,27806
1007,843,1,1,13:14:35,22.055,22055
1007,842,1,5,13:20:36,22.570,22570
1007,840,1,10,13:27:33,24.451,24451
1007,1,1,11,13:28:21,22.269,22269
1007,822,1,11,13:28:30,22.105,22105
1007,832,1,11,13:28:40,22.660,22660
1007,845,1,11,13:29:04,22.732,22732
1007,817,1,12,13:29:44,22.022,22022
1007,807,1,12,13:30:08,23.037,23037
1007,838,1,12,13:30:25,22.174,22174
1007,830,1,13,13:31:00,22.175,22175
1007,844,1,13,13:31:39,22.588,22588
1007,828,1,16,13:36:10,31.406,31406
1007,20,1,17,13:36:37,22.658,22658
1007,8,1,17,13:36:57,22.017,22017
1007,840,2,23,13:46:14,23.371,23371
1007,843,2,24,13:47:35,23.553,23553
1007,842,2,26,13:50:29,23.055,23055
1007,815,1,30,13:56:04,23.755,23755
1007,839,2,30,13:56:33,22.756,22756
1007,825,1,43,14:15:14,22.390,22390
1007,154,1,44,14:16:47,22.733,22733
1007,20,2,47,14:18:25,21.777,21777
1007,1,2,47,14:18:42,22.399,22399
1007,830,2,48,14:19:35,22.088,22088
1007,822,2,48,14:20:17,23.887,23887
1007,154,2,60,14:40:00,23.426,23426
1007,822,3,62,14:40:33,22.512,22512
1008,4,1,15,15:32:38,33.753,33753
1008,845,1,16,15:33:56,23.273,23273
1008,840,1,17,15:35:13,24.608,24608
1008,822,1,18,15:35:50,22.955,22955
1008,828,1,18,15:36:28,23.377,23377
1008,1,1,19,15:36:57,22.641,22641
1008,842,1,22,15:41:18,23.757,23757
1008,832,1,25,15:45:06,23.939,23939
1008,20,1,27,15:47:00,22.551,22551
1008,838,1,28,15:49:08,22.618,22618
1008,8,1,31,15:51:53,22.766,22766
1008,154,1,32,15:53:30,23.403,23403
1008,830,1,35,15:56:38,23.432,23432
1008,844,1,35,15:57:04,23.593,23593
1008,817,1,39,16:01:41,23.300,23300
1008,815,1,39,16:02:25,23.505,23505
1008,839,1,40,16:03:50,27.226,27226
1008,825,1,41,16:04:39,23.115,23115
1008,832,2,48,16:14:02,23.770,23770
1008,843,1,49,16:15:11,23.422,23422
1008,20,2,53,16:19:07,22.683,22683
1008,4,2,54,16:22:00,23.046,23046
1008,839,2,57,16:25:23,31.198,31198
1008,822,2,59,16:26:17,22.727,22727
1008,840,2,65,16:35:55,24.283,24283
1009,843,1,1,17:16:20,41.012,41012
1009,1,1,7,17:29:33,21.283,21283
1009,844,1,7,17:29:43,21.828,21828
1009,154,1,7,17:29:48,22.354,22354
1009,20,1,15,17:44:11,22.630,22630
1009,822,1,16,17:45:52,21.600,21600
1009,830,1,17,17:47:44,21.057,21057
1009,839,1,18,17:49:58,21.979,21979
1009,815,1,26,18:04:04,22.112,22112
1009,4,1,27,18:06:10,21.726,21726
1009,842,1,29,18:09:35,22.493,22493
1009,817,1,33,18:15:29,21.061,21061
1009,838,1,35,18:20:34,22.317,22317
1009,845,1,35,18:20:39,22.755,22755
1009,832,1,37,18:23:10,21.964,21964
1009,822,2,40,18:27:52,21.289,21289
1009,840,1,40,18:29:11,22.189,22189
1009,825,1,41,18:30:42,21.587,21587
1010,9,1,1,16:15:28,32.997,32997
1010,817,1,1,16:15:30,33.027,33027
1010,8,1,12,16:31:50,23.299,23299
1010,807,1,13,16:33:19,21.588,21588
1010,815,1,13,16:33:28,23.234,23234
1010,20,1,14,16:34:28,21.995,21995
1010,825,1,14,16:34:47,22.388,22388
1010,848,1,14,16:34:57,21.780,21780
1010,1,1,15,16:35:52,21.515,21515
1010,154,1,15,16:36:19,29.981,29981
1010,846,1,15,16:36:25,21.627,21627
1010,822,1,23,16:47:33,22.014,22014
1010,830,1,25,16:50:47,21.157,21157
1010,826,1,26,16:52:54,22.086,22086
1010,847,1,26,16:53:46,21.689,21689
1010,840,1,27,16:54:21,22.471,22471
1010,841,1,27,16:54:58,27.172,27172
1010,844,1,28,16:55:26,22.306,22306
1010,9,2,28,16:58:10,22.343,22343
1010,842,1,37,17:09:14,21.269,21269
1010,847,2,42,17:18:18,21.543,21543
1010,9,3,44,17:22:42,21.889,21889
1011,840,1,1,18:15:42,34.338,34338
1011,154,1,1,18:15:49,32.082,32082
1011,832,1,4,18:20:43,45.543,45543
1011,815,1,8,18:26:49,27.136,27136
1011,8,1,9,18:28:25,25.647,25647
1011,842,1,9,18:28:32,27.557,27557
1011,848,1,9,18:28:33,25.659,25659
1011,846,1,10,18:30:09,24.175,24175
1011,825,1,10,18:30:10,24.948,24948
1011,830,1,11,18:31:32,24.199,24199
1011,9,1,11,18:32:04,24.667,24667
1011,822,1,12,18:33:08,24.865,24865
1011,807,1,12,18:33:19,25.498,25498
1011,826,1,12,18:33:44,26.508,26508
1011,847,1,12,18:33:46,24.633,24633
1011,844,1,13,18:34:36,24.518,24518
1011,1,1,13,18:34:41,24.255,24255
1011,20,1,14,18:36:18,24.228,24228
1011,841,1,16,18:40:11,27.725,27725
1011,840,2,23,18:52:28,26.600,26600
1011,817,1,24,18:53:09,25.676,25676
1011,832,2,24,18:54:12,25.034,25034
1011,848,2,25,18:55:06,24.842,24842
1011,847,2,26,18:57:17,24.912,24912
1011,9,2,27,18:59:03,24.313,24313
1011,830,2,32,19:05:59,26.729,26729
1011,807,2,32,19:06:16,25.253,25253
1011,8,2,33,19:08:04,25.621,25621
1011,815,2,33,19:08:18,26.798,26798
1011,1,2,34,19:08:53,24.324,24324
1011,846,2,34,19:09:37,24.717,24717
1011,20,2,35,19:10:26,24.212,24212
1011,844,2,36,19:11:54,24.358,24358
1011,822,2,37,19:13:58,24.433,24433
1011,20,3,38,19:15:58,34.193,34193
1011,826,2,38,19:16:45,30.761,30761
1011,825,2,38,19:16:47,25.982,25982
1011,842,2,39,19:17:58,24.484,24484
1011,841,2,40,19:19:55,24.880,24880
1011,832,3,40,19:20:46,24.985,24985
1012,832,1,1,14:15:38,45.878,45878
1012,846,1,1,14:15:45,50.738,50738
1012,826,1,7,14:25:49,17.257,17257
1012,841,1,7,14:25:51,25.184,25184
1012,154,1,8,14:27:26,23.261,23261
1012,825,1,9,14:29:10,23.964,23964
1012,807,1,11,14:32:24,24.107,24107
1012,830,1,17,14:42:01,23.223,23223
1012,846,2,17,14:43:26,33.638,33638
1012,20,1,18,14:43:39,22.749,22749
1012,817,1,18,14:44:01,23.506,23506
1012,842,1,19,14:45:31,22.301,22301
1012,848,1,19,14:46:02,23.215,23215
1012,815,1,20,14:47:27,23.733,23733
1012,840,1,20,14:47:41,23.466,23466
1012,822,1,21,14:48:27,22.196,22196
1012,1,1,22,14:50:01,22.644,22644
1012,844,1,22,14:50:21,22.921,22921
1012,847,1,22,14:51:29,24.332,24332
1012,8,1,25,14:55:54,23.888,23888
1012,826,2,25,14:56:18,26.050,26050
1012,9,1,26,14:58:30,32.627,32627
1012,841,2,30,15:04:51,25.137,25137
1012,826,3,30,15:04:57,43.206,43206
1012,825,2,33,15:09:45,23.383,23383
1012,830,2,34,15:10:12,22.365,22365
1012,20,2,35,15:11:41,22.316,22316
1012,846,3,34,15:12:20,22.524,22524
1012,154,2,35,15:12:56,23.520,23520
1012,1,2,36,15:13:05,23.597,23597
1012,822,2,36,15:13:10,24.083,24083
1012,832,2,36,15:14:58,22.532,22532
1012,842,2,39,15:18:48,22.722,22722
1012,844,2,42,15:23:18,24.227,24227
1012,840,2,44,15:27:57,23.515,23515
1012,847,2,49,15:37:27,23.965,23965
1012,842,3,53,15:41:53,22.408,22408
1013,826,1,5,16:23:10,21.013,21013
1013,8,1,6,16:25:08,21.401,21401
1013,825,1,7,16:26:55,20.118,20118
1013,841,1,7,16:27:02,20.776,20776
1013,807,1,8,16:28:49,21.325,21325
1013,846,1,9,16:30:25,19.819,19819
1013,815,1,10,16:32:13,20.939,20939
1013,840,1,10,16:32:27,23.099,23099
1013,817,1,10,16:32:28,20.884,20884
1013,20,1,11,16:33:45,19.981,19981
1013,822,1,12,16:35:24,20.006,20006
1013,832,1,12,16:35:58,19.755,19755
1013,848,1,12,16:36:16,20.720,20720
1013,1,1,13,16:37:17,19.993,19993
1013,830,1,14,16:39:16,20.973,20973
1013,9,1,14,16:40:06,15.069,15069
1013,9,2,23,16:57:00,21.037,21037
1013,847,1,25,17:00:30,20.475,20475
1013,844,1,34,17:14:53,20.382,20382
1013,807,2,34,17:16:30,20.870,20870
1013,154,1,34,17:16:33,20.906,20906
1013,847,2,38,17:24:45,20.751,20751
1013,846,2,39,17:25:02,22.080,22080
1013,825,2,39,17:26:07,20.859,20859
1013,9,3,42,17:33:14,20.703,20703
1013,844,2,47,17:39:16,19.857,19857
1014,841,1,6,15:21:55,22.381,22381
1014,20,1,19,15:39:39,23.746,23746
1014,830,1,20,15:40:52,22.417,22417
1014,826,1,21,15:42:48,22.049,22049
1014,842,1,22,15:43:55,22.563,22563
1014,840,1,22,15:44:26,23.321,23321
1014,825,1,23,15:45:34,22.025,22025
1014,817,1,24,15:47:07,22.379,22379
1014,832,1,24,15:47:10,21.468,21468
1014,815,1,24,15:47:11,22.781,22781
1014,844,1,25,15:47:53,23.646,23646
1014,848,1,25,15:48:27,23.591,23591
1014,822,1,26,15:49:04,22.034,22034
1014,154,1,26,15:49:40,22.379,22379
1014,846,1,26,15:50:07,21.579,21579
1014,1,1,27,15:50:16,22.265,22265
1014,8,1,28,15:53:02,22.342,22342
1014,9,1,31,15:58:16,21.954,21954
1014,847,1,32,15:59:33,22.442,22442
1014,807,1,35,16:02:40,22.193,22193
1014,20,2,40,16:08:48,21.643,21643
1014,841,2,41,16:12:09,23.507,23507
1014,830,2,43,16:12:43,22.540,22540
1014,822,2,45,16:15:21,22.018,22018
1014,826,2,45,16:16:25,33.821,33821
1014,825,2,45,16:16:29,22.992,22992
1014,848,2,45,16:16:34,37.345,37345
1014,1,2,46,16:16:43,22.511,22511
1014,817,2,45,16:16:58,22.702,22702
1014,815,2,45,16:17:06,22.896,22896
1014,847,2,44,16:17:28,21.846,21846
1014,844,2,46,16:17:34,21.638,21638
1014,8,2,45,16:17:38,22.549,22549
1014,9,2,44,16:17:59,22.142,22142
1014,842,2,46,16:18:00,22.095,22095
1014,154,2,46,16:18:13,22.732,22732
1014,832,2,46,16:18:55,21.545,21545
1015,807,1,9,15:24:59,25.532,25532
1015,844,1,9,15:25:11,25.964,25964
1015,847,1,10,15:26:35,26.165,26165
1015,1,1,11,15:27:03,24.266,24266
1015,822,1,11,15:27:11,25.030,25030
1015,830,1,11,15:27:12,24.011,24011
1015,20,1,11,15:27:12,24.483,24483
1015,817,1,11,15:27:55,24.269,24269
1015,825,1,11,15:27:55,25.419,25419
1015,815,1,11,15:28:09,28.463,28463
1015,822,2,12,15:29:18,24.776,24776
1015,844,2,16,15:36:31,25.705,25705
1015,9,1,21,15:43:09,23.946,23946
1015,842,1,27,15:50:18,24.161,24161
1015,832,1,30,15:54:15,23.795,23795
1015,826,1,32,15:56:48,24.023,24023
1015,840,1,39,16:06:35,24.591,24591
1015,848,1,40,16:07:15,25.062,25062
1015,841,1,44,16:13:29,35.651,35651
1015,8,1,46,16:15:59,26.299,26299
1015,846,1,47,16:16:57,25.026,25026
1015,154,1,50,16:20:12,24.219,24219
1015,842,2,62,16:35:42,23.858,23858
1016,848,1,1,14:14:33,37.950,37950
1016,832,1,3,14:17:05,24.727,24727
1016,8,1,6,14:21:09,25.342,25342
1016,842,1,7,14:22:11,23.485,23485
1016,817,1,8,14:23:27,23.927,23927
1016,9,1,8,14:24:00,25.210,25210
1016,847,1,9,14:25:14,23.686,23686
1016,815,1,11,14:27:40,24.076,24076
1016,826,1,12,14:28:56,23.825,23825
1016,807,1,16,14:33:51,24.030,24030
1016,20,1,26,14:46:21,23.782,23782
1016,1,1,28,14:48:57,23.662,23662
1016,822,1,30,14:51:51,23.994,23994
1016,844,1,33,14:55:25,23.732,23732
1016,841,1,33,14:56:30,23.884,23884
1016,154,1,34,14:57:56,24.071,24071
1016,9,2,38,15:04:19,23.119,23119
1016,825,1,39,15:04:54,24.381,24381
1016,840,1,45,15:11:32,23.727,23727
1016,830,1,48,15:14:55,23.426,23426
1016,8,2,58,15:28:58,24.666,24666
1016,822,2,67,15:38:52,23.456,23456
1017,841,1,7,15:25:01,30.842,30842
1017,817,1,16,15:39:36,31.031,31031
1017,825,1,16,15:39:52,30.832,30832
1017,842,1,17,15:41:13,30.228,30228
1017,846,1,18,15:42:44,30.576,30576
1017,815,1,18,15:42:54,37.286,37286
1017,832,1,19,15:44:20,29.920,29920
1017,830,1,20,15:45:33,30.118,30118
1017,844,1,21,15:47:03,30.203,30203
1017,822,1,23,15:50:09,30.412,30412
1017,1,1,24,15:51:35,30.186,30186
1017,9,1,24,15:53:31,29.792,29792
1017,20,1,25,15:53:36,30.044,30044
1017,848,1,25,15:54:23,30.279,30279
1017,847,1,25,15:55:03,31.950,31950
1017,8,1,31,16:03:51,29.975,29975
1017,154,1,31,16:04:18,30.837,30837
1017,826,1,32,16:05:49,30.233,30233
1017,847,2,33,16:08:33,37.494,37494
1017,807,1,34,16:08:41,30.884,30884
1017,841,2,34,16:09:23,31.697,31697
1017,840,1,39,16:16:51,30.849,30849
1017,20,2,51,16:35:13,30.468,30468
1018,825,1,11,15:26:15,23.243,23243
1018,825,2,13,15:29:01,16.224,16224
1018,9,1,19,15:36:00,21.525,21525
1018,822,1,21,15:37:18,22.552,22552
1018,20,1,21,15:37:22,25.236,25236
1018,844,1,22,15:38:23,21.878,21878
1018,8,1,23,15:40:05,21.709,21709
1018,841,1,24,15:41:20,21.672,21672
1018,846,1,25,15:42:23,21.547,21547
1018,842,1,25,15:42:27,22.239,22239
1018,840,1,25,15:42:36,21.982,21982
1018,807,1,26,15:43:43,21.985,21985
1018,847,1,27,15:45:22,22.772,22772
1018,815,1,28,15:46:02,22.330,22330
1018,1,1,30,15:47:46,30.067,30067
1018,830,1,31,15:49:00,21.110,21110
1018,826,1,32,15:51:13,25.091,25091
1018,154,1,34,15:53:32,22.265,22265
1018,848,1,35,15:54:33,21.225,21225
1018,832,1,41,16:01:19,21.266,21266
1018,817,1,46,16:07:18,22.305,22305
1018,20,2,50,16:11:04,22.251,22251
1018,825,3,62,16:27:00,22.309,22309
1019,154,1,1,14:15:12,33.562,33562
1019,825,1,1,14:15:41,32.767,32767
1019,842,1,12,14:31:30,27.905,27905
1019,817,1,12,14:31:41,28.416,28416
1019,826,1,12,14:31:52,29.377,29377
1019,844,1,13,14:32:59,28.558,28558
1019,830,1,13,14:33:00,27.827,27827
1019,846,1,13,14:33:12,28.275,28275
1019,848,1,13,14:33:18,28.954,28954
1019,807,1,13,14:33:19,28.926,28926
1019,840,1,13,14:33:24,30.400,30400
1019,822,1,16,14:37:23,28.493,28493
1019,8,1,17,14:39:34,28.364,28364
1019,815,1,18,14:41:03,30.264,30264
1019,1,1,20,14:43:34,28.905,28905
1019,20,1,20,14:43:56,28.021,28021
1019,830,2,20,14:44:20,27.950,27950
1019,832,1,20,14:44:26,27.980,27980
1019,817,2,20,14:44:42,28.381,28381
1019,9,1,20,14:45:15,28.694,28694
1019,844,2,21,14:46:29,28.348,28348
1019,826,2,21,14:47:13,28.811,28811
1019,847,1,21,14:47:16,30.245,30245
1019,815,2,24,14:52:57,38.032,38032
1019,846,2,35,15:09:29,27.919,27919
1019,20,2,38,15:14:24,38.468,38468
1019,840,2,39,15:15:42,29.074,29074
1019,822,2,45,15:23:52,28.177,28177
1019,815,3,46,15:26:57,28.747,28747
1020,20,1,2,15:23:38,20.094,20094
1020,848,1,2,15:23:41,20.576,20576
1020,1,1,3,15:25:13,20.203,20203
1020,822,1,3,15:25:19,22.243,22243
1020,830,1,3,15:25:20,22.358,22358
1020,8,1,3,15:25:22,27.256,27256
1020,807,1,3,15:25:24,22.132,22132
1020,844,1,3,15:25:25,20.361,20361
1020,154,1,3,15:25:31,27.232,27232
1020,842,1,3,15:25:33,29.667,29667
1020,832,1,3,15:25:34,23.363,23363
1020,841,1,3,15:25:37,22.509,22509
1020,817,1,3,15:25:39,21.224,21224
1020,826,1,3,15:25:41,23.090,23090
1020,846,1,6,15:31:10,21.402,21402
1020,840,1,7,15:32:46,22.696,22696
1020,847,1,7,15:32:56,20.718,20718
1020,9,1,7,15:33:00,23.801,23801
1020,825,1,8,15:34:19,21.106,21106
1020,844,2,15,15:44:43,22.102,22102
1020,807,2,15,15:44:55,20.118,20118
1020,825,2,21,15:55:12,21.179,21179
1020,20,2,23,15:57:40,20.768,20768
1020,9,2,23,15:59:08,20.436,20436
1020,830,2,25,16:00:07,19.640,19640
1020,847,2,24,16:00:34,19.287,19287
1020,826,2,25,16:01:14,21.488,21488
1020,846,2,25,16:01:15,20.242,20242
1020,840,2,25,16:01:22,21.260,21260
1020,822,2,26,16:01:40,20.498,20498
1020,8,2,26,16:02:15,22.307,22307
1020,841,2,26,16:02:33,20.879,20879
1020,842,2,26,16:02:35,19.875,19875
1020,154,2,26,16:02:44,21.625,21625
1020,844,3,27,16:03:18,20.317,20317
1020,848,2,27,16:04:06,21.501,21501
1020,832,2,27,16:04:43,19.964,19964
1020,1,2,28,16:04:58,22.947,22947
1020,848,3,28,16:06:20,21.732,21732
1020,8,3,28,16:06:40,21.142,21142
1020,20,3,28,16:06:40,22.058,22058
1020,842,3,28,16:06:54,20.552,20552
1020,841,3,28,16:07:02,20.096,20096
1020,826,3,28,16:07:11,24.310,24310
1020,154,3,28,16:07:27,22.421,22421
1020,830,3,29,16:07:40,21.472,21472
1020,807,3,29,16:07:42,20.624,20624
1020,840,3,28,16:08:19,21.962,21962
1020,825,3,29,16:09:20,21.359,21359
1020,822,3,30,16:09:52,21.142,21142
1020,9,3,31,16:14:07,19.626,19626
1020,830,4,41,16:28:42,19.327,19327
1020,20,4,41,16:29:20,21.256,21256
1020,154,4,41,16:29:35,20.622,20622
1020,840,4,41,16:30:13,20.472,20472
1020,847,3,41,16:30:14,19.345,19345
1020,825,4,42,16:31:41,20.380,20380
1020,840,5,44,16:35:25,20.152,20152
1020,826,4,45,16:37:18,20.671,20671
1020,825,5,45,16:37:20,20.285,20285
1020,830,5,46,16:38:35,19.062,19062
1020,822,4,46,16:38:41,21.009,21009
1020,832,3,46,16:38:44,20.711,20711
1020,842,4,46,16:38:45,20.012,20012
1020,848,4,46,16:38:47,19.931,19931
1020,154,5,46,16:38:49,21.423,21423
1020,9,4,46,16:38:58,20.370,20370
1020,1,4,47,16:40:10,27.069,27069
1020,8,4,47,16:40:13,20.930,20930
1020,20,5,47,16:40:14,19.586,19586
1020,841,4,47,16:40:17,28.093,28093
1020,847,4,47,16:40:24,21.634,21634
1020,1,5,53,16:48:53,20.015,20015
1020,1,6,56,16:53:29,19.610,19610
1020,825,6,57,16:54:35,20.700,20700
1020,9,5,57,16:55:04,19.825,19825
1020,847,5,57,16:55:08,23.445,23445
1021,822,1,5,15:19:58,33.328,33328
1021,841,1,15,15:34:25,23.218,23218
1021,847,1,16,15:35:47,21.333,21333
1021,840,1,16,15:35:49,22.085,22085
1021,815,1,18,15:38:23,21.901,21901
1021,9,1,18,15:38:44,21.754,21754
1021,154,1,19,15:39:45,22.035,22035
1021,826,1,21,15:42:35,23.002,23002
1021,830,1,25,15:46:59,21.705,21705
1021,844,1,27,15:50:09,21.575,21575
1021,846,1,28,15:52:00,26.066,26066
1021,842,1,28,15:52:02,22.104,22104
1021,848,1,28,15:52:18,23.676,23676
1021,832,1,29,15:53:20,21.832,21832
1021,8,1,29,15:53:23,22.205,22205
1021,1,1,31,15:55:15,22.880,22880
1021,807,1,36,16:03:27,21.734,21734
1021,825,1,38,16:06:21,21.618,21618
1021,20,1,39,16:06:53,24.819,24819
1021,822,2,46,16:17:11,21.744,21744
1021,817,1,46,16:17:28,22.498,22498
1021,1,2,48,16:18:24,21.390,21390
1021,840,2,50,16:23:45,21.563,21563
1021,830,2,67,16:43:52,21.164,21164
1022,817,1,1,15:16:08,27.620,27620
1022,8,1,1,15:16:10,39.046,39046
1022,832,1,1,15:16:37,59.291,59291
1022,8,2,2,15:19:12,25.005,25005
1022,807,1,11,15:37:54,23.475,23475
1022,842,1,13,15:41:31,22.772,22772
1022,840,1,14,15:43:25,22.774,22774
1022,20,1,15,15:44:47,22.863,22863
1022,815,1,15,15:45:09,23.133,23133
1022,154,1,16,15:46:59,22.912,22912
1022,846,1,19,15:52:24,23.182,23182
1022,844,1,21,15:55:38,22.449,22449
1022,1,1,22,15:57:31,23.497,23497
1022,822,1,23,15:59:25,22.579,22579
1022,848,1,23,16:00:08,22.506,22506
1022,826,1,24,16:01:55,22.834,22834
1022,825,1,25,16:04:08,22.584,22584
1022,841,1,29,16:11:12,23.044,23044
1022,840,2,30,16:13:12,25.250,25250
1022,847,1,30,16:13:41,22.442,22442
1022,807,2,31,16:15:01,23.000,23000
1022,8,3,31,16:15:33,26.891,26891
1022,9,1,31,16:15:35,24.247,24247
1022,20,2,33,16:17:35,22.786,22786
1023,830,1,1,15:14:58,31.211,31211
1023,20,1,6,15:22:18,32.443,32443
1023,154,1,7,15:23:54,26.481,26481
1023,20,2,12,15:31:23,31.851,31851
1023,840,1,15,15:35:16,18.838,18838
1023,1,1,19,15:40:19,23.912,23912
1023,8,1,19,15:41:10,32.393,32393
1023,844,1,20,15:41:42,23.833,23833
1023,825,1,20,15:42:25,24.400,24400
1023,841,1,21,15:43:42,25.698,25698
1023,840,2,22,15:45:38,24.419,24419
1023,846,1,23,15:46:48,24.311,24311
1023,847,1,23,15:47:03,24.198,24198
1023,848,1,26,15:50:47,29.830,29830
1023,822,1,27,15:51:41,23.700,23700
1023,8,2,26,15:51:50,24.568,24568
1023,832,1,27,15:52:12,27.010,27010
1023,830,2,27,15:52:30,24.303,24303
1023,826,1,28,15:53:53,24.479,24479
1023,815,1,28,15:54:06,25.340,25340
1023,842,1,28,15:54:11,24.363,24363
1023,807,1,29,15:55:13,24.092,24092
1023,9,1,29,15:56:17,31.842,31842
1023,817,1,30,15:56:33,24.320,24320
1023,154,2,29,15:56:36,25.121,25121
1023,825,2,34,16:03:34,24.978,24978
1023,20,3,41,16:13:46,24.376,24376
1023,9,2,44,16:18:54,23.860,23860
1023,1,2,49,16:23:22,23.731,23731
1024,807,1,1,20:15:37,29.563,29563
1024,847,1,1,20:15:56,38.752,38752
1024,826,1,12,20:35:59,28.799,28799
1024,815,1,13,20:37:45,29.082,29082
1024,8,1,15,20:41:17,29.992,29992
1024,825,1,18,20:46:43,29.403,29403
1024,20,1,19,20:48:19,29.384,29384
1024,830,1,19,20:48:22,28.846,28846
1024,844,1,20,20:50:05,29.168,29168
1024,848,1,20,20:50:14,28.606,28606
1024,846,1,20,20:50:16,30.397,30397
1024,9,1,21,20:52:58,29.033,29033
1024,822,1,22,20:53:46,29.234,29234
1024,154,1,23,20:56:19,29.456,29456
1024,1,1,26,21:00:55,28.930,28930
1024,840,1,31,21:10:22,29.482,29482
1024,842,1,32,21:12:09,32.482,32482
1024,841,1,34,21:16:02,29.070,29070
1024,817,1,34,21:16:25,30.756,30756
1024,154,2,35,21:18:29,43.576,43576
1024,807,2,36,21:19:55,29.152,29152
1024,826,2,36,21:20:05,34.711,34711
1024,832,2,35,21:20:33,30.623,30623
1024,841,2,36,21:20:38,28.960,28960
1024,840,2,41,21:32:33,39.188,39188
1024,9,2,44,21:38:24,30.321,30321
1024,840,3,44,21:39:08,29.460,29460
1024,825,2,56,22:04:12,30.916,30916
1025,9,1,1,14:15:50,30.587,30587
1025,817,1,1,14:16:36,36.031,36031
1025,841,1,2,14:18:23,38.193,38193
1025,9,2,2,14:18:29,30.177,30177
1025,8,1,9,14:31:21,25.038,25038
1025,807,1,16,14:43:01,34.264,34264
1025,846,1,20,14:49:42,29.290,29290
1025,832,1,21,14:51:18,30.103,30103
1025,844,1,22,14:52:17,29.548,29548
1025,815,1,23,14:54:44,30.271,30271
1025,20,1,26,14:58:48,29.860,29860
1025,842,1,26,15:00:10,29.935,29935
1025,825,1,27,15:01:41,30.509,30509
1025,840,1,27,15:01:45,30.168,30168
1025,826,1,27,15:01:53,30.753,30753
1025,847,1,27,15:02:17,29.857,29857
1025,841,2,27,15:02:19,30.227,30227
1025,8,2,27,15:02:26,36.512,36512
1025,1,1,28,15:02:28,29.751,29751
1025,822,1,28,15:02:47,29.436,29436
1025,830,1,28,15:03:24,29.978,29978
1025,848,1,29,15:06:07,29.854,29854
1025,807,2,29,15:06:25,29.786,29786
1025,826,2,29,15:06:31,29.571,29571
1025,844,2,30,15:07:30,29.401,29401
1026,844,1,3,14:18:21,30.502,30502
1026,846,1,4,14:20:04,25.347,25347
1026,848,1,15,14:37:38,23.354,23354
1026,8,1,15,14:38:06,24.468,24468
1026,20,1,16,14:38:55,24.032,24032
1026,154,1,16,14:39:43,23.478,23478
1026,822,1,17,14:40:21,23.000,23000
1026,825,1,17,14:41:19,24.156,24156
1026,842,1,18,14:42:36,23.180,23180
1026,840,1,18,14:42:37,23.292,23292
1026,841,1,18,14:42:53,23.351,23351
1026,807,1,19,14:44:14,24.132,24132
1026,815,1,19,14:44:18,22.880,22880
1026,1,1,21,14:46:51,23.582,23582
1026,9,1,22,14:50:09,26.734,26734
1026,844,2,25,14:54:00,23.580,23580
1026,846,2,25,14:54:15,23.949,23949
1026,847,1,25,14:54:38,23.792,23792
1026,832,1,26,14:55:21,23.476,23476
1026,826,1,27,14:57:31,23.293,23293
1026,817,1,29,15:00:26,23.292,23292
1026,20,2,31,15:02:42,23.213,23213
1026,848,2,34,15:07:55,23.301,23301
1026,9,2,33,15:08:46,22.970,22970
1026,822,2,36,15:10:17,23.157,23157
1026,8,2,36,15:12:16,23.164,23164
1026,815,2,41,15:19:44,23.301,23301
1026,1,2,42,15:19:47,23.591,23591
1026,844,3,46,15:27:14,23.280,23280
1026,825,2,47,15:30:01,23.973,23973
1026,841,2,49,15:33:08,23.412,23412
1027,830,1,5,13:21:07,24.493,24493
1027,842,1,9,13:26:22,22.689,22689
1027,826,1,10,13:27:43,22.490,22490
1027,848,1,14,13:32:50,22.192,22192
1027,844,1,15,13:34:07,22.002,22002
1027,832,1,15,13:34:37,22.241,22241
1027,8,1,15,13:34:45,22.754,22754
1027,807,1,18,13:38:48,22.484,22484
1027,815,1,20,13:41:30,22.357,22357
1027,841,1,21,13:43:03,43.411,43411
1027,9,1,21,13:43:30,24.606,24606
1027,847,1,22,13:44:55,22.887,22887
1027,1,1,23,13:45:01,22.269,22269
1027,825,1,28,13:53:14,23.084,23084
1027,832,2,35,14:02:44,22.179,22179
1027,822,1,36,14:02:45,22.179,22179
1027,20,1,37,14:04:03,21.862,21862
1027,840,1,37,14:04:58,22.745,22745
1027,154,1,37,14:06:08,24.128,24128
1027,844,2,43,14:12:15,25.786,25786
1027,848,2,44,14:13:47,22.003,22003
1027,826,2,44,14:14:40,22.033,22033
1027,842,2,49,14:21:41,22.618,22618
1027,817,1,50,14:22:29,22.345,22345
1027,8,2,52,14:26:04,22.963,22963
1027,9,2,60,14:38:15,22.570,22570
1028,848,1,1,13:15:12,34.100,34100
1028,840,1,9,13:29:09,24.567,24567
1028,9,1,11,13:32:54,24.164,24164
1028,830,1,13,13:35:21,23.716,23716
1028,822,1,14,13:36:58,24.151,24151
1028,841,1,17,13:43:05,25.230,25230
1028,832,1,18,13:44:27,24.784,24784
1028,8,1,18,13:44:29,24.544,24544
1028,825,1,18,13:44:43,24.929,24929
1028,846,1,19,13:46:03,24.678,24678
1028,842,1,19,13:46:08,24.195,24195
1028,844,1,20,13:47:33,29.157,29157
1028,848,2,20,13:48:02,23.213,23213
1028,817,1,21,13:49:25,23.751,23751
1028,826,1,21,13:49:45,27.115,27115
1028,847,1,23,13:53:46,23.702,23702
1028,1,1,24,13:53:57,23.943,23943
1028,815,1,24,13:54:54,24.207,24207
1028,154,1,24,13:55:19,24.583,24583
1028,807,1,27,14:00:05,24.245,24245
1028,840,2,29,14:03:38,25.195,25195
1028,830,2,34,14:10:45,23.444,23444
1028,822,2,35,14:12:18,23.819,23819
1028,807,2,39,14:20:30,23.684,23684
1028,826,2,39,14:20:32,24.162,24162
1028,841,2,39,14:20:57,24.206,24206
1028,848,3,40,14:21:47,23.705,23705
1028,8,2,40,14:22:07,24.686,24686
1028,825,2,40,14:22:38,24.731,24731
1028,844,2,42,14:24:44,23.844,23844
1028,846,2,42,14:25:17,25.776,25776
1028,847,2,46,14:33:29,28.748,28748
1028,842,2,53,14:44:18,24.260,24260
1029,817,1,8,14:23:15,30.760,30760
1029,815,1,17,14:34:32,23.079,23079
1029,1,1,20,14:37:36,22.882,22882
1029,841,1,20,14:38:12,23.155,23155
1029,9,1,20,14:38:47,23.861,23861
1029,830,1,21,14:38:49,22.818,22818
1029,8,1,21,14:39:23,23.463,23463
1029,842,1,22,14:40:34,22.922,22922
1029,826,1,23,14:42:08,22.759,22759
1029,847,1,23,14:42:37,22.500,22500
1029,848,1,24,14:42:52,23.073,23073
1029,20,1,25,14:43:54,23.039,23039
1029,822,1,26,14:45:14,23.148,23148
1029,154,1,26,14:45:45,23.776,23776
1029,846,1,27,14:47:00,23.381,23381
1029,807,1,27,14:47:09,23.344,23344
1029,825,1,27,14:47:22,23.891,23891
1029,840,1,28,14:48:22,23.346,23346
1029,844,1,29,14:49:09,22.966,22966
1029,832,1,29,14:49:33,22.770,22770
1029,9,2,36,14:59:30,29.268,29268
1029,817,2,40,15:03:20,29.491,29491
1029,822,2,41,15:03:49,23.210,23210
1029,1,2,43,15:05:54,23.088,23088
1029,830,2,44,15:07:03,22.657,22657
1029,807,2,44,15:08:36,23.596,23596
1029,815,2,45,15:09:29,23.142,23142
1029,841,2,46,15:10:39,23.524,23524
1029,826,2,46,15:10:52,23.378,23378
1029,842,2,47,15:11:43,23.584,23584
1029,8,2,47,15:11:48,23.841,23841
1029,20,2,49,15:13:22,23.138,23138
1029,848,2,50,15:14:54,23.071,23071
1029,830,3,54,15:19:35,22.593,22593
1029,846,2,53,15:19:55,23.355,23355
1029,840,2,53,15:19:57,24.841,24841
1029,825,2,53,15:20:13,23.479,23479
1029,844,2,54,15:20:29,23.042,23042
1029,807,3,53,15:20:31,22.747,22747
1029,9,3,53,15:22:16,24.873,24873
1029,847,2,54,15:22:31,23.199,23199
1029,154,2,65,15:36:48,23.471,23471
1029,1,3,66,15:37:46,23.060,23060
1029,847,3,66,15:38:17,22.441,22441
1029,9,4,66,15:40:02,23.158,23158
1030,840,1,5,17:22:34,28.842,28842
1030,846,1,8,17:27:40,22.974,22974
1030,841,1,8,17:27:52,21.977,21977
1030,817,1,11,17:32:58,21.904,21904
1030,844,1,12,17:34:14,21.697,21697
1030,20,1,12,17:34:22,25.771,25771
1030,832,1,12,17:34:43,21.928,21928
1030,848,1,13,17:36:11,22.028,22028
1030,807,1,18,17:45:13,21.578,21578
1030,154,1,18,17:45:37,21.968,21968
1030,825,1,20,17:48:59,21.531,21531
1030,8,1,22,17:52:32,22.410,22410
1030,840,2,23,17:54:47,21.778,21778
1030,9,1,24,17:56:31,21.688,21688
1030,830,1,25,17:56:36,21.023,21023
1030,1,1,26,17:58:06,22.178,22178
1030,841,2,26,18:00:00,22.188,22188
1030,822,1,29,18:04:02,21.145,21145
1030,847,1,32,18:10:43,22.272,22272
1030,815,1,37,18:18:24,22.230,22230
1030,844,2,38,18:19:14,21.274,21274
1030,20,2,38,18:19:36,21.858,21858
1030,826,1,40,18:23:38,21.496,21496
1030,832,2,41,18:25:36,21.466,21466
1030,817,2,42,18:27:24,21.624,21624
1031,154,1,20,15:37:03,23.280,23280
1031,8,1,24,15:41:31,23.229,23229
1031,841,1,25,15:42:49,23.659,23659
1031,847,1,25,15:42:53,21.417,21417
1031,822,1,26,15:43:06,21.937,21937
1031,1,1,26,15:43:14,21.850,21850
1031,848,1,26,15:43:25,21.279,21279
1031,846,1,26,15:43:33,23.637,23637
1031,815,1,26,15:43:34,22.383,22383
1031,844,1,26,15:43:38,22.756,22756
1031,832,1,26,15:43:41,23.827,23827
1031,20,1,26,15:43:55,22.231,22231
1031,842,1,26,15:44:02,22.466,22466
1031,826,1,26,15:44:12,22.769,22769
1031,839,1,26,15:44:17,21.683,21683
1031,849,1,26,15:45:08,22.058,22058
1031,848,2,51,16:15:09,21.842,21842
1031,846,2,51,16:15:19,21.921,21921
1031,844,2,51,16:15:24,21.972,21972
1031,826,2,51,16:15:41,21.622,21622
1031,8,2,51,16:15:48,21.569,21569
1031,20,2,51,16:15:55,22.738,22738
1031,849,2,51,16:16:23,21.918,21918
1031,832,2,52,16:17:02,21.805,21805
1031,841,2,55,16:22:14,22.800,22800
1031,822,2,56,16:23:58,16.407,16407
1031,1,2,56,16:24:00,16.365,16365
1031,815,2,56,16:24:01,16.546,16546
1031,848,3,56,16:24:03,17.035,17035
1031,846,3,56,16:24:03,18.163,18163
1031,844,3,56,16:24:05,18.748,18748
1031,842,2,56,16:24:07,19.911,19911
1031,832,3,56,16:24:08,20.064,20064
1031,839,2,56,16:24:09,19.626,19626
1031,826,3,56,16:24:11,19.656,19656
1031,20,3,56,16:24:13,19.330,19330
1031,849,3,56,16:24:14,19.488,19488
1031,841,3,56,16:24:16,19.678,19678
1032,844,1,1,15:14:20,39.715,39715
1032,830,1,24,15:42:09,20.937,20937
1032,842,1,24,15:42:46,21.950,21950
1032,1,1,27,15:45:28,21.729,21729
1032,825,1,31,15:51:02,21.977,21977
1032,832,1,32,15:51:49,25.983,25983
1032,849,1,32,15:52:24,22.745,22745
1032,840,1,33,15:53:01,22.118,22118
1032,822,1,34,15:53:38,21.376,21376
1032,847,1,34,15:54:49,21.697,21697
1032,848,1,35,15:55:11,21.505,21505
1032,826,1,36,15:56:45,22.197,22197
1032,817,1,37,15:57:33,21.603,21603
1032,154,1,37,15:58:03,22.444,22444
1032,815,1,38,15:58:45,22.761,22761
1032,846,1,39,16:00:02,22.406,22406
1032,841,1,39,16:00:18,21.667,21667
1032,8,1,44,16:06:06,21.459,21459
1032,842,2,49,16:12:15,22.280,22280
1032,832,2,66,16:31:07,21.873,21873
1032,830,2,68,16:32:33,21.091,21091
1033,826,1,1,15:14:46,23.568,23568
1033,844,1,2,15:16:15,22.266,22266
1033,822,1,2,15:16:16,21.906,21906
1033,1,1,3,15:17:37,22.320,22320
1033,840,1,3,15:17:46,23.081,23081
1033,20,1,3,15:17:50,28.286,28286
1033,815,1,3,15:17:53,23.263,23263
1033,832,1,3,15:17:55,27.131,27131
1033,848,1,3,15:17:58,23.046,23046
1033,849,1,3,15:18:00,21.596,21596
1033,842,1,3,15:18:01,22.740,22740
1033,8,1,3,15:18:04,22.299,22299
1033,830,1,4,15:19:18,21.529,21529
1033,817,1,4,15:19:30,21.920,21920
1033,839,1,4,15:19:35,24.281,24281
1033,846,1,4,15:19:40,23.012,23012
1033,847,1,4,15:19:42,21.184,21184
1033,841,1,4,15:19:50,22.283,22283
1033,849,2,4,15:21:24,36.335,36335
1033,826,2,18,15:39:53,22.685,22685
1033,847,2,19,15:41:33,21.367,21367
1033,844,2,20,15:42:29,22.564,22564
1033,841,2,20,15:43:04,23.082,23082
1033,20,2,29,15:54:50,21.880,21880
1033,839,2,31,15:57:59,21.860,21860
1033,822,2,33,15:59:47,21.644,21644
1033,849,3,31,16:00:38,28.367,28367
1033,8,2,33,16:00:45,27.128,27128
1033,848,2,34,16:01:43,22.174,22174
1033,154,1,34,16:01:59,22.591,22591
1033,840,2,35,16:02:34,22.534,22534
1033,825,1,35,16:03:02,23.621,23621
1033,815,2,35,16:03:08,22.051,22051
1033,846,2,35,16:03:33,22.742,22742
1033,830,2,36,16:03:38,21.268,21268
1033,1,2,37,16:04:39,22.264,22264
1033,832,2,40,16:10:06,22.438,22438
1033,841,3,40,16:11:01,21.831,21831
1033,849,4,39,16:12:52,21.802,21802
1033,817,2,43,16:14:04,22.073,22073
1033,822,3,49,16:21:27,21.572,21572
1033,847,3,50,16:24:28,22.048,22048
1033,840,3,52,16:25:54,22.057,22057
1033,849,5,52,16:31:33,25.767,25767
1033,1,3,66,16:43:33,22.426,22426
1034,848,1,6,14:26:01,28.834,28834
1034,817,1,12,14:35:22,29.559,29559
1034,846,1,12,14:35:24,30.289,30289
1034,839,1,12,14:35:26,30.768,30768
1034,20,1,12,14:35:27,29.439,29439
1034,842,1,12,14:35:29,29.414,29414
1034,841,1,12,14:35:30,28.355,28355
1034,8,1,12,14:35:35,36.590,36590
1034,847,1,12,14:35:36,29.302,29302
1034,849,1,12,14:35:42,31.371,31371
1034,1,1,13,14:37:01,28.805,28805
1034,822,1,13,14:37:06,30.571,30571
1034,830,1,13,14:37:10,28.208,28208
1034,844,1,13,14:37:21,29.520,29520
1034,832,1,13,14:37:27,28.487,28487
1034,840,1,13,14:37:32,28.716,28716
1034,848,2,30,15:08:33,33.308,33308
1034,154,1,36,15:17:38,33.816,33816
1034,8,2,47,15:35:09,44.085,44085
1034,830,2,50,15:38:04,28.273,28273
1034,822,2,50,15:38:33,33.602,33602
1034,832,2,51,15:40:13,36.278,36278
1035,848,1,6,14:22:39,28.417,28417
1035,842,1,7,14:24:09,28.356,28356
1035,841,1,7,14:24:23,27.892,27892
1035,847,1,8,14:25:59,28.391,28391
1035,825,1,9,14:27:31,28.934,28934
1035,849,1,9,14:27:35,28.696,28696
1035,846,1,12,14:31:56,27.949,27949
1035,822,1,13,14:33:10,28.408,28408
1035,1,1,14,14:34:45,28.406,28406
1035,817,1,14,14:34:58,28.587,28587
1035,807,1,15,14:36:26,28.981,28981
1035,154,1,17,14:40:00,29.377,29377
1035,840,1,18,14:41:04,28.235,28235
1035,844,1,18,14:41:13,29.419,29419
1035,826,1,19,14:43:00,28.036,28036
1035,825,2,20,14:45:03,29.389,29389
1035,832,1,22,14:47:30,35.864,35864
1035,839,1,22,14:47:36,28.093,28093
1035,20,1,22,14:47:40,28.167,28167
1035,842,2,23,14:49:25,28.306,28306
1035,847,2,24,14:51:11,28.331,28331
1035,830,1,26,14:53:04,29.115,29115
1035,817,2,26,14:53:46,28.167,28167
1035,8,1,26,14:54:13,29.296,29296
1035,849,2,26,14:54:19,28.086,28086
1035,846,2,29,14:58:32,28.874,28874
1035,807,2,30,14:59:44,28.386,28386
1035,848,2,30,15:00:01,27.858,27858
1035,840,2,31,15:01:17,27.974,27974
1035,830,2,32,15:02:28,28.986,28986
1035,822,2,32,15:02:31,28.188,28188
1035,20,2,33,15:04:55,28.352,28352
1035,841,2,33,15:05:16,27.693,27693
1035,832,2,34,15:06:26,28.772,28772
1035,826,2,35,15:07:54,28.365,28365
1035,817,3,35,15:08:07,28.057,28057
1035,154,2,38,15:12:59,29.803,29803
1035,847,3,39,15:14:39,28.692,28692
1035,1,2,41,15:16:16,29.402,29402
1035,807,3,44,15:21:21,28.736,28736
1035,849,3,46,15:25:31,29.049,29049
1036,848,1,17,15:37:35,21.663,21663
1036,847,1,19,15:40:50,22.708,22708
1036,8,1,20,15:42:15,22.314,22314
1036,830,1,21,15:42:49,21.532,21532
1036,842,1,21,15:43:20,22.241,22241
1036,846,1,21,15:43:22,22.099,22099
1036,826,1,21,15:43:30,23.036,23036
1036,841,1,21,15:43:48,22.243,22243
1036,832,1,22,15:44:43,22.078,22078
1036,1,1,23,15:45:28,23.377,23377
1036,822,1,23,15:45:39,22.310,22310
1036,840,1,27,15:51:47,22.351,22351
1036,825,1,28,15:53:40,24.148,24148
1036,849,1,28,15:54:06,22.322,22322
1036,815,1,29,15:54:39,22.641,22641
1036,844,1,29,15:54:45,22.274,22274
1036,20,1,29,15:54:53,21.820,21820
1036,154,1,32,15:59:39,23.212,23212
1036,839,1,34,16:02:12,22.366,22366
1036,817,1,35,16:03:27,21.837,21837
1036,847,2,35,16:03:47,21.889,21889
1036,848,2,39,16:09:10,21.804,21804
1036,830,2,41,16:10:56,21.601,21601
1036,832,2,41,16:11:55,22.166,22166
1036,840,2,42,16:13:17,22.388,22388
1036,842,2,42,16:13:22,22.394,22394
1036,846,2,44,16:16:10,21.761,21761
1036,8,2,44,16:16:43,22.197,22197
1036,826,2,45,16:17:43,22.079,22079
1036,841,2,45,16:18:12,21.794,21794
1036,822,2,48,16:20:38,22.143,22143
1036,1,2,50,16:23:05,21.853,21853
1036,849,2,49,16:24:00,22.475,22475
1036,154,2,62,16:42:16,24.010,24010
1036,822,3,64,16:42:47,22.607,22607
1037,844,1,10,15:32:40,30.678,30678
1037,8,1,10,15:32:46,22.960,22960
1037,154,1,10,15:32:51,23.636,23636
1037,825,1,10,15:32:57,26.156,26156
1037,849,1,10,15:33:00,23.532,23532
1037,1,1,11,15:34:33,23.298,23298
1037,822,1,11,15:34:37,25.548,25548
1037,830,1,11,15:34:40,23.314,23314
1037,817,1,11,15:34:49,23.586,23586
1037,839,1,11,15:34:54,24.305,24305
1037,848,1,11,15:34:55,22.738,22738
1037,840,1,11,15:34:58,23.689,23689
1037,846,1,11,15:35:05,23.046,23046
1037,826,1,11,15:35:10,23.769,23769
1037,20,1,11,15:35:12,22.982,22982
1037,815,1,18,15:51:01,23.175,23175
1037,844,2,24,16:02:10,25.100,25100
1037,842,1,26,16:05:44,22.681,22681
1037,849,2,30,16:13:23,23.477,23477
1037,825,2,35,16:22:33,24.339,24339
1038,1,2,26,15:54:50,25:16.864,1516864
1038,847,1,22,15:46:57,25.249,25249
1038,154,1,22,15:46:57,25.936,25936
1038,848,1,22,15:46:56,29.661,29661
1038,826,1,22,15:46:56,25.920,25920
1038,839,1,22,15:46:55,25.290,25290
1038,830,1,22,15:46:50,26.149,26149
1038,822,1,22,15:46:49,24.410,24410
1038,817,1,22,15:46:48,25.498,25498
1038,815,1,22,15:46:48,26.693,26693
1038,846,1,22,15:46:47,24.612,24612
1038,832,1,22,15:46:40,24.398,24398
1038,841,1,20,15:42:53,23.998,23998
1038,1,1,20,15:41:58,24.671,24671
1038,842,1,19,15:40:55,24.096,24096
1038,8,1,18,15:39:31,24.454,24454
1038,844,1,17,15:38:12,24.344,24344
1038,849,1,16,15:36:53,26.335,26335
1038,825,1,1,15:15:04,40.078,40078
1039,8,3,8,15:31:30,24:10.186,1450186
1039,847,2,8,15:31:28,24:07.186,1447186
1039,826,2,8,15:31:24,24:05.955,1445955
1039,848,1,7,15:28:39,17.591,17591
1039,840,1,7,15:28:41,17.625,17625
1039,817,1,7,15:28:42,17.464,17464
1039,815,1,7,15:28:44,17.531,17531
1039,846,1,7,15:28:45,17.845,17845
1039,826,1,7,15:28:47,17.522,17522
1039,839,1,7,15:28:49,17.455,17455
1039,847,1,7,15:28:49,18.399,18399
1039,8,2,7,15:28:51,17.594,17594
1039,20,2,7,15:28:52,17.516,17516
1039,154,1,7,15:28:53,24.781,24781
1039,822,2,8,15:31:11,23:56.402,1436402
1039,1,2,8,15:31:13,23:56.696,1436696
1039,844,2,8,15:31:15,23:56.871,1436871
1039,848,2,8,15:31:16,23:58.719,1438719
1039,840,2,8,15:31:17,23:59.578,1439578
1039,20,1,1,15:15:41,33.583,33583
1039,822,1,7,15:28:34,17.560,17560
1039,1,1,7,15:28:37,17.536,17536
1039,844,1,7,15:28:38,17.516,17516
1039,8,1,1,15:15:33,30.623,30623
1039,846,2,8,15:31:22,24:05.614,1445614
1039,817,2,8,15:31:19,24:01.000,1441000
1039,815,2,8,15:31:21,24:01.547,1441547
1039,20,3,8,15:31:32,24:09.513,1449513
1039,154,2,8,15:31:34,24:10.651,1450651
1039,844,3,21,16:15:31,23.469,23469
1039,817,3,27,16:23:46,22.777,22777
1039,8,4,27,16:24:17,33.281,33281
1039,815,3,28,16:25:26,23.088,23088
1039,20,4,28,16:25:43,22.995,22995
1039,154,3,28,16:25:52,23.720,23720
1039,846,3,29,16:26:50,24.137,24137
1039,826,3,29,16:26:55,23.113,23113
1039,847,3,29,16:27:04,23.638,23638
1039,840,3,30,16:27:59,22.846,22846
1039,822,3,31,16:29:09,23.111,23111
1039,1,3,32,16:30:24,22.445,22445
1039,848,3,32,16:30:50,22.387,22387
1039,844,4,37,16:38:26,23.367,23367
1039,8,5,42,16:45:58,28.960,28960
1039,822,4,43,16:46:01,23.199,23199
1039,154,4,42,16:46:13,24.002,24002
1039,817,4,43,16:46:24,22.963,22963
1039,848,4,43,16:46:29,22.822,22822
1039,815,4,43,16:46:45,23.002,23002
1039,846,4,43,16:46:51,24.820,24820
1039,826,4,43,16:47:06,22.745,22745
1039,847,4,43,16:47:25,23.367,23367
1039,20,5,43,16:47:29,22.489,22489
1039,1,4,44,16:47:42,22.800,22800
1039,1,5,45,16:50:26,21:40.911,1300911
1039,822,5,45,16:50:27,21:42.010,1302010
1039,8,6,44,16:50:29,19:40.725,1180725
1039,154,5,44,16:50:31,19:41.863,1181863
1039,817,5,45,16:50:33,21:39.801,1299801
1039,848,5,45,16:50:35,21:42.435,1302435
1039,815,5,45,16:50:40,21:39.712,1299712
1039,846,5,45,16:50:53,21:32.871,1292871
1039,826,5,45,16:50:58,21:30.227,1290227
1039,844,5,45,16:51:08,21:25.145,1285145
1039,847,5,45,16:51:28,21:09.095,1269095
1039,20,6,45,16:51:32,21:06.590,1266590
1038,840,1,26,15:54:52,25:17.308,1517308
1038,842,2,26,15:54:53,25:19.879,1519879
1038,8,2,26,15:54:55,25:20.985,1520985
1038,841,2,26,15:54:57,25:21.825,1521825
1038,832,2,26,15:54:58,25:22.369,1522369
1038,846,2,26,15:55:02,25:22.009,1522009
1038,822,2,26,15:55:03,25:22.264,1522264
1038,849,2,26,15:55:05,25:23.130,1523130
1038,817,2,26,15:55:06,25:23.637,1523637
1038,830,2,26,15:55:08,25:22.796,1522796
1038,839,2,26,15:55:10,25:23.223,1523223
1038,826,2,26,15:55:12,25:24.139,1524139
1038,815,2,26,15:55:14,25:24.989,1524989
1038,847,2,26,15:55:17,25:27.938,1527938
1038,848,2,26,15:55:18,25:28.247,1528247
1038,154,2,26,15:55:20,25:30.188,1530188
1038,1,3,28,16:25:20,31.643,31643
1038,841,3,30,16:28:15,31.480,31480
1040,847,1,1,14:15:56,30.165,30165
1040,848,1,1,14:16:00,30.211,30211
1040,846,1,1,14:16:01,37.108,37108
1040,847,2,14,14:43:16,29.433,29433
1040,817,1,15,14:44:24,30.112,30112
1040,1,1,16,14:45:50,41.352,41352
1040,841,1,16,14:46:23,29.767,29767
1040,154,1,17,14:48:03,30.054,30054
1040,849,1,17,14:48:20,29.862,29862
1040,839,1,18,14:49:24,30.068,30068
1040,842,1,18,14:49:32,29.770,29770
1040,825,1,19,14:51:23,30.188,30188
1040,815,1,20,14:52:46,29.602,29602
1040,830,1,25,15:00:57,28.748,28748
1040,822,1,26,15:02:26,29.750,29750
1040,848,2,27,15:05:10,30.111,30111
1040,844,1,28,15:06:20,30.261,30261
1040,826,1,30,15:09:46,29.662,29662
1040,20,1,30,15:10:13,29.395,29395
1040,8,1,35,15:18:43,33.317,33317
1040,842,2,42,15:30:21,29.409,29409
1040,154,2,42,15:31:06,29.988,29988
1040,846,2,47,15:39:13,31.368,31368
1040,847,3,50,15:45:09,29.675,29675
1041,848,1,7,14:24:20,23.562,23562
1041,844,1,10,14:29:03,22.560,22560
1041,8,1,10,14:29:22,22.865,22865
1041,20,1,11,14:30:54,22.616,22616
1041,847,1,11,14:30:54,22.496,22496
1041,822,1,13,14:33:18,22.625,22625
1041,825,1,14,14:35:37,23.016,23016
1041,849,1,14,14:35:40,24.737,24737
1041,841,1,15,14:37:09,22.482,22482
1041,1,1,16,14:37:59,23.983,23983
1041,830,1,16,14:38:04,22.106,22106
1041,817,1,16,14:38:37,22.159,22159
1041,826,1,17,14:41:05,30.826,30826
1041,815,1,28,14:57:23,22.880,22880
1041,832,1,28,14:57:31,22.641,22641
1041,154,1,28,14:57:54,23.635,23635
1041,846,1,29,14:58:56,21.991,21991
1041,807,1,29,14:59:24,22.700,22700
1041,842,1,30,15:00:55,22.625,22625
1041,849,2,33,15:06:01,24.063,24063
1041,825,2,34,15:07:30,23.114,23114
1041,844,2,35,15:08:35,23.111,23111
1041,841,2,36,15:10:28,22.772,22772
1041,20,2,41,15:18:18,24.366,24366
1041,817,2,44,15:22:03,22.530,22530
1041,832,2,44,15:22:26,22.503,22503
1041,1,2,45,15:22:31,23.180,23180
1041,830,2,45,15:22:43,22.568,22568
1041,842,2,44,15:23:04,22.917,22917
1041,807,2,44,15:23:08,22.686,22686
1041,8,2,44,15:23:17,33.016,33016
1041,826,2,44,15:23:55,22.527,22527
1041,815,2,45,15:24:17,22.612,22612
1042,815,1,1,13:14:54,26.177,26177
1042,8,1,11,13:28:58,29.061,29061
1042,817,1,14,13:33:08,26.999,26999
1042,846,1,18,13:38:42,34.807,34807
1042,840,1,18,13:38:52,36.314,36314
1042,848,1,19,13:40:09,26.287,26287
1042,830,1,23,13:45:13,26.394,26394
1042,849,1,24,13:47:22,26.739,26739
1042,826,1,25,13:48:37,27.211,27211
1042,832,1,26,13:49:45,27.299,27299
1042,154,1,26,13:50:03,26.985,26985
1042,20,1,27,13:51:14,26.666,26666
1042,842,1,28,13:52:25,27.204,27204
1042,841,1,28,13:52:49,26.473,26473
1042,825,1,31,13:57:08,27.300,27300
1042,844,1,34,14:00:19,26.940,26940
1042,840,2,34,14:01:48,37.483,37483
1042,847,1,36,14:03:48,32.991,32991
1042,1,1,40,14:07:56,27.162,27162
1042,822,1,41,14:09:27,26.512,26512
1042,846,2,43,14:13:48,27.750,27750
1042,815,2,45,14:15:49,26.635,26635
1042,848,2,46,14:17:42,25.882,25882
1042,839,1,53,14:26:47,28.535,28535
1042,826,2,55,14:30:36,32.943,32943
1043,840,1,1,13:14:49,36.189,36189
1043,154,1,9,13:25:41,30.422,30422
1043,841,1,10,13:27:00,29.745,29745
1043,847,1,11,13:28:18,29.707,29707
1043,844,1,13,13:30:49,30.243,30243
1043,846,1,13,13:30:56,29.683,29683
1043,839,1,13,13:30:59,30.559,30559
1043,817,1,14,13:32:09,30.204,30204
1043,848,1,14,13:32:12,29.770,29770
1043,826,1,14,13:32:12,30.277,30277
1043,832,1,17,13:36:15,29.950,29950
1043,830,1,18,13:37:06,29.427,29427
1043,822,1,19,13:38:22,29.600,29600
1043,815,1,27,13:49:28,29.985,29985
1043,825,1,27,13:50:01,30.708,30708
1043,1,1,30,13:52:53,30.382,30382
1043,840,2,29,13:53:03,30.566,30566
1043,849,1,34,13:59:15,29.892,29892
1043,20,1,39,14:05:39,40.497,40497
1043,8,1,48,14:17:39,29.863,29863
1043,154,2,50,14:21:06,31.199,31199
1043,822,2,51,14:21:18,30.129,30129
1043,815,2,51,14:21:54,30.555,30555
1043,826,2,51,14:22:09,29.809,29809
1043,832,2,51,14:22:11,30.614,30614
1043,1,2,52,14:22:55,30.925,30925
1043,20,2,51,14:22:57,29.934,29934
1043,840,3,52,14:25:09,36.630,36630
1043,846,2,53,14:25:29,30.203,30203
1043,848,2,59,14:37:02,29.552,29552
1044,839,1,1,13:15:59,25.719,25719
1044,844,1,6,13:25:49,24.275,24275
1044,822,1,7,13:27:48,23.398,23398
1044,20,1,8,13:28:57,24.022,24022
1044,1,1,8,13:29:04,23.860,23860
1044,8,1,8,13:29:23,30.765,30765
1044,825,1,8,13:29:27,24.552,24552
1044,841,1,8,13:29:38,25.432,25432
1044,826,1,8,13:29:42,23.417,23417
1044,154,1,8,13:29:52,26.686,26686
1044,840,1,9,13:30:37,23.730,23730
1044,849,1,8,13:30:54,24.738,24738
1044,846,1,9,13:31:36,22.684,22684
1044,815,1,10,13:32:35,25.163,25163
1044,817,1,10,13:32:52,23.470,23470
1044,832,1,10,13:32:56,23.910,23910
1044,842,1,10,13:33:26,23.669,23669
1044,839,2,10,13:33:43,23.475,23475
1044,830,1,11,13:34:27,24.256,24256
1044,848,1,12,13:36:22,22.602,22602
1044,830,2,18,13:47:55,22.518,22518
1044,844,2,30,14:08:52,23.687,23687
1044,8,2,30,14:09:48,31.356,31356
1044,817,2,32,14:12:20,23.208,23208
1044,847,1,32,14:13:13,22.692,22692
1044,20,2,33,14:13:43,25.401,25401
1044,832,2,33,14:14:01,23.537,23537
1044,842,2,33,14:14:57,23.288,23288
1044,848,2,34,14:15:35,22.490,22490
1044,825,2,34,14:16:33,2:33.964,153964
1044,840,2,36,14:18:49,23.650,23650
1044,846,2,36,14:19:42,23.686,23686
1044,154,2,36,14:20:55,31.422,31422
1044,849,2,38,14:26:46,36.599,36599
1044,830,3,43,14:31:06,22.787,22787
1044,847,2,42,14:31:11,22.888,22888
1044,822,2,46,14:37:34,22.853,22853
1044,8,3,50,14:44:57,23.180,23180
1045,1,1,1,17:15:42,19:23.979,1163979
1045,830,1,1,17:15:44,19:24.529,1164529
1045,815,1,1,17:15:46,19:23.442,1163442
1045,848,1,1,17:15:51,19:21.607,1161607
1045,817,1,1,17:15:56,19:19.722,1159722
1045,822,1,1,17:15:57,19:19.205,1159205
1045,842,1,1,17:16:02,19:20.469,1160469
1045,839,1,1,17:16:04,19:20.946,1160946
1045,846,1,1,17:16:13,19:13.898,1153898
1045,844,1,1,17:16:14,19:14.255,1154255
1045,841,1,1,17:16:18,19:14.906,1154906
1045,840,1,1,17:16:19,19:14.123,1154123
1045,832,1,1,17:16:21,19:17.291,1157291
1045,825,1,1,17:16:23,19:16.990,1156990
1045,20,1,1,17:16:26,19:17.042,1157042
1045,849,1,1,17:16:29,19:17.995,1157995
1045,8,1,1,17:16:31,19:21.539,1161539
1045,847,1,1,17:16:34,19:23.297,1163297
1045,826,1,1,17:16:36,19:23.014,1163014
1045,825,2,3,18:41:46,38.297,38297
1045,822,2,4,18:43:43,24.936,24936
1045,817,2,16,19:06:25,24.617,24617
1045,839,2,17,19:07:58,24.076,24076
1045,826,2,17,19:08:09,37.317,37317
1045,8,2,17,19:08:14,32.278,32278
1045,846,2,18,19:09:33,24.679,24679
1045,1,2,19,19:10:46,24.061,24061
1045,848,2,19,19:11:03,24.172,24172
1045,830,2,20,19:12:27,24.622,24622
1045,815,2,20,19:12:34,24.317,24317
1045,847,2,20,19:13:06,24.029,24029
1045,841,2,20,19:13:16,24.145,24145
1045,20,2,20,19:13:19,24.774,24774
1045,832,2,21,19:14:28,24.511,24511
1045,849,2,21,19:14:54,24.248,24248
1045,844,2,23,19:17:53,25.199,25199
1045,842,2,25,19:21:01,24.398,24398
1045,822,3,25,19:21:09,24.734,24734
1045,825,3,27,19:24:46,25.924,25924
1045,826,3,33,19:34:29,24.135,24135
1045,830,3,34,19:34:47,26.950,26950
1045,848,3,34,19:35:11,23.848,23848
1045,839,3,34,19:35:41,25.254,25254
1045,1,3,35,19:36:16,24.345,24345
1045,815,3,36,19:38:16,24.589,24589
1045,817,3,36,19:38:50,24.817,24817
1045,849,3,37,19:41:05,24.024,24024
1045,846,3,38,19:41:45,24.666,24666
1045,822,4,38,19:42:04,24.675,24675
1045,832,3,39,19:43:27,25.502,25502
1045,847,3,39,19:44:08,27.146,27146
1045,20,3,39,19:44:14,25.444,25444
1045,844,3,40,19:45:27,24.855,24855
1045,8,3,40,19:45:59,25.270,25270
1045,830,4,46,19:53:52,23.906,23906
1045,841,3,53,20:07:02,24.836,24836
1045,825,4,53,20:07:38,25.793,25793
1046,815,1,1,20:14:22,24.214,24214
1046,846,1,20,20:35:27,24.885,24885
1046,8,1,23,20:38:44,28.518,28518
1046,841,1,26,20:41:34,24.810,24810
1046,825,1,26,20:41:37,25.474,25474
1046,826,1,27,20:42:12,24.101,24101
1046,849,1,27,20:42:32,24.297,24297
1046,832,1,28,20:43:07,24.162,24162
1046,842,1,28,20:43:13,25.077,25077
1046,817,1,29,20:44:08,24.474,24474
1046,20,1,31,20:46:25,26.216,26216
1046,851,1,31,20:46:36,24.863,24863
1046,850,1,31,20:46:50,27.681,27681
1046,839,1,41,20:55:57,24.414,24414
1046,840,1,42,20:56:54,24.684,24684
1046,847,1,45,20:59:22,24.708,24708
1046,815,2,47,21:01:49,24.507,24507
1046,848,1,47,21:01:54,23.874,23874
1046,822,1,49,21:03:18,24.552,24552
1046,842,2,51,21:05:56,24.577,24577
1046,826,2,53,21:07:47,24.232,24232
1046,846,2,54,21:09:09,24.245,24245
1046,850,2,53,21:09:11,26.393,26393
1046,20,2,54,21:09:21,28.080,28080
1046,841,2,54,21:09:30,24.551,24551
1046,825,2,54,21:09:40,25.466,25466
1046,851,2,54,21:09:43,25.688,25688
1046,8,2,54,21:09:49,24.401,24401
1046,832,2,55,21:09:54,24.853,24853
1046,817,2,55,21:09:56,24.695,24695
1046,851,3,59,21:15:05,40.028,40028
1046,847,2,62,21:16:30,28.765,28765
1046,822,2,62,21:16:37,52.874,52874
1046,848,2,62,21:17:23,23.645,23645
1046,847,3,63,21:18:22,24.724,24724
1046,8,3,62,21:18:42,24.686,24686
1046,20,3,63,21:19:11,24.809,24809
1046,850,3,63,21:20:20,25.780,25780
1046,847,4,78,21:35:26,24.235,24235
1047,830,1,10,17:30:57,21.289,21289
1047,822,1,10,17:31:02,21.587,21587
1047,1,1,10,17:31:09,22.406,22406
1047,848,1,10,17:31:15,21.508,21508
1047,846,1,10,17:31:22,21.840,21840
1047,832,1,10,17:31:29,22.140,22140
1047,840,1,10,17:31:30,22.036,22036
1047,842,1,10,17:31:33,22.000,22000
1047,826,1,10,17:31:37,25.724,25724
1047,839,1,10,17:31:40,21.615,21615
1047,8,1,10,17:31:49,22.012,22012
1047,847,1,10,17:31:56,22.085,22085
1047,850,1,10,17:32:05,26.329,26329
1047,849,1,11,17:34:29,21.357,21357
1047,844,1,22,17:54:48,22.178,22178
1047,841,1,27,18:03:41,21.480,21480
1047,825,1,31,18:10:52,22.714,22714
1047,850,2,34,18:16:09,28.501,28501
1047,20,1,35,18:17:15,22.040,22040
1047,849,2,35,18:17:41,22.384,22384
1047,817,1,39,18:23:37,22.123,22123
1047,825,2,47,18:39:11,23.098,23098
1047,850,3,48,18:41:11,23.217,23217
1052,815,1,2,18:11:56,23.993,23993
1052,842,1,4,18:16:14,38.338,38338
1052,4,1,11,18:27:32,24.373,24373
1052,846,1,12,18:29:05,24.899,24899
1052,844,1,12,18:29:06,24.925,24925
1052,840,1,12,18:29:09,24.884,24884
1052,841,1,12,18:29:14,31.998,31998
1052,1,1,13,18:30:29,24.839,24839
1052,817,1,13,18:30:45,24.688,24688
1052,8,1,13,18:30:52,24.107,24107
1052,839,1,13,18:30:55,25.226,25226
1052,847,1,13,18:31:02,24.621,24621
1052,849,1,14,18:32:44,26.046,26046
1052,854,1,14,18:32:58,25.798,25798
1052,832,1,15,18:34:04,24.353,24353
1052,852,1,15,18:34:12,25.046,25046
1052,822,1,16,18:35:24,24.262,24262
1052,830,1,17,18:36:54,24.767,24767
1052,815,2,19,18:40:35,24.105,24105
1052,842,2,19,18:41:17,24.317,24317
1052,20,1,24,18:49:08,24.626,24626
1052,1,2,28,18:54:40,24.076,24076
1052,840,2,28,18:55:23,25.525,25525
1052,8,2,29,18:57:06,24.046,24046
1052,4,2,29,18:57:13,24.775,24775
1052,822,2,30,18:57:58,32.897,32897
1052,841,2,30,18:58:53,24.223,24223
1052,839,2,31,19:00:29,24.471,24471
1052,844,2,32,19:01:40,24.176,24176
1052,817,2,32,19:01:44,24.655,24655
1052,849,2,32,19:02:32,23.983,23983
1052,846,2,33,19:03:11,25.640,25640
1052,852,2,33,19:03:36,24.328,24328
1052,854,2,33,19:04:27,25.343,25343
1052,847,2,36,19:08:48,24.248,24248
1052,832,2,37,19:09:53,24.341,24341
1052,815,3,38,19:11:20,24.191,24191
1052,830,2,39,19:12:13,23.848,23848
1052,842,3,39,19:13:55,24.983,24983
1052,822,3,54,19:36:21,24.566,24566
1053,839,1,1,15:05:16,30.866,30866
1053,20,1,3,15:10:09,32.024,32024
1053,854,1,5,15:15:11,51.007,51007
1053,853,1,12,15:27:20,31.168,31168
1053,842,1,14,15:30:10,31.068,31068
1053,20,2,20,15:39:11,31.184,31184
1053,854,2,21,15:41:24,32.479,32479
1053,20,3,22,15:42:52,39.502,39502
1053,853,2,23,15:45:20,31.500,31500
1053,852,1,25,15:46:39,30.696,30696
1053,847,1,26,15:47:53,29.983,29983
1053,8,1,26,15:47:55,30.280,30280
1053,830,1,27,15:47:59,29.809,29809
1053,842,2,26,15:48:45,32.277,32277
1053,832,1,27,15:48:51,30.856,30856
1053,817,1,27,15:48:57,34.340,34340
1053,840,1,27,15:49:16,31.138,31138
1053,1,1,28,15:49:27,32.112,32112
1053,841,1,27,15:49:32,32.299,32299
1053,839,2,27,15:49:42,30.652,30652
1053,844,1,28,15:49:43,31.002,31002
1053,815,1,28,15:49:58,44.608,44608
1053,846,1,28,15:50:11,30.654,30654
1053,822,1,28,15:50:46,30.167,30167
1053,4,1,28,15:51:18,30.864,30864
1053,1,2,31,15:55:30,38.198,38198
1053,839,3,31,15:56:23,30.701,30701
1053,830,2,33,15:58:11,27:01.361,1621361
1053,840,2,32,15:58:13,24:52.090,1492090
1053,8,2,32,15:58:16,24:52.612,1492612
1053,1,3,32,15:58:17,24:54.731,1494731
1053,854,3,31,15:58:20,25:21.462,1521462
1053,852,2,32,15:58:24,24:51.384,1491384
1053,841,2,32,15:58:26,24:56.541,1496541
1053,844,2,33,15:58:28,26:49.484,1609484
1053,4,2,32,15:58:37,24:48.372,1488372
1053,839,4,32,15:58:48,24:38.974,1478974
1053,853,3,31,15:58:57,24:46.154,1486154
1053,846,2,33,15:59:06,26:24.953,1584953
1053,815,2,33,15:59:11,26:21.158,1581158
1053,832,2,33,15:59:14,26:22.211,1582211
1053,842,3,32,15:59:18,24:13.539,1453539
1053,20,4,32,15:59:21,24:12.323,1452323
1053,817,2,33,15:59:25,26:14.827,1574827
1053,840,3,33,16:24:36,1:05.390,65390
1053,8,3,33,16:24:42,1:02.892,62892
1053,1,4,33,16:24:48,1:05.870,65870
1053,852,3,33,16:24:52,1:03.280,63280
1053,841,3,33,16:24:58,1:00.172,60172
1053,4,3,33,16:25:04,57.601,57601
1053,839,5,33,16:25:06,56.733,56733
1053,842,4,33,16:25:09,56.083,56083
1053,20,5,33,16:25:15,52.043,52043
1053,854,4,32,16:25:16,51.222,51222
1053,853,4,32,16:25:22,49.729,49729
1053,841,4,40,16:36:13,29.742,29742
1054,822,1,2,15:06:11,21.377,21377
1054,1,1,2,15:06:13,22.426,22426
1054,830,1,2,15:06:14,22.718,22718
1054,832,1,2,15:06:16,22.029,22029
1054,815,1,2,15:06:18,21.890,21890
1054,846,1,2,15:06:19,21.407,21407
1054,839,1,2,15:06:21,21.275,21275
1054,844,1,2,15:06:23,21.323,21323
1054,842,1,2,15:06:24,21.353,21353
1054,20,1,2,15:06:26,21.398,21398
1054,847,1,2,15:06:27,23.532,23532
1054,841,1,2,15:06:29,22.485,22485
1054,817,1,2,15:06:31,21.965,21965
1054,4,1,2,15:06:34,21.452,21452
1054,852,1,2,15:06:36,22.266,22266
1054,840,1,2,15:06:37,22.264,22264
1054,849,1,2,15:06:39,21.970,21970
1054,854,1,2,15:06:40,22.019,22019
1054,853,1,2,15:06:42,21.372,21372
1054,822,2,3,15:08:34,22.072,22072
1054,1,2,3,15:08:36,22.164,22164
1054,830,2,3,15:08:37,22.104,22104
1054,832,2,3,15:08:38,22.244,22244
1054,815,2,3,15:08:39,22.100,22100
1054,846,2,3,15:08:40,22.551,22551
1054,839,2,3,15:08:42,22.240,22240
1054,844,2,3,15:08:43,22.587,22587
1054,842,2,3,15:08:45,22.319,22319
1054,20,2,3,15:08:48,21.750,21750
1054,847,2,3,15:08:48,22.755,22755
1054,841,2,3,15:08:50,22.669,22669
1054,817,2,3,15:08:51,22.355,22355
1054,4,2,3,15:08:53,21.621,21621
1054,852,2,3,15:08:55,22.542,22542
1054,840,2,3,15:08:57,22.176,22176
1054,849,2,3,15:08:58,21.730,21730
1054,854,2,3,15:09:00,21.454,21454
1054,853,2,3,15:09:01,21.404,21404
1054,832,3,21,15:36:07,25.892,25892
1054,852,3,21,15:36:23,26.202,26202
1054,846,3,22,15:37:29,26.952,26952
1054,839,3,22,15:37:35,27.033,27033
1054,20,3,22,15:37:40,26.620,26620
1054,841,3,22,15:37:41,26.729,26729
1054,842,3,24,15:40:23,26.172,26172
1054,849,3,24,15:40:50,26.595,26595
1054,844,3,25,15:41:44,27.082,27082
1054,847,3,28,15:46:30,26.843,26843
1054,853,3,31,15:50:54,27.186,27186
1054,854,3,32,15:52:09,27.245,27245
1054,830,3,35,15:55:06,26.743,26743
1054,822,3,36,15:56:27,26.938,26938
1054,1,3,37,15:57:46,26.907,26907
1054,840,3,39,16:01:22,26.027,26027
1054,4,3,40,16:02:37,26.442,26442
1054,817,3,41,16:03:56,28.639,28639
1054,853,4,43,16:08:31,26.984,26984
1054,815,3,51,16:17:18,26.607,26607
1054,822,4,63,16:33:39,26.573,26573
1054,830,4,64,16:34:55,26.319,26319
1055,841,1,8,15:15:06,54.673,54673
1055,847,1,9,15:17:07,23.814,23814
1055,849,1,9,15:17:10,26.672,26672
1055,842,1,18,15:30:37,28.042,28042
1055,4,1,21,15:34:51,22.043,22043
1055,20,1,21,15:34:52,23.087,23087
1055,832,1,22,15:36:10,21.779,21779
1055,840,1,22,15:36:15,21.756,21756
1055,853,1,22,15:36:40,23.098,23098
1055,822,1,23,15:37:18,22.311,22311
1055,839,1,23,15:37:33,22.798,22798
1055,846,1,23,15:37:35,21.864,21864
1055,854,1,23,15:37:59,24.006,24006
1055,830,1,24,15:38:32,23.565,23565
1055,817,1,25,15:40:16,22.406,22406
1055,815,1,27,15:43:06,22.382,22382
1055,849,2,27,15:43:32,21.424,21424
1055,1,1,28,15:44:07,22.220,22220
1055,844,1,28,15:44:20,21.613,21613
1055,847,2,28,15:44:52,21.919,21919
1055,8,1,37,15:57:41,21.572,21572
1055,20,2,38,15:59:08,21.973,21973
1055,840,2,39,16:00:28,21.432,21432
1055,841,2,39,16:00:52,22.871,22871
1055,1,2,42,16:03:32,22.078,22078
1055,853,2,42,16:05:36,22.502,22502
1055,817,2,46,16:09:49,21.762,21762
1055,832,2,46,16:09:50,21.856,21856
1055,842,2,47,16:11:47,26.065,26065
1055,849,3,50,16:16:19,22.405,22405
1055,854,2,50,16:16:33,22.310,22310
1055,846,2,51,16:17:08,22.467,22467
1055,822,2,53,16:18:52,21.638,21638
1055,815,2,57,16:24:55,21.345,21345
1055,844,2,58,16:26:05,22.292,22292
1055,830,2,60,16:28:18,21.592,21592
1055,4,2,61,16:31:41,23.479,23479
1056,1,1,29,15:40:07,23.783,23783
1056,846,1,30,15:41:20,23.874,23874
1056,842,1,30,15:41:23,24.428,24428
1056,20,1,31,15:42:42,24.369,24369
1056,847,1,31,15:43:46,23.928,23928
1056,832,1,32,15:43:47,24.150,24150
1056,841,1,33,15:45:42,24.521,24521
1056,830,1,34,15:46:10,23.746,23746
1056,815,1,35,15:47:44,24.548,24548
1056,853,1,34,15:48:25,25.202,25202
1056,817,1,36,15:49:52,24.715,24715
1056,839,1,37,15:50:48,23.935,23935
1056,854,1,37,15:52:43,24.797,24797
1056,8,1,43,15:58:41,24.077,24077
1056,849,1,43,15:59:23,23.703,23703
1056,4,1,45,16:01:34,23.803,23803
1056,840,1,58,16:17:28,23.474,23474
1056,852,1,64,16:26:09,24.430,24430
1056,1,2,67,16:28:48,24.244,24244
1057,847,1,1,16:06:06,19.970,19970
1057,841,1,2,16:07:56,20.402,20402
1057,4,1,7,16:16:54,20.168,20168
1057,846,1,7,16:16:56,20.533,20533
1057,854,1,8,16:19:00,22.440,22440
1057,844,1,9,16:20:20,19.836,19836
1057,852,1,9,16:20:28,20.253,20253
1057,849,1,9,16:20:47,22.149,22149
1057,853,1,9,16:20:57,21.759,21759
1057,832,1,10,16:22:11,20.064,20064
1057,1,1,11,16:23:50,22.470,22470
1057,842,1,11,16:23:55,20.156,20156
1057,822,1,11,16:24:08,20.356,20356
1057,817,1,11,16:24:12,20.082,20082
1057,830,1,12,16:25:37,19.769,19769
1057,815,1,13,16:27:25,21.874,21874
1057,8,1,13,16:27:59,20.048,20048
1057,20,1,18,16:36:33,19.841,19841
1057,4,2,34,17:09:13,19.983,19983
1057,841,2,34,17:09:14,20.193,20193
1057,847,2,34,17:09:15,20.029,20029
1057,854,2,34,17:09:16,1:09.761,69761
1057,853,2,34,17:11:01,21.958,21958
1057,854,3,44,17:28:35,21.587,21587
1057,853,3,44,17:29:37,24.780,24780
1057,815,2,47,17:33:39,15.277,15277
1057,1,2,47,17:33:39,15.432,15432
1057,20,2,47,17:33:42,14.945,14945
1057,842,2,47,17:33:45,15.085,15085
1057,844,2,47,17:33:48,15.092,15092
1057,852,2,47,17:33:50,14.943,14943
1057,846,2,47,17:33:53,15.866,15866
1057,832,2,47,17:33:56,15.119,15119
1057,817,2,47,17:34:01,14.994,14994
1057,4,3,47,17:34:03,15.432,15432
1057,8,2,47,17:34:05,15.064,15064
1057,841,3,47,17:34:07,14.881,14881
1057,822,2,47,17:34:08,21.346,21346
1057,847,3,47,17:34:08,21.438,21438
1057,853,4,46,17:34:18,15.054,15054
1057,854,4,47,17:35:06,15.058,15058
1057,815,3,48,17:36:45,33:18.466,1998466
1057,1,3,48,17:36:47,33:20.923,2000923
1057,20,3,48,17:36:49,33:20.416,2000416
1057,842,3,48,17:36:52,33:21.830,2001830
1057,844,3,48,17:36:53,33:22.544,2002544
1057,852,3,48,17:36:55,33:23.526,2003526
1057,846,3,48,17:36:57,33:30.409,2010409
1057,832,3,48,17:36:58,33:32.724,2012724
1057,817,3,48,17:37:00,33:35.163,2015163
1057,4,4,48,17:37:04,33:34.526,2014526
1057,8,3,48,17:37:06,33:36.437,2016437
1057,841,4,48,17:37:08,33:37.324,2017324
1057,849,2,48,17:37:10,34:08.175,2048175
1057,822,3,48,17:37:13,33:55.229,2035229
1057,847,4,48,17:37:18,33:56.172,2036172
1057,853,5,47,17:37:20,30:28.965,1828965
1057,854,5,48,17:37:47,33:34.176,2014176
1057,853,6,48,18:09:58,1:26.440,86440
1059,844,1,14,15:26:59,30.798,30798
1059,852,1,15,15:28:52,30.226,30226
1059,854,1,15,15:29:09,31.457,31457
1059,817,1,16,15:30:21,29.951,29951
1059,822,1,17,15:31:34,30.572,30572
1059,832,1,17,15:32:00,30.534,30534
1059,842,1,17,15:32:01,30.781,30781
1059,847,1,17,15:32:17,30.092,30092
1059,830,1,18,15:33:10,29.803,29803
1059,4,1,18,15:33:49,31.288,31288
1059,849,1,18,15:34:01,29.775,29775
1059,1,1,19,15:34:46,30.263,30263
1059,815,1,24,15:43:14,29.682,29682
1059,846,1,24,15:43:44,30.531,30531
1059,839,1,28,15:50:47,30.207,30207
1059,841,1,28,15:50:48,30.586,30586
1059,853,1,31,15:56:17,30.983,30983
1059,830,2,32,15:56:20,30.123,30123
1059,8,1,33,15:59:18,31.327,31327
1059,840,1,34,16:00:37,30.996,30996
1059,20,1,37,16:05:29,31.069,31069
1059,844,2,38,16:07:29,31.368,31368
1058,844,1,1,15:04:22,28.386,28386
1058,849,1,1,15:04:58,26.419,26419
1058,853,1,21,15:28:40,22.759,22759
1058,841,1,23,15:30:50,21.210,21210
1058,847,1,25,15:33:03,37.309,37309
1058,815,1,26,15:33:46,23.477,23477
1058,849,2,25,15:34:10,21.953,21953
1058,852,1,26,15:34:15,21.234,21234
1058,847,2,26,15:34:49,46.315,46315
1058,822,1,27,15:34:56,21.752,21752
1058,4,1,27,15:35:25,21.131,21131
1058,20,1,27,15:35:28,21.546,21546
1058,1,1,28,15:35:48,21.219,21219
1058,840,1,28,15:36:35,20.936,20936
1058,830,1,29,15:36:53,20.936,20936
1058,846,1,31,15:39:53,21.692,21692
1058,854,1,33,15:43:09,22.400,22400
1058,8,1,36,15:46:10,21.227,21227
1058,839,1,36,15:46:14,21.238,21238
1058,844,2,37,15:47:22,21.924,21924
1058,832,1,41,15:51:48,21.226,21226
1058,817,1,41,15:52:04,21.410,21410
1058,815,2,54,16:06:26,20.961,20961
1058,1,2,69,16:23:22,21.640,21640
1060,841,1,1,15:04:39,21.129,21129
1060,852,1,12,15:18:55,21.145,21145
1060,842,1,13,15:20:04,22.564,22564
1060,840,1,14,15:21:20,21.391,21391
1060,20,1,17,15:24:54,21.086,21086
1060,853,1,27,15:37:15,22.000,22000
1060,817,1,29,15:38:55,21.151,21151
1060,841,2,29,15:39:18,27.122,27122
1060,846,1,30,15:39:39,26.474,26474
1060,822,1,30,15:39:41,21.071,21071
1060,847,1,30,15:40:16,21.606,21606
1060,1,1,31,15:40:45,21.005,21005
1060,830,1,32,15:41:42,21.090,21090
1060,815,1,32,15:42:28,21.735,21735
1060,4,1,32,15:42:41,22.663,22663
1060,849,1,33,15:44:01,21.152,21152
1060,844,1,34,15:44:47,21.143,21143
1060,854,1,34,15:45:26,21.798,21798
1060,8,1,37,15:48:30,21.896,21896
1060,842,2,45,15:57:48,20.850,20850
1060,853,2,45,15:58:58,23.182,23182
1060,840,2,46,15:59:19,21.472,21472
1060,832,1,48,16:01:07,21.431,21431
1060,20,2,49,16:02:39,20.841,20841
1060,852,2,51,16:04:57,26.604,26604
1060,1,2,53,16:06:32,21.421,21421
1060,830,2,60,16:14:03,21.236,21236
1061,844,1,2,15:07:57,34:07.731,2047731
1061,1,1,2,15:08:00,34:08.376,2048376
1061,822,1,2,15:08:02,34:09.149,2049149
1061,846,1,2,15:08:03,34:12.218,2052218
1061,817,1,2,15:08:05,34:11.281,2051281
1061,20,1,2,15:08:08,34:15.222,2055222
1061,4,1,2,15:08:10,34:18.580,2058580
1061,832,1,2,15:08:12,34:19.122,2059122
1061,8,1,2,15:08:14,34:22.984,2062984
1061,839,1,2,15:08:16,34:26.994,2066994
1061,840,1,2,15:08:18,34:27.861,2067861
1061,842,1,2,15:08:21,34:27.244,2067244
1061,841,1,2,15:08:22,34:30.250,2070250
1061,847,1,2,15:08:25,34:32.543,2072543
1061,852,1,2,15:08:28,34:35.695,2075695
1061,854,1,2,15:08:30,34:35.728,2075728
1061,849,1,2,15:08:32,34:37.164,2077164
1061,853,1,2,15:08:35,34:36.977,2076977
1061,815,1,2,15:08:37,34:36.405,2076405
1061,8,2,18,16:09:59,28.110,28110
1061,815,2,18,16:10:00,27.892,27892
1061,847,2,18,16:10:03,27.812,27812
1061,20,2,18,16:10:08,28.145,28145
1061,839,2,19,16:11:30,28.772,28772
1061,849,2,19,16:11:41,27.543,27543
1061,817,2,20,16:12:48,28.817,28817
1061,846,2,21,16:14:08,31.706,31706
1061,822,2,22,16:15:42,28.209,28209
1061,840,2,23,16:17:39,28.213,28213
1061,841,2,23,16:17:51,28.137,28137
1061,4,2,24,16:19:10,29.743,29743
1061,854,2,24,16:20:00,29.319,29319
1061,853,2,25,16:21:37,29.253,29253
1061,1,2,27,16:23:17,40.266,40266
1061,832,2,28,16:25:06,37.509,37509
1061,842,2,28,16:25:29,28.685,28685
1061,844,2,29,16:26:18,28.433,28433
1061,852,2,30,16:28:42,29.134,29134
1061,815,3,38,16:41:17,27.848,27848
1061,842,3,46,16:53:40,28.180,28180
1061,815,4,48,16:56:54,29.082,29082
1062,830,1,1,15:05:21,22.569,22569
1062,853,1,1,15:05:28,23.715,23715
1062,846,1,1,15:05:33,38.267,38267
1062,841,1,1,15:05:53,26.573,26573
1062,1,1,2,15:07:57,24:09.259,1449259
1062,839,1,2,15:07:59,24:10.190,1450190
1062,20,1,2,15:08:02,24:11.890,1451890
1062,832,1,2,15:08:04,24:12.527,1452527
1062,852,1,2,15:08:08,24:13.630,1453630
1062,849,1,2,15:08:10,24:14.435,1454435
1062,4,1,2,15:08:13,24:14.979,1454979
1062,847,1,2,15:08:17,24:17.487,1457487
1062,8,1,2,15:08:20,24:17.844,1457844
1062,854,1,2,15:08:22,24:17.042,1457042
1062,842,1,2,15:08:25,24:17.615,1457615
1062,817,1,2,15:08:28,24:17.127,1457127
1062,830,2,2,15:08:31,24:16.349,1456349
1062,853,2,2,15:08:34,24:17.420,1457420
1062,841,2,2,15:08:38,24:16.349,1456349
1062,839,2,3,15:34:31,39.522,39522
1062,20,2,3,15:34:31,40.882,40882
1062,832,2,3,15:34:32,42.786,42786
1062,852,2,3,15:34:33,40.740,40740
1062,849,2,3,15:34:34,39.081,39081
1062,4,2,3,15:34:40,37.122,37122
1062,847,2,3,15:34:41,29.374,29374
1062,8,2,3,15:34:41,35.451,35451
1062,854,2,3,15:34:42,36.813,36813
1062,842,2,3,15:34:43,39.839,39839
1062,817,2,3,15:34:43,34.492,34492
1062,830,3,3,15:34:44,35.245,35245
1062,841,3,3,15:34:48,36.899,36899
1062,1,2,4,15:36:34,21.731,21731
1062,841,4,11,15:46:53,29.191,29191
1062,8,3,15,15:52:26,36.457,36457
1062,1,3,19,15:58:08,21.516,21516
1062,817,3,20,15:59:29,21.623,21623
1062,830,4,20,15:59:31,21.047,21047
1062,847,3,21,16:00:52,22.186,22186
1062,852,3,22,16:02:06,21.819,21819
1062,849,3,23,16:03:29,22.704,22704
1062,842,3,30,16:13:24,21.295,21295
1062,832,3,32,16:15:52,21.951,21951
1062,841,5,33,16:18:12,21.874,21874
1062,854,3,34,16:19:34,22.113,22113
1062,20,3,36,16:21:14,22.703,22703
1062,839,3,37,16:22:34,21.642,21642
1062,4,3,39,16:25:35,21.523,21523
1062,830,5,40,16:27:50,20.848,20848
1062,1,4,47,16:36:41,21.208,21208
1062,8,4,53,16:45:57,21.172,21172
1062,842,4,68,17:05:56,21.543,21543
1064,854,1,4,15:08:42,35.573,35573
1064,815,1,8,15:13:52,19.287,19287
1064,20,1,10,15:16:24,18.664,18664
1064,1,1,20,15:28:18,19.770,19770
1064,830,1,21,15:29:30,19.142,19142
1064,849,1,23,15:33:19,20.646,20646
1064,842,1,24,15:33:50,19.163,19163
1064,841,1,27,15:38:13,19.049,19049
1064,847,1,27,15:38:14,18.634,18634
1064,840,1,27,15:38:17,19.389,19389
1064,817,1,30,15:42:01,19.449,19449
1064,822,1,31,15:42:24,18.873,18873
1064,832,1,31,15:42:58,20.327,20327
1064,839,1,31,15:43:12,19.240,19240
1064,852,1,31,15:43:30,19.850,19850
1064,854,2,30,15:43:39,24.578,24578
1064,4,1,33,15:45:41,19.018,19018
1064,841,2,33,15:46:17,20.043,20043
1064,853,1,33,15:46:35,19.999,19999
1064,844,1,34,15:46:39,19.490,19490
1064,1,2,39,15:52:19,18.868,18868
1064,830,2,40,15:53:30,18.578,18578
1064,9,1,40,15:55:29,19.708,19708
1064,846,1,42,15:57:26,20.443,20443
1064,20,2,44,16:00:37,18.681,18681
1064,815,2,47,16:03:51,18.555,18555
1064,822,2,67,16:27:35,21.730,21730
1064,1,3,70,16:30:49,19.202,19202
1064,847,2,68,16:30:57,25.533,25533
1065,841,1,1,15:05:21,37.190,37190
1065,817,1,22,15:35:18,23.812,23812
1065,20,1,22,15:35:56,25.157,25157
1065,830,1,23,15:36:46,32.456,32456
1065,849,1,23,15:37:22,24.168,24168
1065,854,1,23,15:37:49,24.714,24714
1065,846,1,24,15:38:19,24.168,24168
1065,853,1,24,15:39:22,24.928,24928
1065,1,1,25,15:39:44,25.619,25619
1065,840,1,25,15:40:09,24.846,24846
1065,4,1,25,15:40:14,24.797,24797
1065,841,2,25,15:40:55,30.551,30551
1065,844,1,26,15:41:30,24.557,24557
1065,815,1,26,15:41:34,23.906,23906
1065,832,1,26,15:41:48,24.283,24283
1065,822,1,26,15:41:50,24.308,24308
1065,839,1,26,15:42:10,30.333,30333
1065,847,1,26,15:42:13,24.156,24156
1065,9,1,26,15:42:21,24.501,24501
1065,20,2,26,15:42:41,25.927,25927
1065,853,2,28,15:47:13,24.806,24806
1065,853,3,39,16:05:25,30.917,30917
1066,840,1,12,15:24:13,30.241,30241
1066,847,1,13,15:25:55,30.665,30665
1066,849,1,13,15:26:27,30.056,30056
1066,852,1,13,15:26:28,30.112,30112
1066,832,1,14,15:27:33,30.715,30715
1066,853,1,14,15:28:09,30.127,30127
1066,839,1,15,15:29:27,29.901,29901
1066,8,1,15,15:29:28,30.102,30102
1066,854,1,20,15:38:36,29.996,29996
1066,817,1,22,15:41:11,33.617,33617
1066,1,1,26,15:47:52,29.878,29878
1066,830,1,26,15:47:58,29.578,29578
1066,20,1,26,15:48:09,29.242,29242
1066,846,1,28,15:51:03,29.824,29824
1066,822,1,28,15:51:35,29.936,29936
1066,842,1,33,16:00:00,29.354,29354
1066,844,1,35,16:03:07,31.849,31849
1066,815,1,36,16:04:32,36.026,36026
1066,4,1,36,16:04:40,30.157,30157
1066,841,1,36,16:05:27,30.081,30081
1066,847,2,47,16:23:56,32.081,32081
1066,822,2,47,16:23:58,29.569,29569
1066,8,2,47,16:23:59,30.131,30131
1066,853,2,46,16:24:05,33.931,33931
1066,852,2,47,16:24:44,30.980,30980
1066,830,2,48,16:25:32,31.017,31017
1066,832,2,48,16:25:33,30.677,30677
1066,817,2,48,16:25:35,31.016,31016
1066,840,2,48,16:26:01,43.124,43124
1066,1,2,49,16:26:32,30.045,30045
1066,852,3,49,16:29:31,30.972,30972
1066,4,2,50,16:29:34,30.702,30702
1066,815,2,50,16:29:36,32.313,32313
1066,20,2,50,16:30:10,32.128,32128
1066,842,2,50,16:30:49,31.915,31915
1066,839,2,50,16:30:58,33.264,33264
1066,841,2,50,16:31:14,33.961,33961
1066,846,2,51,16:31:33,32.670,32670
1066,844,2,51,16:32:51,32.648,32648
1067,817,1,21,15:37:18,23.028,23028
1067,4,1,30,15:51:43,29.116,29116
1067,846,1,34,15:57:20,23.239,23239
1067,849,1,34,15:58:22,24.104,24104
1067,852,1,35,15:59:39,23.329,23329
1067,847,1,35,15:59:42,23.551,23551
1067,830,1,36,15:59:52,22.442,22442
1067,832,1,36,16:00:33,28.353,28353
1067,853,1,35,16:00:40,23.829,23829
1067,20,1,36,16:00:56,23.500,23500
1067,822,1,37,16:01:20,22.962,22962
1067,815,1,37,16:01:47,22.463,22463
1067,8,1,37,16:02:50,23.164,23164
1067,20,2,37,16:03:36,23.514,23514
1067,842,1,39,16:05:01,29.310,29310
1067,840,1,39,16:05:17,35.509,35509
1067,854,1,39,16:07:05,23.892,23892
1067,841,1,40,16:07:22,23.150,23150
1067,844,1,47,16:17:27,23.646,23646
1067,1,1,50,16:22:19,22.684,22684
1069,853,1,1,14:05:35,30.673,30673
1069,839,1,3,14:09:03,40.800,40800
1069,849,1,5,14:12:39,32.610,32610
1069,4,1,7,14:16:03,23.576,23576
1069,841,1,8,14:17:44,23.993,23993
1069,852,1,9,14:19:23,23.802,23802
1069,847,1,9,14:19:32,23.572,23572
1069,830,1,10,14:20:36,23.727,23727
1069,846,1,10,14:21:01,24.385,24385
1069,842,1,10,14:21:07,23.745,23745
1069,817,1,11,14:22:38,24.176,24176
1069,832,1,11,14:22:41,23.414,23414
1069,854,1,11,14:23:10,24.293,24293
1069,815,1,12,14:24:06,25.018,25018
1069,844,1,12,14:24:15,24.011,24011
1069,8,1,12,14:24:38,24.191,24191
1069,1,1,13,14:25:41,24.481,24481
1069,822,1,15,14:29:44,24.444,24444
1069,20,1,17,14:33:24,24.977,24977
1069,840,1,18,14:35:13,23.827,23827
1069,853,2,24,14:46:40,24.611,24611
1069,849,2,25,14:47:47,23.653,23653
1069,839,2,25,14:47:50,23.919,23919
1069,841,2,26,14:49:12,23.502,23502
1069,4,2,28,14:52:44,23.844,23844
1069,830,2,29,14:52:59,24.052,24052
1069,832,2,29,14:53:43,26.866,26866
1069,815,2,30,14:55:02,23.604,23604
1069,817,2,30,14:55:23,24.036,24036
1069,846,2,30,14:55:31,25.548,25548
1069,8,2,31,14:57:43,24.090,24090
1069,847,2,31,14:58:07,24.980,24980
1069,844,2,32,14:58:34,23.805,23805
1069,852,2,32,14:59:23,23.529,23529
1069,822,2,34,15:02:17,23.619,23619
1069,840,2,34,15:03:12,23.455,23455
1069,854,2,34,15:03:41,24.247,24247
1069,1,2,37,15:06:30,23.676,23676
1069,20,2,38,15:09:49,23.849,23849
1069,853,3,37,15:09:52,24.169,24169
1069,4,3,39,15:11:40,23.314,23314
1070,817,1,1,13:05:11,38.128,38128
1070,822,1,1,13:05:16,22.463,22463
1070,849,1,11,13:21:22,23.681,23681
1070,840,1,12,13:22:45,23.586,23586
1070,853,1,13,13:24:11,25.094,25094
1070,839,1,14,13:25:30,23.100,23100
1070,847,1,15,13:26:51,21.984,21984
1070,841,1,16,13:28:00,22.205,22205
1070,1,1,29,13:45:17,22.373,22373
1070,844,1,30,13:47:01,22.085,22085
1070,842,1,31,13:48:20,22.549,22549
1070,8,1,32,13:50:02,22.424,22424
1070,830,1,33,13:50:33,21.908,21908
1070,20,1,33,13:51:22,22.277,22277
1070,840,2,34,13:53:37,26.056,26056
1070,817,2,38,13:58:47,22.813,22813
1070,4,1,39,13:59:43,23.985,23985
1070,815,1,40,14:00:14,22.114,22114
1070,822,2,40,14:01:30,31.664,31664
1070,832,1,42,14:03:25,22.031,22031
1070,846,1,44,14:06:38,22.534,22534
1070,849,2,49,14:14:59,22.739,22739
1070,853,2,58,14:28:22,23.637,23637
1070,822,3,63,14:33:17,22.680,22680
1070,822,4,67,14:39:06,26.443,26443
1071,846,1,1,14:04:50,27.313,27313
1071,852,1,4,14:08:22,31.939,31939
1071,847,1,6,14:11:08,22.978,22978
1071,852,2,6,14:11:57,17.758,17758
1071,846,2,6,14:12:08,17.719,17719
1071,830,1,7,14:12:32,17.916,17916
1071,815,1,7,14:12:34,18.308,18308
1071,1,1,7,14:12:37,17.910,17910
1071,822,1,7,14:12:38,17.899,17899
1071,844,1,7,14:12:40,17.943,17943
1071,832,1,7,14:12:42,18.460,18460
1071,20,1,7,14:12:43,18.107,18107
1071,842,1,7,14:12:45,19.439,19439
1071,839,1,7,14:12:46,19.285,19285
1071,817,1,7,14:12:47,19.732,19732
1071,4,1,7,14:12:52,17.751,17751
1071,840,1,7,14:12:53,17.948,17948
1071,841,1,7,14:12:55,17.713,17713
1071,853,1,7,14:12:56,17.995,17995
1071,854,1,7,14:12:57,17.861,17861
1071,849,1,7,14:12:59,18.153,18153
1071,8,1,7,14:13:01,18.327,18327
1071,847,2,7,14:13:02,20.844,20844
1071,852,3,7,14:13:33,17.711,17711
1071,846,3,7,14:13:44,17.673,17673
1071,830,2,8,14:14:46,17.807,17807
1071,815,2,8,14:14:48,18.136,18136
1071,1,2,8,14:14:49,18.660,18660
1071,822,2,8,14:14:50,17.837,17837
1071,844,2,8,14:14:52,17.771,17771
1071,832,2,8,14:14:54,18.373,18373
1071,20,2,8,14:14:57,17.896,17896
1071,842,2,8,14:14:58,18.608,18608
1071,839,2,8,14:15:00,17.818,17818
1071,817,2,8,14:15:01,18.347,18347
1071,4,2,8,14:15:04,17.705,17705
1071,840,2,8,14:15:06,17.935,17935
1071,841,2,8,14:15:07,17.929,17929
1071,853,2,8,14:15:10,18.467,18467
1071,854,2,8,14:15:11,18.588,18588
1071,849,2,8,14:15:12,18.784,18784
1071,8,2,8,14:15:15,18.763,18763
1071,847,3,8,14:15:17,18.179,18179
1071,852,4,8,14:15:18,18.499,18499
1071,846,4,8,14:15:20,19.176,19176
1071,854,3,11,14:20:29,41.173,41173
1071,849,3,13,14:23:27,22.936,22936
1071,840,3,22,14:34:51,24.997,24997
1071,842,3,25,14:38:27,23.116,23116
1071,1,3,26,14:39:27,22.690,22690
1071,832,3,26,14:39:40,23.321,23321
1071,830,3,27,14:40:38,22.722,22722
1071,844,3,27,14:40:53,22.667,22667
1071,815,3,28,14:42:01,23.165,23165
1071,20,3,28,14:42:22,24.464,24464
1071,8,3,28,14:42:38,23.541,23541
1071,841,3,29,14:43:50,23.618,23618
1071,822,3,30,14:44:40,23.263,23263
1071,854,4,29,14:44:54,25.597,25597
1071,817,3,30,14:44:58,22.839,22839
1071,839,3,30,14:45:08,23.504,23504
1071,4,3,34,14:50:16,24.375,24375
1071,853,3,34,14:50:55,23.546,23546
1071,846,5,37,14:54:11,24.211,24211
1071,852,5,39,14:56:53,35.416,35416
1071,849,4,39,14:57:10,22.958,22958
1071,830,4,40,14:57:11,22.766,22766
1071,822,4,41,14:58:30,22.856,22856
1071,847,4,41,14:59:33,23.132,23132
1071,815,4,42,14:59:48,22.656,22656
1071,841,4,42,15:00:49,22.830,22830
1071,1,4,43,15:00:52,22.664,22664
1071,842,4,51,15:11:27,23.039,23039
1071,844,4,52,15:12:32,23.064,23064
1071,8,4,52,15:13:19,22.666,22666
1071,832,4,53,15:13:50,22.745,22745
1071,20,4,55,15:16:50,22.978,22978
1071,854,5,61,15:26:09,24.627,24627
1071,815,5,69,15:33:06,22.916,22916
1051,852,1,9,17:17:42,25.659,25659
1051,8,1,10,17:19:14,26.174,26174
1051,842,1,13,17:23:37,25.630,25630
1051,841,1,15,17:26:54,25.987,25987
1051,830,1,17,17:29:03,25.300,25300
1051,847,1,17,17:30:00,26.121,26121
1051,1,1,18,17:30:21,25.235,25235
1051,849,1,18,17:31:31,25.811,25811
1051,815,1,19,17:32:28,25.419,25419
1051,854,1,22,17:37:38,25.881,25881
1051,4,1,23,17:38:20,25.991,25991
1051,840,1,23,17:38:40,26.157,26157
1051,839,1,24,17:40:07,25.517,25517
1051,846,1,25,17:41:32,25.319,25319
1051,817,1,26,17:43:19,25.562,25562
1051,20,1,26,17:43:20,25.726,25726
1051,832,1,27,17:44:36,25.639,25639
1051,844,1,27,17:44:46,25.799,25799
1051,8,2,30,17:49:40,25.633,25633
1051,853,1,31,17:51:36,26.515,26515
1051,841,2,32,17:52:43,25.347,25347
1051,822,1,33,17:53:44,36.341,36341
1051,852,2,34,17:55:29,26.674,26674
1051,842,2,35,17:56:42,26.109,26109
1051,830,2,41,18:04:20,25.175,25175
1051,815,2,41,18:05:15,25.420,25420
1051,1,2,42,18:05:37,25.381,25381
1051,846,2,49,18:17:08,26.552,26552
1051,847,2,49,18:18:36,35.006,35006
1051,830,3,55,18:24:59,25.465,25465
1072,840,1,9,20:48:30,27.165,27165
1072,847,1,9,20:48:32,20.519,20519
1072,1,1,10,20:49:49,20.580,20580
1072,822,1,10,20:49:57,21.668,21668
1072,844,1,10,20:50:01,20.531,20531
1072,815,1,10,20:50:04,20.710,20710
1072,846,1,10,20:50:14,20.973,20973
1072,4,1,10,20:50:27,20.405,20405
1072,849,1,10,20:50:43,24.220,24220
1072,830,1,13,20:58:28,16:36.375,996375
1072,1,2,13,20:58:32,16:35.856,995856
1072,822,2,13,20:58:35,16:35.942,995942
1072,839,1,13,20:58:37,16:37.126,997126
1072,817,1,13,20:58:41,16:37.029,997029
1072,844,2,13,20:58:42,16:39.485,999485
1072,842,1,13,20:58:44,16:41.775,1001775
1072,815,2,13,20:58:46,16:42.619,1002619
1072,832,1,13,20:58:47,16:44.618,1004618
1072,841,1,13,20:58:49,16:44.917,1004917
1072,852,1,13,20:58:51,16:46.407,1006407
1072,8,1,13,20:58:54,16:48.569,1008569
1072,20,1,13,20:58:56,16:52.304,1012304
1072,846,2,13,20:58:57,16:57.303,1017303
1072,4,2,13,20:59:01,16:59.850,1019850
1072,853,1,13,20:59:05,16:59.226,1019226
1072,847,2,13,20:59:08,17:01.615,1021615
1072,840,2,13,20:59:12,17:00.939,1020939
1072,849,2,13,20:59:20,16:57.257,1017257
1072,830,2,15,21:21:56,18:07.591,1087591
1072,839,2,15,21:21:58,18:08.290,1088290
1072,1,3,15,21:22:02,18:06.674,1086674
1072,817,2,15,21:22:05,18:07.296,1087296
1072,822,3,15,21:22:07,18:09.473,1089473
1072,842,2,15,21:22:09,18:12.287,1092287
1072,844,3,15,21:22:10,18:15.192,1095192
1072,841,2,15,21:22:14,18:14.749,1094749
1072,832,2,15,21:22:15,18:17.194,1097194
1072,20,2,15,21:22:20,18:18.749,1098749
1072,8,2,15,21:22:24,18:19.282,1099282
1072,852,2,15,21:22:26,18:20.644,1100644
1072,4,3,15,21:22:31,18:21.826,1101826
1072,840,3,15,21:22:33,18:22.979,1102979
1072,849,3,15,21:22:34,18:27.052,1107052
1072,846,3,15,21:22:36,18:36.576,1116576
1072,852,3,23,21:57:04,27.874,27874
1072,8,3,26,22:01:34,34.489,34489
1072,4,4,44,22:32:14,21.097,21097
1073,854,1,10,17:18:55,22.124,22124
1073,830,1,13,17:22:42,21.152,21152
1073,1,1,14,17:24:04,21.595,21595
1073,844,1,15,17:26:08,22.461,22461
1073,839,1,15,17:26:13,21.677,21677
1073,846,1,17,17:29:04,21.380,21380
1073,841,1,17,17:29:20,22.283,22283
1073,817,1,18,17:30:47,21.449,21449
1073,832,1,19,17:31:59,22.213,22213
1073,815,1,21,17:34:55,21.471,21471
1073,840,1,21,17:35:25,22.288,22288
1073,8,1,21,17:35:29,22.338,22338
1073,852,1,23,17:38:05,22.455,22455
1073,20,1,23,17:38:23,21.221,21221
1073,849,1,28,17:46:18,21.241,21241
1073,822,1,30,17:48:30,21.669,21669
1073,844,2,35,17:56:24,21.173,21173
1073,830,2,36,17:57:06,21.871,21871
1073,815,2,36,17:57:40,21.413,21413
1073,4,1,36,17:58:06,21.304,21304
1073,842,1,36,17:58:06,22.133,22133
1073,846,2,48,18:16:06,22.173,22173
1073,830,3,53,18:22:37,21.453,21453
1073,817,2,52,18:22:38,22.056,22056
1073,840,2,52,18:22:55,22.661,22661
1073,815,3,53,18:23:09,21.385,21385
1073,854,2,52,18:23:42,22.070,22070
1073,852,2,53,18:24:01,21.909,21909
1073,842,2,54,18:25:56,21.920,21920
1020,1,3,29,16:07:32,1:09.022,69022
1074,1,1,11,18:21:54,25.201,25201
1074,4,1,11,18:22:10,25.365,25365
1074,854,1,12,18:24:08,25.214,25214
1074,848,1,13,18:25:47,24.874,24874
1074,830,1,14,18:26:43,24.897,24897
1074,832,1,14,18:26:50,24.666,24666
1074,825,1,14,18:27:07,25.478,25478
1074,842,1,14,18:27:08,24.575,24575
1074,839,1,14,18:27:11,30.484,30484
1074,822,1,14,18:27:19,25.893,25893
1074,849,1,14,18:27:38,24.457,24457
1074,844,1,15,18:28:19,25.012,25012
1074,815,1,15,18:28:32,25.046,25046
1074,847,1,15,18:28:38,25.888,25888
1074,852,1,15,18:28:57,26.095,26095
1074,855,1,15,18:29:03,25.428,25428
1074,817,1,17,18:32:46,24.915,24915
1074,840,1,18,18:34:18,25.739,25739
1074,807,1,19,18:36:11,27.365,27365
1074,846,1,24,18:44:41,24.568,24568
1074,4,2,25,18:45:53,24.909,24909
1074,1,2,27,18:48:44,25.796,25796
1074,852,2,29,18:52:37,24.350,24350
1074,830,2,30,18:53:16,24.937,24937
1074,839,2,30,18:54:12,25.393,25393
1074,844,2,31,18:54:52,24.527,24527
1074,842,2,32,18:57:23,25.875,25875
1074,849,2,32,18:58:19,24.778,24778
1074,832,2,33,18:58:21,24.438,24438
1074,815,2,33,18:58:23,24.173,24173
1074,847,2,33,18:58:45,25.334,25334
1074,817,2,33,18:59:53,24.885,24885
1074,825,2,34,19:00:39,25.876,25876
1074,854,2,35,19:02:58,25.586,25586
1074,848,2,35,19:03:09,25.570,25570
1074,822,2,36,19:04:16,25.156,25156
1074,855,2,37,19:06:00,25.291,25291
1074,807,2,37,19:06:47,26.712,26712
1074,840,2,38,19:08:04,26.957,26957
1074,846,2,41,19:13:23,27.367,27367
1074,4,3,42,19:14:26,24.508,24508
1074,830,3,43,19:14:40,24.402,24402
1074,815,3,43,19:14:56,24.947,24947
1074,839,3,43,19:15:58,24.233,24233
1074,832,3,44,19:16:30,24.287,24287
1074,1,3,44,19:16:52,25.579,25579
1074,852,3,44,19:17:39,24.188,24188
1074,817,3,44,19:18:41,25.139,25139
1074,847,3,45,19:18:53,25.574,25574
1074,807,3,44,19:18:58,25.748,25748
1074,822,3,45,19:19:39,25.188,25188
1074,855,3,45,19:19:45,28.647,28647
1074,844,3,46,19:19:53,24.613,24613
1074,840,3,45,19:20:32,25.039,25039
1074,846,3,45,19:20:59,24.975,24975
1074,849,3,45,19:21:07,24.658,24658
1074,825,3,46,19:21:29,26.051,26051
1074,848,3,46,19:22:54,25.055,25055
1075,817,1,8,20:16:37,20.650,20650
1075,840,1,13,20:24:49,22.339,22339
1075,848,1,13,20:24:54,20.683,20683
1075,815,1,15,20:27:12,20.481,20481
1075,842,1,15,20:27:52,22.820,22820
1075,844,1,16,20:28:55,21.038,21038
1075,830,1,16,20:28:58,20.731,20731
1075,832,1,16,20:29:04,21.521,21521
1075,847,1,16,20:29:21,21.415,21415
1075,4,1,16,20:29:40,21.543,21543
1075,822,1,16,20:29:43,22.561,22561
1075,839,1,16,20:29:50,21.141,21141
1075,846,1,16,20:29:54,20.383,20383
1075,855,1,16,20:29:56,33.734,33734
1075,855,2,27,20:51:18,15.103,15103
1075,822,2,35,21:03:48,22.710,22710
1075,825,1,37,21:06:57,22.374,22374
1075,807,1,37,21:07:16,21.425,21425
1075,1,1,40,21:12:59,21.788,21788
1076,840,1,3,15:08:15,18.242,18242
1076,840,2,4,15:10:29,18.560,18560
1076,849,1,13,15:25:03,18.552,18552
1076,854,1,14,15:26:23,19.039,19039
1076,839,1,17,15:30:30,19.128,19128
1076,830,1,18,15:31:37,18.281,18281
1076,852,1,18,15:32:02,18.443,18443
1076,815,1,20,15:34:33,17.434,17434
1076,846,1,20,15:34:40,17.556,17556
1076,817,1,21,15:36:06,18.150,18150
1076,842,1,21,15:36:15,18.926,18926
1076,855,1,21,15:36:22,18.380,18380
1076,844,1,22,15:37:04,17.973,17973
1076,1,1,22,15:37:22,17.877,17877
1076,822,1,22,15:37:40,18.413,18413
1076,847,1,23,15:38:51,18.479,18479
1076,840,3,23,15:39:30,20.402,20402
1076,849,2,23,15:40:00,17.936,17936
1076,4,1,39,16:05:24,18.796,18796
1076,825,1,39,16:05:30,19.111,19111
1076,4,2,53,16:25:28,18.394,18394
1076,848,1,57,16:30:33,19.845,19845
1077,817,1,2,15:07:48,32.362,32362
1077,817,2,16,15:31:14,30.422,30422
1077,20,1,17,15:32:26,30.484,30484
1077,842,1,17,15:32:38,30.405,30405
1077,848,1,17,15:32:41,30.793,30793
1077,815,1,18,15:33:26,30.366,30366
1077,847,1,18,15:33:46,31.079,31079
1077,822,1,18,15:33:47,40.957,40957
1077,825,1,18,15:33:56,33.765,33765
1077,852,1,18,15:34:06,30.372,30372
1077,840,1,18,15:34:06,32.667,32667
1077,1,1,18,15:34:07,32.740,32740
1077,839,1,18,15:34:08,31.409,31409
1077,849,1,18,15:34:17,31.125,31125
1077,855,1,18,15:34:18,32.203,32203
1077,854,1,18,15:34:18,31.320,31320
1077,830,1,19,15:34:49,30.001,30001
1077,844,1,19,15:34:56,31.794,31794
1077,846,1,19,15:35:07,30.070,30070
1077,817,3,30,15:51:37,30.155,30155
1077,844,2,49,16:16:19,30.042,30042
1077,815,2,50,16:17:38,29.627,29627
1077,830,2,51,16:18:44,29.942,29942
1077,854,2,52,16:22:04,30.984,30984
1077,844,3,53,16:22:17,36.560,36560
1078,852,1,11,15:51:11,18.870,18870
1078,825,1,12,15:52:43,19.760,19760
1078,854,1,14,15:55:54,20.413,20413
1078,4,1,15,15:57:23,21.638,21638
1078,842,1,16,15:58:56,19.543,19543
1078,848,1,16,15:59:11,20.059,20059
1078,846,1,18,16:02:13,19.986,19986
1078,1,1,22,16:08:23,18.820,18820
1078,844,1,24,16:11:03,19.697,19697
1078,830,1,26,16:14:04,18.798,18798
1078,822,1,26,16:14:35,19.614,19614
1078,832,1,27,16:15:51,22.063,22063
1078,815,1,27,16:16:00,18.519,18519
1078,817,1,30,16:21:25,19.484,19484
1078,849,1,34,16:28:20,19.185,19185
1078,847,1,40,16:36:53,19.035,19035
1078,840,1,40,16:37:28,19.074,19074
1078,842,2,40,16:37:43,19.007,19007
1078,815,2,41,16:38:38,18.433,18433
1078,839,1,41,16:39:21,19.019,19019
1078,20,1,41,16:39:42,19.861,19861
1078,817,2,41,16:39:49,19.280,19280
1078,852,2,41,16:40:43,19.618,19618
1078,825,2,42,16:41:34,20.673,20673
1078,854,2,54,17:03:43,32.381,32381
1079,1,1,1,15:05:05,31.054,31054
1079,825,1,1,15:05:25,29.632,29632
1079,832,1,10,15:18:23,22.341,22341
1079,4,1,10,15:18:24,22.375,22375
1079,842,1,10,15:18:27,22.008,22008
1079,855,1,10,15:18:29,23.109,23109
1079,852,1,11,15:19:52,23.083,23083
1079,817,1,11,15:19:54,22.124,22124
1079,848,1,11,15:20:05,23.419,23419
1079,846,1,12,15:21:18,21.916,21916
1079,854,1,12,15:21:23,23.582,23582
1079,849,1,12,15:21:38,23.189,23189
1079,847,1,13,15:22:29,22.154,22154
1079,830,1,13,15:22:30,22.173,22173
1079,839,1,13,15:22:43,22.137,22137
1079,822,1,14,15:24:08,22.987,22987
1079,840,1,14,15:24:34,22.833,22833
1079,815,1,17,15:28:29,22.032,22032
1079,844,1,21,15:34:08,21.794,21794
1079,20,1,21,15:35:06,22.536,22536
1079,1,2,22,15:36:50,22.105,22105
1079,848,2,25,15:41:42,22.657,22657
1079,849,2,26,15:43:09,22.311,22311
1079,840,2,27,15:44:33,23.394,23394
1079,830,2,28,15:44:56,21.966,21966
1079,842,2,29,15:47:23,27.947,27947
1079,825,2,29,15:47:59,23.878,23878
1079,854,2,30,15:48:45,23.127,23127
1079,832,2,31,15:49:46,21.867,21867
1079,4,2,31,15:50:10,21.914,21914
1079,817,2,31,15:50:18,22.399,22399
1079,852,2,32,15:51:35,22.802,22802
1079,846,2,33,15:52:58,23.341,23341
1079,822,2,34,15:54:04,22.541,22541
1079,839,2,35,15:55:53,22.953,22953
1079,847,2,36,15:56:49,22.039,22039
1079,815,2,37,15:58:12,21.619,21619
1079,20,2,42,16:06:42,22.456,22456
1079,830,3,44,16:08:25,21.941,21941
1079,832,3,45,16:10:31,22.302,22302
1079,848,3,45,16:12:16,23.328,23328
1079,842,3,46,16:13:00,21.838,21838
1079,840,3,46,16:13:18,23.812,23812
1079,1,3,48,16:15:01,22.241,22241
1079,817,3,48,16:15:50,22.154,22154
1079,847,3,51,16:19:02,22.815,22815
1079,849,3,50,16:19:30,22.761,22761
1079,846,3,51,16:19:48,22.165,22165
1079,839,3,52,16:21:10,22.033,22033
1079,852,3,52,16:21:27,22.316,22316
1079,815,3,53,16:21:47,21.694,21694
1079,4,3,53,16:22:49,25.407,25407
1079,848,4,54,16:26:07,23.404,23404
1080,840,1,1,16:07:59,26.731,26731
1080,849,1,1,16:08:10,36.773,36773
1080,842,1,2,16:10:02,35.486,35486
1080,840,2,2,16:10:09,32.750,32750
1080,849,2,2,16:10:20,36.351,36351
1080,854,1,4,16:13:36,27.637,27637
1080,20,1,6,16:16:58,24.965,24965
1080,852,1,6,16:17:00,25.068,25068
1080,1,1,15,16:31:22,24.796,24796
1080,815,1,16,16:32:29,24.409,24409
1080,846,1,17,16:34:17,24.872,24872
1080,854,2,17,16:35:15,36.854,36854
1080,844,1,18,16:35:26,25.710,25710
1080,830,1,18,16:35:33,27.009,27009
1080,848,1,18,16:36:49,27.231,27231
1080,817,1,19,16:38:22,26.056,26056
1080,855,1,19,16:38:23,25.594,25594
1080,849,3,19,16:38:26,26.910,26910
1080,822,1,20,16:39:34,25.865,25865
1080,832,1,21,16:40:05,24.666,24666
1080,844,2,21,16:40:08,28.034,28034
1080,847,1,21,16:40:29,25.352,25352
1080,4,1,21,16:40:33,24.526,24526
1080,839,1,21,16:40:50,24.875,24875
1080,852,2,21,16:41:30,26.021,26021
1080,815,2,22,16:41:35,24.536,24536
1080,830,2,22,16:41:38,26.930,26930
1080,846,2,22,16:41:58,24.760,24760
1080,1,2,22,16:42:19,24.507,24507
1080,842,2,22,16:42:42,28.770,28770
1080,848,2,22,16:43:36,31.518,31518
1080,20,2,23,16:44:09,25.133,25133
1080,840,3,24,16:45:45,25.650,25650
1080,815,3,30,16:55:41,19:32.062,1172062
1080,832,2,30,16:55:42,19:34.793,1174793
1080,830,3,30,16:55:43,19:35.575,1175575
1080,840,4,29,16:55:46,19:34.965,1174965
1080,844,3,30,16:55:47,19:36.822,1176822
1080,852,3,29,16:55:51,19:34.444,1174444
1080,855,2,29,16:55:52,19:34.235,1174235
1080,847,2,30,16:55:54,19:37.545,1177545
1080,846,3,30,16:55:56,19:43.029,1183029
1080,849,4,29,16:55:58,19:41.839,1181839
1080,4,2,30,16:56:01,19:42.058,1182058
1080,1,3,30,16:56:02,19:46.281,1186281
1080,848,3,29,16:56:04,19:45.676,1185676
1080,839,2,30,16:56:06,19:46.485,1186485
1080,822,2,30,16:56:07,19:46.699,1186699
1080,20,3,30,16:56:28,19:29.495,1169495
1080,842,3,30,16:56:31,19:29.460,1169460
1080,817,2,30,16:56:33,19:28.673,1168673
1080,846,4,51,17:44:43,24.607,24607
1080,852,4,56,17:52:23,25.266,25266
1081,849,1,3,15:09:50,29.395,29395
1081,844,1,9,15:20:26,23.212,23212
1081,847,1,9,15:20:43,20.538,20538
1081,842,1,9,15:20:49,22.698,22698
1081,1,1,9,15:20:54,21.470,21470
1081,20,1,9,15:20:55,20.249,20249
1081,852,1,9,15:20:57,23.083,23083
1081,855,1,9,15:21:08,23.001,23001
1081,825,1,9,15:21:11,21.555,21555
1081,848,1,9,15:21:16,25.577,25577
1081,854,1,9,15:21:23,26.973,26973
1081,815,1,16,15:33:43,23.379,23379
1081,849,2,17,15:37:03,22.069,22069
1081,830,1,18,15:37:17,21.468,21468
1081,4,1,18,15:37:59,20.571,20571
1081,846,1,20,15:41:42,21.443,21443
1081,854,2,23,15:47:51,22.231,22231
1081,848,2,29,15:58:39,21.540,21540
1081,840,1,30,16:00:30,22.059,22059
1081,830,2,33,16:04:40,20.722,20722
1081,815,2,33,16:04:56,22.349,22349
1081,847,2,33,16:05:19,20.527,20527
1081,1,2,33,16:05:49,20.831,20831
1081,817,1,33,16:06:02,21.794,21794
1081,839,1,33,16:06:22,22.638,22638
1081,822,1,33,16:06:34,20.979,20979
1081,852,2,38,16:15:56,41.500,41500
1082,20,1,5,14:10:02,23.406,23406
1082,842,1,5,14:10:04,23.557,23557
1082,825,1,7,14:12:33,38.262,38262
1082,830,1,9,14:15:15,24.217,24217
1082,1,1,9,14:15:24,23.845,23845
1082,852,1,9,14:15:50,23.248,23248
1082,849,1,9,14:15:59,24.020,24020
1082,848,1,18,14:28:07,23.804,23804
1082,847,1,19,14:29:03,23.951,23951
1082,839,1,19,14:29:16,25.684,25684
1082,855,1,19,14:29:24,24.281,24281
1082,817,1,19,14:29:26,27.937,27937
1082,846,1,19,14:29:34,43.032,43032
1082,20,2,19,14:29:44,23.681,23681
1082,832,1,20,14:30:33,24.215,24215
1082,4,1,28,14:41:26,23.779,23779
1082,842,2,36,14:52:35,23.613,23613
1082,849,2,37,14:54:22,30.034,30034
1082,844,1,41,14:58:44,26.199,26199
1082,830,2,43,15:00:29,23.704,23704
1082,846,2,42,15:00:41,24.134,24134
1082,1,2,44,15:02:06,23.841,23841
1082,847,2,45,15:03:30,24.069,24069
1082,840,1,47,15:06:55,25.252,25252
1082,852,2,47,15:07:00,23.450,23450
1082,832,2,49,15:08:24,24.881,24881
1082,848,2,48,15:08:45,23.530,23530
1082,839,2,49,15:09:34,23.945,23945
1082,4,2,49,15:09:42,25.139,25139
1082,822,1,49,15:09:50,26.089,26089
1082,855,2,49,15:10:04,23.980,23980
1082,817,2,49,15:10:08,24.833,24833
1083,830,1,1,15:05:31,50:37.323,3037323
1083,832,1,1,15:05:33,50:31.752,3031752
1083,1,1,1,15:05:36,50:46.888,3046888
1083,844,1,1,15:05:37,50:36.360,3036360
1083,4,1,1,15:05:41,50:55.700,3055700
1083,815,1,1,15:05:43,50:34.772,3034772
1083,846,1,1,15:05:46,50:43.215,3043215
1083,849,1,1,15:05:48,50:51.904,3051904
1083,822,1,1,15:05:50,50:55.732,3055732
1083,817,1,1,15:05:52,51:03.314,3063314
1083,842,1,1,15:05:55,50:48.950,3048950
1083,825,1,1,15:05:57,51:03.613,3063613
1083,20,1,1,15:06:00,51:07.301,3067301
1083,840,1,1,15:06:02,51:09.017,3069017
1083,854,1,1,15:06:04,51:05.174,3065174
1083,852,1,1,15:06:40,50:11.861,3011861
1083,839,1,1,15:07:49,49:10.760,2950760
1083,815,2,5,16:04:31,37.302,37302
1083,20,2,6,16:06:13,29.846,29846
1083,830,2,12,16:15:21,29.395,29395
1083,840,2,15,16:20:37,28.632,28632
1083,842,2,16,16:22:13,29.632,29632
1083,852,2,18,16:25:31,34.759,34759
1083,849,2,19,16:26:52,28.829,28829
1083,854,2,19,16:26:53,29.147,29147
1083,832,2,20,16:27:47,28.574,28574
1083,817,2,20,16:28:29,30.262,30262
1083,839,2,22,16:31:35,30.342,30342
1083,825,2,22,16:31:40,29.473,29473
1083,830,3,23,16:33:05,29.296,29296
1083,844,2,25,16:35:33,28.805,28805
1083,817,3,32,16:47:52,30.599,30599
1083,1,2,33,16:47:54,29.837,29837
1083,4,2,33,16:48:31,28.733,28733
1083,846,2,34,16:50:02,28.947,28947
1083,832,3,39,16:57:33,28.435,28435
1083,1,3,39,16:57:35,28.996,28996
1083,817,4,38,16:57:44,29.345,29345
1083,815,3,39,16:58:08,28.155,28155
1083,852,3,38,16:58:09,29.448,29448
1083,4,3,39,16:58:32,28.841,28841
1083,20,3,39,16:59:03,28.540,28540
1083,830,4,39,16:59:10,28.709,28709
1083,854,3,39,16:59:12,30.832,30832
1083,849,3,39,16:59:24,28.438,28438
1083,846,3,40,17:00:36,28.659,28659
1083,840,3,40,17:01:33,29.780,29780
1084,815,1,1,15:05:03,23.681,23681
1084,822,1,6,15:10:38,24.677,24677
1084,847,1,11,15:16:24,38.201,38201
1084,848,1,11,15:16:33,22.301,22301
1084,817,1,12,15:17:44,21.356,21356
1084,842,1,12,15:17:45,22.724,22724
1084,849,1,12,15:17:50,21.722,21722
1084,830,1,13,15:18:34,22.022,22022
1084,846,1,14,15:20:05,22.684,22684
1084,825,1,15,15:21:15,22.205,22205
1084,839,1,16,15:22:24,21.755,21755
1084,854,1,16,15:22:28,22.120,22120
1084,20,1,20,15:27:30,22.112,22112
1084,855,1,24,15:32:20,22.704,22704
1084,844,1,26,15:33:54,21.532,21532
1084,852,1,26,15:34:42,21.749,21749
1084,832,1,27,15:35:10,21.212,21212
1084,4,1,27,15:35:56,21.552,21552
1084,1,1,28,15:36:38,23.026,23026
1084,840,1,29,15:38:12,21.431,21431
1084,849,2,35,15:45:51,21.206,21206
1084,830,2,36,15:45:57,21.444,21444
1084,822,2,39,15:50:27,22.278,22278
1084,847,2,40,15:51:25,21.731,21731
1084,842,2,40,15:51:40,27.610,27610
1084,825,2,41,15:52:37,22.088,22088
1084,848,2,41,15:52:47,22.122,22122
1084,854,2,43,15:54:56,22.880,22880
1084,846,2,43,15:55:00,27.324,27324
1084,839,2,44,15:56:05,22.109,22109
1084,817,2,44,15:56:18,21.889,21889
1084,20,2,44,15:56:41,21.583,21583
1084,855,2,46,15:58:57,28.860,28860
1084,852,2,46,15:58:59,21.519,21519
1084,844,2,49,16:01:09,21.319,21319
1084,840,2,48,16:01:18,21.952,21952
1084,832,2,50,16:02:23,21.492,21492
1084,1,2,51,16:04:01,22.697,22697
1084,4,2,57,16:11:50,21.827,21827
1084,844,3,58,16:12:03,21.650,21650
1084,830,3,58,16:12:09,21.319,21319
1084,4,3,58,16:13:43,24.252,24252
1085,825,1,8,15:17:07,36.779,36779
1085,854,1,9,15:18:50,36.704,36704
1085,855,1,9,15:18:55,36.444,36444
1085,852,1,11,15:22:23,37.648,37648
1085,830,1,16,15:29:58,35.266,35266
1085,1,1,18,15:33:29,37.189,37189
1085,815,1,18,15:33:34,38.061,38061
1085,847,1,18,15:33:35,38.277,38277
1085,4,1,18,15:33:47,36.524,36524
1085,846,1,18,15:33:55,37.539,37539
1085,839,1,18,15:34:00,44.747,44747
1085,832,1,18,15:34:02,41.458,41458
1085,817,1,18,15:34:05,36.264,36264
1085,840,1,18,15:34:07,39.844,39844
1085,848,1,18,15:34:13,37.380,37380
1085,842,1,18,15:34:17,35.969,35969
1085,822,1,18,15:34:25,37.855,37855
1085,825,2,18,15:34:37,36.403,36403
1085,854,2,18,15:34:48,37.003,37003
1085,20,1,19,15:36:34,36.671,36671
1085,849,1,19,15:36:38,37.497,37497
1085,855,2,22,15:42:44,50.790,50790
1085,822,2,36,16:05:53,36.520,36520
1085,849,2,38,16:09:37,36.942,36942
1085,832,2,42,16:15:12,42.292,42292
1086,848,1,2,15:06:40,31.224,31224
1086,825,1,6,15:12:24,29.641,29641
1086,852,1,13,15:22:33,21.577,21577
1086,846,1,14,15:23:43,23.567,23567
1086,840,1,14,15:23:56,21.779,21779
1086,817,1,15,15:25:20,21.558,21558
1086,20,1,15,15:25:23,21.402,21402
1086,847,1,16,15:26:14,22.763,22763
1086,830,1,16,15:26:25,21.351,21351
1086,842,1,16,15:26:55,21.675,21675
1086,832,1,17,15:27:39,22.820,22820
1086,815,1,18,15:29:20,21.118,21118
1086,849,1,18,15:29:51,21.865,21865
1086,1,1,19,15:30:39,21.699,21699
1086,844,1,21,15:33:16,21.775,21775
1086,4,1,21,15:33:45,22.083,22083
1086,854,1,21,15:33:58,22.953,22953
1086,848,2,21,15:34:22,21.816,21816
1086,839,1,23,15:36:35,23.581,23581
1086,822,1,26,15:41:08,22.272,22272
1086,855,1,27,15:42:36,22.321,22321
1086,852,2,33,15:51:30,22.016,22016
1086,825,2,35,15:54:34,23.210,23210
1086,830,2,38,15:57:25,21.228,21228
1086,844,2,39,15:58:41,21.972,21972
1086,847,2,39,15:58:47,21.743,21743
1086,849,2,39,16:00:11,22.452,22452
1086,848,3,40,16:01:49,24.298,24298
1086,854,2,41,16:03:01,22.566,22566
1086,815,2,42,16:03:23,21.167,21167
1086,846,2,42,16:03:39,21.855,21855
1086,817,2,46,16:09:35,21.521,21521
1086,840,2,46,16:09:36,21.615,21615
1086,20,2,46,16:09:42,25.030,25030
1086,842,2,46,16:09:48,21.489,21489
1086,832,2,47,16:10:02,23.456,23456
1086,1,2,51,16:15:42,22.095,22095
1086,855,2,51,16:17:20,28.218,28218
1086,852,3,51,16:17:46,22.128,22128
1086,844,3,54,16:20:03,21.544,21544
1086,849,3,56,16:24:42,28.777,28777
1086,825,3,67,16:40:35,23.147,23147
1087,844,1,3,15:11:12,24.198,24198
1087,849,1,3,15:11:25,35.825,35825
1087,848,1,10,15:25:41,23.334,23334
1087,842,1,10,15:25:49,22.857,22857
1087,832,1,11,15:27:20,22.543,22543
1087,4,1,11,15:27:31,22.641,22641
1087,825,1,11,15:27:45,26.815,26815
1087,817,1,12,15:29:33,23.085,23085
1087,839,1,12,15:29:35,23.511,23511
1087,847,1,13,15:31:15,22.825,22825
1087,846,1,13,15:31:34,23.036,23036
1087,815,1,14,15:33:07,22.349,22349
1087,20,1,14,15:33:20,23.222,23222
1087,855,1,14,15:33:31,23.744,23744
1087,854,1,14,15:33:42,24.158,24158
1087,830,1,15,15:34:57,22.882,22882
1087,840,1,15,15:35:24,23.555,23555
1087,849,2,15,15:35:37,24.168,24168
1087,852,1,18,15:41:15,30.055,30055
1087,842,2,22,15:49:05,22.542,22542
1087,832,2,25,15:54:09,22.750,22750
1087,844,2,25,15:54:29,23.189,23189
1087,4,2,25,15:54:38,23.954,23954
1087,848,2,26,15:56:46,24.415,24415
1087,840,2,26,15:56:48,23.349,23349
1087,815,2,27,15:57:52,22.650,22650
1087,825,2,27,15:58:52,23.396,23396
1087,855,2,28,16:00:41,23.364,23364
1087,847,2,29,16:01:48,22.977,22977
1087,846,2,29,16:02:33,23.560,23560
1087,830,2,30,16:03:17,22.322,22322
1087,852,2,30,16:04:30,24.253,24253
1087,854,2,30,16:04:45,24.982,24982
1087,839,2,32,16:08:04,23.491,23491
1087,817,2,32,16:08:17,23.146,23146
1087,20,2,33,16:09:55,22.833,22833
1087,849,3,34,16:12:36,23.414,23414
1087,844,3,42,16:26:44,23.334,23334
1088,20,1,9,15:14:56,22.391,22391
1088,842,1,11,15:17:31,18.789,18789
1088,817,1,11,15:17:33,19.546,19546
1088,4,1,12,15:18:45,19.578,19578
1088,855,1,12,15:18:49,19.548,19548
1088,854,1,13,15:20:02,26.813,26813
1088,852,1,13,15:20:05,18.774,18774
1088,849,1,13,15:20:19,20.284,20284
1088,832,1,14,15:21:02,29.705,29705
1088,815,1,14,15:21:05,18.835,18835
1088,825,1,14,15:21:35,20.785,20785
1088,840,1,16,15:23:49,20.205,20205
1088,822,1,16,15:24:05,19.741,19741
1088,844,1,17,15:24:47,19.080,19080
1088,846,1,17,15:25:04,19.303,19303
1088,830,1,18,15:25:58,19.634,19634
1088,839,1,18,15:26:30,19.455,19455
1088,848,1,21,15:30:35,19.325,19325
1088,849,2,26,15:37:39,20.733,20733
1088,817,2,27,15:38:47,19.567,19567
1088,1,1,29,15:40:15,19.046,19046
1088,847,1,31,15:42:53,19.359,19359
1088,842,2,32,15:45:03,18.700,18700
1088,854,2,33,15:46:28,21.814,21814
1088,822,2,34,15:47:42,21.049,21049
1088,825,2,34,15:47:53,23.710,23710
1088,20,2,35,15:49:07,19.156,19156
1088,855,2,37,15:51:33,25.433,25433
1088,840,2,38,15:52:27,20.214,20214
1088,815,2,40,15:54:40,18.738,18738
1088,852,2,42,15:57:54,19.293,19293
1088,848,2,42,15:58:02,19.911,19911
1088,832,2,43,15:58:43,19.493,19493
1088,844,2,45,16:00:48,19.084,19084
1088,852,3,43,16:01:22,52.684,52684
1088,846,2,47,16:04:07,21.117,21117
1088,4,2,47,16:04:12,21.501,21501
1088,830,2,48,16:04:44,19.610,19610
1088,1,2,48,16:05:02,19.164,19164
1088,847,2,48,16:05:08,20.742,20742
1088,854,3,47,16:05:28,20.283,20283
1088,825,3,47,16:05:32,23.663,23663
1088,817,3,47,16:05:38,19.718,19718
1088,20,3,48,16:07:10,18.709,18709
1088,849,3,54,16:15:44,20.051,20051
1088,830,3,56,16:15:47,19.655,19655
1088,848,3,55,16:16:14,20.508,20508
1088,844,3,56,16:16:24,19.576,19576
1088,815,3,56,16:16:29,19.250,19250
1088,855,3,55,16:16:34,20.188,20188
1088,817,4,55,16:16:52,20.295,20295
1088,839,2,56,16:17:06,21.602,21602
1088,840,3,56,16:17:12,19.141,19141
1088,842,3,56,16:17:37,18.572,18572
1088,1,3,57,16:18:18,14.155,14155
1088,849,4,55,16:18:20,14.459,14459
1088,847,3,57,16:18:21,21.363,21363
1088,830,4,57,16:18:22,14.113,14113
1088,848,4,56,16:18:24,14.114,14114
1088,854,4,56,16:18:26,14.144,14144
1088,20,4,56,16:18:30,14.349,14349
1088,844,4,57,16:18:32,14.008,14008
1088,825,4,56,16:18:34,14.175,14175
1088,815,4,57,16:18:36,14.113,14113
1088,855,4,56,16:18:40,14.128,14128
1088,832,3,57,16:18:46,21.164,21164
1088,846,3,57,16:18:50,21.264,21264
1088,4,3,57,16:18:53,15.762,15762
1088,817,5,56,16:19:00,14.493,14493
1088,839,3,57,16:19:10,14.041,14041
1088,840,4,57,16:19:11,14.118,14118
1088,842,4,57,16:19:20,13.973,13973
1089,815,1,7,15:13:53,23.698,23698
1089,844,1,12,15:21:01,23.531,23531
1089,849,1,15,15:26:02,26.782,26782
1089,842,1,18,15:30:13,25.376,25376
1089,855,1,18,15:30:16,25.366,25366
1089,840,1,18,15:30:22,24.254,24254
1089,817,1,19,15:31:40,25.164,25164
1089,856,1,19,15:31:43,24.628,24628
1089,839,1,19,15:31:50,24.336,24336
1089,852,1,19,15:31:51,24.009,24009
1089,847,1,23,15:37:02,25.075,25075
1089,825,1,24,15:39:20,30.164,30164
1089,830,1,25,15:39:43,23.791,23791
1089,832,1,30,15:47:28,23.728,23728
1089,844,2,33,15:51:22,23.904,23904
1089,1,1,33,15:52:05,24.282,24282
1089,854,1,33,15:52:21,24.817,24817
1089,846,1,35,15:54:54,26.714,26714
1089,822,1,35,15:55:18,24.758,24758
1089,815,2,42,16:05:01,23.299,23299
1089,847,2,47,16:11:50,24.114,24114
1089,825,2,46,16:12:00,24.846,24846
1089,832,2,47,16:12:01,24.525,24525
1089,846,2,47,16:12:41,24.784,24784
1089,830,2,48,16:13:04,24.091,24091
1089,852,2,47,16:13:25,23.904,23904
1089,844,3,48,16:13:27,23.719,23719
1089,849,2,47,16:13:35,24.263,24263
1091,825,1,7,21:23:45,39.247,39247
1091,847,1,21,21:54:16,30.378,30378
1091,842,1,33,22:19:45,29.867,29867
1091,852,1,33,22:20:11,31.293,31293
1091,822,1,33,22:20:13,32.167,32167
1091,825,2,33,22:20:17,32.603,32603
1091,844,1,34,22:20:56,32.058,32058
1091,1,1,34,22:21:36,41.019,41019
1091,20,1,34,22:21:44,29.704,29704
1091,854,1,34,22:22:03,31.201,31201
1091,815,1,35,22:22:51,29.550,29550
1091,832,1,35,22:23:17,30.603,30603
1091,830,1,35,22:23:33,29.407,29407
1091,840,1,35,22:23:50,29.863,29863
1091,847,2,35,22:25:08,29.713,29713
1091,846,1,36,22:25:51,30.528,30528
1091,817,1,36,22:26:23,30.946,30946
1091,830,2,40,22:36:35,29.775,29775
1091,854,2,41,22:39:34,34.722,34722
1091,847,3,41,22:39:46,33.211,33211
1091,847,4,51,22:59:32,29.893,29893
1092,842,1,1,14:06:24,41.319,41319
1092,830,1,2,14:08:39,6:27.399,387399
1092,844,1,2,14:08:41,6:29.973,389973
1092,815,1,2,14:08:44,6:32.517,392517
1092,839,1,2,14:08:46,6:33.601,393601
1092,1,1,2,14:08:49,6:36.504,396504
1092,4,1,2,14:08:52,6:36.837,396837
1092,847,1,2,14:08:54,6:41.057,401057
1092,817,1,2,14:08:57,6:41.749,401749
1092,852,1,2,14:09:00,6:42.478,402478
1092,854,1,2,14:09:04,6:40.857,400857
1092,840,1,2,14:09:07,6:40.463,400463
1092,825,1,2,14:09:08,6:42.029,402029
1092,846,1,2,14:09:10,6:46.256,406256
1092,822,1,2,14:09:11,6:47.553,407553
1092,849,1,2,14:09:14,6:47.673,407673
1092,20,1,2,14:09:17,6:49.647,409647
1092,855,1,2,14:09:20,6:50.005,410005
1092,842,2,2,14:09:22,6:49.011,409011
1092,849,2,5,16:23:57,24.785,24785
1092,20,2,5,16:23:58,24.218,24218
1092,846,2,6,16:25:53,24.595,24595
1092,822,2,6,16:25:56,24.869,24869
1092,830,2,7,16:27:26,24.308,24308
1092,844,2,7,16:27:27,25.899,25899
1092,815,2,7,16:27:32,25.322,25322
1092,839,2,7,16:27:34,25.172,25172
1092,1,2,7,16:27:36,25.059,25059
1092,847,2,7,16:27:40,28.728,28728
1092,852,2,7,16:27:44,24.439,24439
1092,825,2,7,16:27:47,25.594,25594
1092,840,2,7,16:27:48,24.005,24005
1092,842,3,7,16:27:52,24.966,24966
1092,4,2,8,16:29:28,24.106,24106
1092,817,2,8,16:29:36,25.377,25377
1092,855,2,9,16:31:37,24.563,24563
1092,854,2,11,16:35:25,24.608,24608
1092,855,3,18,16:48:24,24.266,24266
1092,840,3,19,16:50:04,23.870,23870
1092,842,4,19,16:50:13,23.966,23966
1092,852,3,20,16:51:53,23.756,23756
1092,4,3,22,16:55:11,24.123,24123
1093,849,1,5,14:12:42,25.321,25321
1093,848,1,9,14:19:29,24.624,24624
1093,855,1,9,14:19:31,27.326,27326
1093,822,1,10,14:21:08,25.013,25013
1093,852,1,10,14:21:14,23.688,23688
1093,817,1,10,14:21:17,26.206,26206
1093,842,1,11,14:22:51,23.670,23670
1093,1,1,12,14:24:13,24.362,24362
1093,830,1,13,14:25:50,23.866,23866
1093,847,1,13,14:26:03,30.038,30038
1093,815,1,14,14:27:47,23.403,23403
1093,846,1,14,14:28:05,24.026,24026
1093,840,1,15,14:29:39,25.417,25417
1093,844,1,18,14:34:58,24.314,24314
1093,20,1,18,14:35:06,24.307,24307
1093,4,1,18,14:35:26,23.870,23870
1093,839,1,18,14:35:37,24.816,24816
1093,854,1,18,14:35:37,25.209,25209
1093,825,1,18,14:35:42,29.039,29039
1093,848,2,18,14:35:50,24.311,24311
1093,849,2,18,14:36:12,24.195,24195
1093,4,2,22,14:45:23,39.707,39707
1093,855,2,23,14:48:10,25.015,25015
1093,842,2,32,15:05:32,28.918,28918
1093,852,2,33,15:07:16,23.241,23241
1093,854,2,33,15:07:18,24.651,24651
1093,1,2,34,15:08:39,24.135,24135
1093,846,2,34,15:08:59,23.702,23702
1093,830,2,35,15:10:18,32.254,32254
1093,844,2,35,15:10:26,23.755,23755
1093,817,2,35,15:10:56,24.436,24436
1093,847,2,36,15:12:10,24.509,24509
1093,815,2,38,15:15:33,24.801,24801
1093,20,2,41,15:20:46,38.157,38157
1093,839,2,45,15:28:05,24.711,24711
1093,847,3,54,15:42:52,23.947,23947
1094,840,1,17,14:27:31,23.509,23509
1094,815,1,23,14:35:10,24.892,24892
1094,849,1,23,14:36:14,23.826,23826
1094,854,1,24,14:37:37,23.679,23679
1094,830,1,25,14:37:51,22.487,22487
1094,844,1,28,14:42:33,22.193,22193
1094,1,1,29,14:43:26,23.194,23194
1094,832,1,29,14:43:52,23.469,23469
1094,852,1,29,14:44:16,22.468,22468
1094,846,1,31,14:47:02,22.585,22585
1094,839,1,33,14:49:47,22.343,22343
1094,847,1,34,14:50:27,22.795,22795
1094,20,1,38,14:57:10,22.534,22534
1094,848,1,38,14:57:16,23.182,23182
1094,825,1,38,14:57:34,23.722,23722
1094,822,1,39,14:58:09,23.863,23863
1094,4,1,40,14:59:30,23.159,23159
1094,842,1,40,15:00:02,29.168,29168
1094,840,2,40,15:00:20,23.119,23119
1094,817,1,44,15:05:25,22.280,22280
1094,855,1,45,15:07:02,24.218,24218
1094,849,2,52,15:17:55,24.039,24039
1094,847,2,69,15:39:22,23.118,23118
1095,848,1,4,15:10:31,24.361,24361
1095,830,1,7,15:15:34,30.942,30942
1095,844,1,7,15:15:42,30.080,30080
1095,4,1,14,15:24:40,23.478,23478
1095,855,1,16,15:27:16,24.332,24332
1095,832,1,17,15:28:17,25.206,25206
1095,842,1,19,15:31:04,23.460,23460
1095,852,1,20,15:32:36,23.287,23287
1095,849,1,20,15:32:40,28.807,28807
1095,844,2,21,15:34:01,23.172,23172
1095,815,1,23,15:35:54,22.869,22869
1095,830,2,23,15:36:31,31.682,31682
1095,847,1,24,15:37:06,23.521,23521
1095,846,1,24,15:37:31,29.338,29338
1095,822,1,24,15:37:32,23.908,23908
1095,839,1,24,15:37:35,23.868,23868
1095,854,1,24,15:37:40,24.487,24487
1095,848,2,25,15:39:08,23.352,23352
1095,20,1,26,15:40:04,24.248,24248
1095,1,1,29,15:43:41,24.081,24081
1095,840,1,29,15:44:14,23.469,23469
1095,849,2,32,15:48:45,24.292,24292
1095,4,2,35,15:51:56,28.855,28855
1095,842,2,35,15:52:05,23.328,23328
1095,832,2,36,15:52:50,23.483,23483
1095,855,2,37,15:54:45,25.111,25111
1095,852,2,40,15:58:47,23.645,23645
1095,844,3,44,16:03:38,23.124,23124
1095,822,2,45,16:04:45,24.616,24616
1095,20,2,45,16:04:49,24.028,24028
1095,846,2,45,16:04:59,24.669,24669
1095,854,2,46,16:06:22,25.156,25156
1095,815,2,47,16:06:49,23.152,23152
1095,839,2,47,16:07:25,24.445,24445
1095,848,3,47,16:07:54,23.322,23322
1095,1,2,48,16:08:02,23.415,23415
1095,830,3,48,16:08:48,24.102,24102
1095,840,2,48,16:08:59,23.764,23764
1095,847,2,49,16:09:08,23.480,23480
1095,4,3,52,16:13:58,23.790,23790
1095,842,3,52,16:14:19,23.009,23009
1095,832,3,53,16:14:50,23.816,23816
1095,849,3,52,16:15:23,23.640,23640
1095,852,3,54,16:18:28,23.635,23635
1096,848,1,12,17:21:53,21.793,21793
1096,840,1,13,17:23:19,21.814,21814
1096,839,1,14,17:24:48,21.895,21895
1096,852,1,14,17:24:50,21.591,21591
1096,854,1,14,17:24:59,22.276,22276
1096,842,1,14,17:25:03,21.855,21855
1096,815,1,15,17:26:00,21.360,21360
1096,847,1,15,17:26:08,24.243,24243
1096,846,1,15,17:26:16,22.234,22234
1096,855,1,15,17:26:28,22.435,22435
1096,849,1,15,17:26:44,22.423,22423
1096,832,1,17,17:29:08,21.930,21930
1096,1,1,18,17:30:48,21.270,21270
1096,4,1,19,17:32:33,21.740,21740
1096,817,1,19,17:32:38,21.893,21893
1096,830,1,20,17:33:31,22.735,22735
1096,844,1,21,17:35:10,22.210,22210
1096,20,1,25,17:41:51,23.186,23186
1096,825,1,28,17:46:53,22.387,22387
1096,822,1,30,17:49:54,22.573,22573
1096,815,2,33,17:53:33,21.367,21367
1096,854,2,34,17:55:56,23.530,23530
1096,848,2,35,17:57:22,21.798,21798
1096,852,2,38,18:01:49,22.262,22262
1096,832,2,39,18:02:41,21.575,21575
1096,847,2,39,18:02:44,27.931,27931
1096,849,2,38,18:02:50,25.174,25174
1096,840,2,40,18:04:44,21.802,21802
1096,839,2,41,18:06:09,21.734,21734
1096,846,2,42,18:07:36,21.559,21559
1096,855,2,44,18:11:10,23.159,23159
1098,842,1,9,18:18:56,25.885,25885
1098,846,1,10,18:20:31,32.766,32766
1098,852,1,10,18:20:34,25.267,25267
1098,822,1,11,18:22:06,25.399,25399
1098,848,1,11,18:22:12,25.054,25054
1098,807,1,11,18:22:21,26.075,26075
1098,856,1,11,18:22:21,25.018,25018
1098,1,1,12,18:23:40,24.682,24682
1098,839,1,12,18:23:50,24.966,24966
1098,858,1,12,18:23:55,25.600,25600
1098,855,1,12,18:24:01,25.787,25787
1098,844,1,13,18:25:06,24.345,24345
1098,832,1,13,18:25:17,24.500,24500
1098,847,1,13,18:25:24,27.062,27062
1098,830,1,14,18:26:35,24.289,24289
1098,4,1,14,18:27:02,25.800,25800
1098,840,1,15,18:28:45,25.449,25449
1098,825,1,15,18:29:10,25.439,25439
1098,839,2,15,18:29:11,41.462,41462
1098,815,1,17,18:31:42,24.264,24264
1098,846,2,17,18:32:38,33.661,33661
1098,842,2,25,18:45:48,24.879,24879
1098,848,2,26,18:47:25,24.920,24920
1098,852,2,26,18:47:26,24.372,24372
1098,807,2,26,18:47:41,37.769,37769
1098,856,2,27,18:49:16,25.234,25234
1098,846,3,27,18:49:35,33.467,33467
1098,822,2,29,18:52:16,25.643,25643
1098,825,2,29,18:52:40,25.344,25344
1098,1,2,30,18:53:36,24.690,24690
1098,840,2,30,18:53:45,24.639,24639
1098,858,2,30,18:54:09,25.670,25670
1098,832,2,31,18:55:11,24.227,24227
1098,847,2,31,18:55:21,24.406,24406
1098,855,2,32,18:57:31,25.282,25282
1098,839,3,32,18:58:03,44.518,44518
1098,844,2,33,18:58:16,24.644,24644
1098,815,2,34,18:59:45,25.091,25091
1098,4,2,34,19:00:09,24.869,24869
1098,830,2,36,19:02:47,24.910,24910
1098,846,4,37,19:06:27,33.236,33236
1098,848,3,40,19:10:51,24.458,24458
1098,842,3,40,19:10:52,24.736,24736
1098,852,3,40,19:10:53,25.818,25818
1098,858,3,40,19:11:05,25.047,25047
1098,825,3,40,19:11:20,25.125,25125
1098,807,3,40,19:11:26,27.080,27080
1098,846,5,47,19:23:45,30.710,30710
1098,855,3,54,19:34:31,30.167,30167
1098,846,6,54,19:35:35,31.494,31494
1099,857,1,1,20:05:36,31.534,31534
1099,846,1,2,20:07:18,29.444,29444
1099,825,1,8,20:16:55,20.870,20870
1099,822,1,9,20:18:38,21.505,21505
1099,855,1,11,20:21:41,21.703,21703
1099,807,1,11,20:21:43,21.567,21567
1099,840,1,13,20:24:39,21.150,21150
1099,842,1,14,20:26:26,20.719,20719
1099,832,1,15,20:27:49,20.760,20760
1099,844,1,16,20:29:29,20.026,20026
1099,839,1,16,20:29:34,20.762,20762
1099,852,1,17,20:31:24,21.414,21414
1099,848,1,17,20:31:32,21.397,21397
1099,856,1,17,20:31:39,21.116,21116
1099,822,2,17,20:32:08,22.191,22191
1099,815,1,18,20:32:46,20.715,20715
1099,4,1,18,20:32:54,26.879,26879
1099,847,1,18,20:33:05,20.828,20828
1099,830,1,18,20:33:15,20.824,20824
1099,1,1,18,20:33:24,21.102,21102
1099,858,1,18,20:33:55,21.064,21064
1099,855,2,18,20:34:06,21.282,21282
1099,846,2,19,20:36:25,21.352,21352
1099,822,3,35,21:02:57,21.808,21808
1100,839,1,1,15:05:04,18.056,18056
1100,855,1,1,15:05:11,18.951,18951
1100,858,1,1,15:05:13,18.382,18382
1100,815,1,1,15:05:15,17.657,17657
1100,822,1,1,15:05:16,21.659,21659
1100,858,2,2,15:07:25,19.158,19158
1100,815,2,2,15:07:26,17.814,17814
1100,847,1,7,15:15:01,19.146,19146
1100,832,1,7,15:15:05,18.319,18319
1100,825,1,7,15:15:21,20.789,20789
1100,1,1,8,15:17:43,15:25.181,925181
1100,830,1,8,15:17:45,15:25.112,925112
1100,4,1,8,15:17:48,15:26.940,926940
1100,840,1,8,15:17:51,15:27.222,927222
1100,842,1,8,15:17:53,15:26.996,926996
1100,807,1,8,15:17:55,15:26.326,926326
1100,847,2,8,15:17:59,15:30.824,930824
1100,852,1,8,15:18:02,15:31.820,931820
1100,846,1,8,15:18:04,15:34.763,934763
1100,857,1,8,15:18:06,15:34.541,934541
1100,832,2,8,15:18:08,15:37.024,937024
1100,856,1,8,15:18:11,15:37.874,937874
1100,839,2,8,15:18:14,15:37.929,937929
1100,815,3,8,15:18:16,15:37.512,937512
1100,855,2,8,15:18:19,15:37.849,937849
1100,822,2,8,15:18:21,15:37.594,937594
1100,858,3,8,15:18:23,15:38.017,938017
1100,825,2,8,15:18:27,15:40.228,940228
1100,858,4,36,16:15:29,19.018,19018
1100,856,2,45,16:28:14,18.080,18080
1100,822,3,53,16:39:03,19.825,19825
1100,857,2,54,16:40:06,19.442,19442
1100,855,3,54,16:40:31,21.881,21881
1100,852,2,54,16:40:36,18.258,18258
1100,830,2,55,16:41:38,14:27.756,867756
1100,1,2,55,16:41:40,14:31.670,871670
1100,4,2,55,16:41:42,14:34.306,874306
1100,822,4,54,16:41:44,12:19.342,739342
1100,832,3,55,16:41:45,14:34.924,874924
1100,842,2,55,16:41:47,14:35.210,875210
1100,840,2,55,16:41:50,14:35.053,875053
1100,815,4,55,16:41:53,14:36.462,876462
1100,858,5,54,16:41:54,12:12.022,732022
1100,846,2,55,16:41:56,14:41.064,881064
1100,807,2,55,16:41:58,14:40.712,880712
1100,856,3,54,16:42:01,12:06.783,726783
1100,839,3,55,16:42:03,14:39.804,879804
1100,857,3,55,16:42:20,14:24.653,864653
1100,855,4,55,16:42:47,14:01.565,841565
1100,852,3,55,16:42:52,14:01.820,841820
1100,822,5,55,16:55:40,1:16.634,76634
1100,858,6,55,16:55:45,1:14.200,74200
1100,856,4,55,16:55:47,1:13.234,73234
1100,830,3,57,17:02:10,30:56.502,1856502
1100,1,3,57,17:02:11,30:59.435,1859435
1100,832,4,57,17:02:13,31:01.554,1861554
1100,807,3,57,17:02:14,31:09.055,1869055
1100,852,4,57,17:02:16,31:11.209,1871209
1100,846,3,57,17:02:17,31:04.087,1864087
1100,857,4,57,17:02:19,31:06.226,1866226
1100,855,5,57,17:02:22,31:04.998,1864998
1100,822,6,57,17:02:23,31:07.182,1867182
1100,815,5,57,17:02:25,30:53.568,1853568
1100,4,3,57,17:02:27,30:45.073,1845073
1100,840,3,57,17:02:29,30:45.925,1845925
1101,842,1,5,15:13:22,20.235,20235
1101,822,1,6,15:15:14,20.967,20967
1101,848,1,7,15:16:57,21.103,21103
1101,852,1,8,15:18:43,20.497,20497
1101,857,1,8,15:18:44,20.902,20902
1101,858,1,8,15:18:50,21.015,21015
1101,1,1,9,15:20:23,20.324,20324
1101,846,1,9,15:20:27,20.346,20346
1101,830,1,10,15:22:00,20.707,20707
1101,825,1,10,15:22:35,30.951,30951
1101,815,1,11,15:24:20,20.389,20389
1101,844,1,11,15:24:25,21.126,21126
1101,832,1,11,15:24:33,21.970,21970
1101,4,1,11,15:24:35,23.148,23148
1101,847,1,11,15:24:42,20.459,20459
1101,840,1,11,15:24:42,23.161,23161
1101,855,1,11,15:25:01,22.247,22247
1101,822,2,12,15:27:47,22.354,22354
1101,842,2,23,15:48:15,21.169,21169
1101,822,3,34,16:08:14,21.012,21012
1101,847,2,49,16:34:10,21.389,21389
1101,807,1,49,16:34:47,24.748,24748
1101,839,1,50,16:36:20,20.367,20367
1102,858,1,2,15:37:09,48.938,48938
1102,846,1,4,15:40:18,24.090,24090
1102,857,1,5,15:41:49,22.205,22205
1102,825,1,14,15:55:45,22.616,22616
1102,842,1,15,15:57:16,22.417,22417
1102,822,1,15,15:57:23,23.158,23158
1102,856,1,15,15:57:33,23.487,23487
1102,847,1,17,16:00:18,22.335,22335
1102,844,1,17,16:00:25,22.068,22068
1102,832,1,18,16:01:46,22.278,22278
1102,815,1,20,16:04:48,21.884,21884
1102,848,1,22,16:08:22,22.482,22482
1102,4,1,24,16:11:02,22.631,22631
1102,855,1,31,16:22:27,22.796,22796
1102,807,1,33,16:25:26,23.120,23120
1102,852,1,36,16:30:01,22.390,22390
1102,1,1,37,16:31:29,22.150,22150
1102,839,1,39,16:34:33,21.942,21942
1102,840,1,42,16:39:18,22.651,22651
1102,830,1,45,16:42:58,22.688,22688
1104,807,1,1,15:04:32,32.494,32494
1104,855,1,1,15:04:37,26.141,26141
1104,815,1,1,15:04:37,24.887,24887
1104,848,1,18,15:27:12,24.290,24290
1104,858,1,20,15:30:02,24.376,24376
1104,858,2,23,15:34:16,27.774,27774
1104,1,1,31,15:43:34,24.594,24594
1104,839,1,32,15:44:45,25.833,25833
1104,832,1,33,15:46:05,24.252,24252
1104,815,2,34,15:48:26,32.749,32749
1104,844,1,44,16:00:25,24.192,24192
1104,842,1,47,16:04:16,23.902,23902
1104,846,1,50,16:08:48,24.663,24663
1104,822,1,51,16:10:46,30.395,30395
1104,840,1,51,16:10:52,24.656,24656
1104,855,2,52,16:12:35,25.260,25260
1104,848,2,52,16:12:37,26.990,26990
1104,852,1,53,16:13:18,33.706,33706
1104,858,3,52,16:13:19,25.946,25946
1104,4,1,54,16:13:32,24.414,24414
1104,856,1,53,16:13:47,24.539,24539
1104,847,1,54,16:13:57,30.980,30980
1104,839,2,54,16:14:06,24.707,24707
1104,1,2,54,16:14:09,26.685,26685
1104,842,2,54,16:14:18,29.949,29949
1104,815,3,53,16:14:19,24.217,24217
1104,830,1,55,16:15:17,24.798,24798
1104,857,1,54,16:15:18,25.851,25851
1104,846,2,54,16:15:20,33.428,33428
1104,4,2,55,16:15:37,25.916,25916
1104,807,2,54,16:16:01,34.725,34725
1104,844,2,55,16:16:03,25.713,25713
1104,832,2,55,16:16:04,29.300,29300
1104,825,1,56,16:20:26,51.052,51052
1104,815,4,57,16:21:27,29.337,29337
1104,807,3,59,16:25:02,25.672,25672
1104,815,5,70,16:43:16,25.466,25466
1105,846,1,1,15:04:44,37.736,37736
1105,822,1,5,15:10:18,23.691,23691
1105,807,1,8,15:14:21,22.298,22298
1105,855,1,9,15:15:38,23.430,23430
1105,856,1,9,15:15:44,22.522,22522
1105,852,1,10,15:17:01,22.176,22176
1105,825,1,10,15:17:06,22.124,22124
1105,839,1,13,15:21:01,22.112,22112
1105,840,1,14,15:22:19,22.355,22355
1105,832,1,15,15:23:33,22.321,22321
1105,844,1,16,15:25:17,21.778,21778
1105,848,1,16,15:25:24,23.319,23319
1105,857,1,17,15:26:32,22.370,22370
1105,858,1,17,15:26:49,22.583,22583
1105,4,1,19,15:29:09,22.558,22558
1105,842,1,19,15:29:18,23.388,23388
1105,846,2,22,15:33:50,22.850,22850
1105,1,1,24,15:35:37,22.575,22575
1105,825,2,24,15:36:26,24.800,24800
1105,847,1,25,15:37:07,22.275,22275
1105,830,1,26,15:38:06,22.241,22241
1105,807,2,26,15:39:04,23.257,23257
1105,815,1,27,15:39:57,21.775,21775
1105,840,2,34,15:49:34,23.371,23371
1105,852,2,34,15:49:38,22.009,22009
1105,839,2,35,15:50:57,24.110,24110
1105,855,2,36,15:52:25,22.889,22889
1105,858,2,36,15:52:53,23.827,23827
1105,848,2,37,15:54:12,23.449,23449
1105,856,2,38,15:55:17,21.976,21976
1105,857,2,39,15:56:28,22.862,22862
1105,842,2,39,15:56:30,23.610,23610
1105,822,2,39,15:56:58,24.097,24097
1105,832,2,41,15:58:46,22.375,22375
1105,844,2,41,15:59:13,23.003,23003
1105,825,3,42,16:00:59,22.291,22291
1105,807,3,43,16:02:05,24.484,24484
1105,4,2,44,16:03:01,22.896,22896
1105,847,2,45,16:03:58,22.054,22054
1105,1,2,50,16:10:22,22.731,22731
1105,815,2,50,16:10:42,21.537,21537
1105,846,3,50,16:11:39,22.062,22062
1105,830,2,52,16:12:44,22.357,22357
1106,852,1,1,14:04:32,23.646,23646
1106,842,1,10,14:16:36,27.515,27515
1106,807,1,11,14:17:50,24.880,24880
1106,840,1,11,14:17:53,23.711,23711
1106,856,1,11,14:17:56,24.960,24960
1106,830,1,12,14:18:49,23.644,23644
1106,1,1,12,14:18:59,24.339,24339
1106,4,1,12,14:19:00,24.031,24031
1106,839,1,12,14:19:12,24.402,24402
1106,857,1,12,14:19:16,24.828,24828
1106,846,1,12,14:19:24,25.862,25862
1106,848,1,12,14:19:25,25.064,25064
1106,855,1,12,14:19:31,24.161,24161
1106,847,1,12,14:19:55,1:28.943,88943
1106,840,2,27,14:42:23,23.839,23839
1106,807,2,31,14:47:37,24.200,24200
1106,855,2,32,14:48:55,27.509,27509
1106,842,2,33,14:50:14,24.117,24117
1106,852,2,34,14:51:31,27.523,27523
1106,846,2,35,14:52:42,23.570,23570
1106,825,1,35,14:53:34,24.909,24909
1106,839,2,36,14:53:56,23.698,23698
1106,822,1,36,14:53:58,24.038,24038
1106,815,1,37,14:55:06,23.281,23281
1106,857,2,37,14:55:21,23.436,23436
1106,832,1,38,14:56:16,24.133,24133
1106,844,1,39,14:57:32,24.343,24343
1106,1,2,40,14:58:46,23.749,23749
1106,4,2,41,14:59:58,23.928,23928
1106,830,2,42,15:01:10,23.910,23910
1106,856,2,50,15:13:30,23.786,23786
1106,825,2,53,15:17:18,24.515,24515
1106,815,2,68,15:34:57,23.218,23218
1107,825,1,1,15:04:16,26.587,26587
1107,852,1,1,15:04:31,29.691,29691
1107,830,1,2,15:05:57,16.369,16369
1107,844,1,2,15:05:59,16.393,16393
1107,832,1,2,15:06:01,16.380,16380
1107,1,1,2,15:06:03,16.415,16415
1107,846,1,2,15:06:05,18.076,18076
1107,4,1,2,15:06:08,16.600,16600
1107,807,1,2,15:06:09,16.778,16778
1107,840,1,2,15:06:11,16.646,16646
1107,842,1,2,15:06:12,16.380,16380
1107,848,1,2,15:06:13,16.737,16737
1107,847,1,2,15:06:17,17.946,17946
1107,839,1,2,15:06:19,18.143,18143
1107,815,1,2,15:06:20,17.428,17428
1107,855,1,2,15:06:22,17.467,17467
1107,857,1,2,15:06:23,17.324,17324
1107,858,1,2,15:06:25,17.337,17337
1107,822,1,2,15:06:27,17.130,17130
1107,856,1,2,15:06:28,17.033,17033
1107,825,2,2,15:06:31,25.654,25654
1107,852,2,2,15:06:33,16.246,16246
1107,855,2,8,15:14:10,24.374,24374
1107,807,2,11,15:17:41,21.891,21891
1107,856,2,12,15:19:01,21.333,21333
1107,1,2,14,15:21:10,21.993,21993
1107,846,2,14,15:21:12,21.290,21290
1107,842,2,14,15:21:20,21.814,21814
1107,848,2,14,15:21:22,21.562,21562
1107,847,2,14,15:21:23,22.262,22262
1107,839,2,14,15:21:26,22.028,22028
1107,857,2,14,15:21:27,22.467,22467
1107,858,2,14,15:21:32,23.194,23194
1107,844,2,15,15:22:36,23.425,23425
1107,832,2,15,15:22:41,26.283,26283
1107,4,2,15,15:22:48,22.371,22371
1107,840,2,15,15:22:54,24.332,24332
1107,822,2,21,15:30:27,31.785,31785
1107,857,3,22,15:31:40,29.912,29912
1107,852,3,23,15:32:50,27.286,27286
1107,830,2,24,15:33:13,21.365,21365
1107,815,2,25,15:34:47,21.655,21655
1107,825,3,34,15:46:08,22.250,22250
1107,840,3,36,15:48:10,22.050,22050
1107,856,3,37,15:49:41,21.074,21074
1107,855,3,38,15:50:48,21.910,21910
1107,839,3,40,15:52:55,30.427,30427
1107,822,3,40,15:53:22,21.975,21975
1107,846,3,41,15:53:39,22.088,22088
1107,847,3,41,15:53:57,21.702,21702
1107,848,3,41,15:54:04,27.683,27683
1107,857,4,41,15:54:36,22.313,22313
1107,1,3,42,15:54:50,27.724,27724
1107,858,3,43,15:56:40,21.543,21543
1107,852,4,43,15:56:56,21.392,21392
1107,4,3,44,15:57:15,21.993,21993
1107,842,3,44,15:57:30,27.804,27804
1107,832,3,45,15:58:10,28.583,28583
1107,844,3,47,16:00:26,21.470,21470
1107,830,3,49,16:02:31,21.641,21641
1107,815,3,50,16:04:07,21.267,21267
1107,840,4,54,16:09:28,21.837,21837
1107,830,4,69,16:25:43,21.328,21328
1108,807,1,7,15:14:17,41.972,41972
1108,852,1,14,15:25:15,28.353,28353
1108,844,1,18,15:31:08,28.244,28244
1108,855,1,24,15:40:56,29.177,29177
1108,832,1,26,15:43:36,28.869,28869
1108,856,1,27,15:45:34,28.242,28242
1108,847,1,28,15:46:37,29.455,29455
1108,815,1,28,15:46:50,28.060,28060
1108,857,1,29,15:48:05,28.655,28655
1108,858,1,29,15:48:37,28.847,28847
1108,842,1,31,15:51:30,28.458,28458
1108,840,1,31,15:51:39,28.561,28561
1108,848,1,32,15:53:10,29.634,29634
1108,844,2,32,15:53:11,28.805,28805
1108,822,1,32,15:53:38,29.662,29662
1108,852,2,32,15:53:48,28.603,28603
1108,856,2,32,15:53:55,28.413,28413
1108,807,2,32,15:54:11,30.003,30003
1108,830,1,33,15:54:29,29.056,29056
1108,846,1,33,15:54:43,28.438,28438
1108,1,1,33,15:54:58,29.169,29169
1108,4,1,33,15:55:09,28.679,28679
1108,855,2,33,15:56:08,28.709,28709
1108,855,3,36,16:02:39,34.374,34374
1109,848,1,8,15:14:47,22.076,22076
1109,840,1,9,15:16:10,21.910,21910
1109,852,1,9,15:16:10,26.170,26170
1109,822,1,9,15:16:11,22.114,22114
1109,855,1,10,15:17:40,29.211,29211
1109,858,1,13,15:21:59,24.001,24001
1109,825,1,14,15:23:24,22.753,22753
1109,832,1,15,15:24:37,21.402,21402
1109,1,1,16,15:25:56,21.974,21974
1109,807,1,16,15:26:11,22.922,22922
1109,846,1,17,15:27:16,21.541,21541
1109,844,1,17,15:27:23,28.404,28404
1109,857,1,18,15:28:39,21.171,21171
1109,817,1,18,15:29:10,21.958,21958
1109,4,1,20,15:31:46,22.916,22916
1109,830,1,23,15:35:32,21.407,21407
1109,815,1,24,15:37:20,21.862,21862
1109,847,1,28,15:43:20,21.886,21886
1109,817,2,29,15:45:13,22.203,22203
1109,848,2,31,15:47:54,21.762,21762
1109,840,2,34,15:52:02,22.403,22403
1109,858,2,34,15:52:24,22.197,22197
1109,807,2,38,15:57:58,21.955,21955
1109,855,2,38,15:58:02,22.853,22853
1109,822,2,40,16:00:39,23.242,23242
1109,825,2,41,16:02:32,22.152,22152
1109,857,2,42,16:02:48,22.030,22030
1109,815,2,42,16:02:51,20.880,20880
1109,844,2,43,16:04:31,21.452,21452
1109,4,2,43,16:04:39,24.152,24152
1109,846,2,44,16:05:28,21.430,21430
1109,832,2,44,16:05:56,22.051,22051
1109,852,2,44,16:06:33,21.181,21181
1109,847,2,46,16:08:49,21.675,21675
1109,1,2,49,16:12:41,21.728,21728
1109,830,2,51,16:14:53,21.680,21680
1110,846,1,5,15:13:27,25.012,25012
1110,825,1,5,15:13:30,23.638,23638
1110,817,1,5,15:13:31,22.843,22843
1110,839,1,6,15:15:23,23.085,23085
1110,822,1,6,15:15:24,23.362,23362
1110,848,1,7,15:17:14,25.015,25015
1110,832,1,7,15:17:20,23.303,23303
1110,855,1,7,15:17:21,24.449,24449
1110,858,1,8,15:19:14,23.570,23570
1110,852,1,9,15:20:59,22.610,22610
1110,4,1,10,15:22:48,23.085,23085
1110,1,1,12,15:26:27,23.090,23090
1110,807,1,12,15:26:56,24.571,24571
1110,815,1,13,15:28:09,23.684,23684
1110,844,1,13,15:28:16,23.224,23224
1110,830,1,14,15:30:04,22.887,22887
1110,846,2,17,15:36:37,23.744,23744
1110,840,1,20,15:42:12,25.397,25397
1110,847,1,22,15:46:00,23.837,23837
1110,817,2,22,15:46:18,23.290,23290
1110,842,1,23,15:48:00,25.664,25664
1110,848,2,23,15:48:02,23.596,23596
1110,852,2,24,15:49:52,22.737,22737
1110,822,2,24,15:50:02,23.786,23786
1110,807,2,24,15:50:04,25.238,25238
1110,858,2,24,15:50:09,23.938,23938
1110,839,2,25,15:51:50,23.339,23339
1110,825,2,25,15:51:55,23.572,23572
1110,855,2,25,15:52:01,24.045,24045
1110,1,2,27,15:55:00,23.023,23023
1110,844,2,28,15:56:48,23.148,23148
1110,815,2,29,15:58:34,22.710,22710
1110,4,2,29,15:59:01,23.798,23798
1110,830,2,30,16:00:16,23.012,23012
1110,848,3,33,16:07:06,23.529,23529
1110,858,3,34,16:09:09,23.109,23109
1110,1,3,42,16:23:05,23.156,23156
1111,815,1,1,15:04:43,22.666,22666
1111,844,1,1,15:04:46,32.686,32686
1111,842,1,1,15:04:47,28.469,28469
1111,855,1,1,15:04:49,23.088,23088
1111,852,1,1,15:04:50,32.321,32321
1111,859,1,1,15:04:53,42.641,42641
1111,825,1,1,15:04:55,31.341,31341
1111,830,1,2,15:06:25,20.379,20379
1111,4,1,2,15:06:26,20.647,20647
1111,832,1,2,15:06:31,20.973,20973
1111,839,1,2,15:06:39,22.534,22534
1111,846,1,3,15:08:18,20.170,20170
1111,1,1,3,15:08:35,20.266,20266
1111,847,1,4,15:10:00,21.201,21201
1111,840,1,4,15:10:16,20.036,20036
1111,825,2,9,15:16:59,20.137,20137
1111,1,2,9,15:17:26,19.970,19970
1111,840,2,9,15:17:44,20.208,20208
1111,855,2,10,15:18:09,20.231,20231
1111,4,2,10,15:18:10,20.109,20109
1111,832,2,10,15:18:16,19.511,19511
1111,852,2,10,15:18:24,18.904,18904
1111,839,2,10,15:18:26,19.795,19795
1111,846,2,10,15:18:33,20.395,20395
1111,859,2,10,15:18:37,30.836,30836
1111,847,2,10,15:18:55,20.148,20148
1111,830,2,11,15:19:24,19.289,19289
1111,842,2,11,15:19:34,19.518,19518
1111,844,2,11,15:19:46,27.202,27202
1111,815,2,12,15:20:46,19.460,19460
1111,857,1,15,15:25:18,18.979,18979
1111,822,1,16,15:27:09,20.187,20187
1111,807,1,16,15:27:10,20.438,20438
1111,847,3,16,15:27:30,19.607,19607
1111,840,3,16,15:27:53,19.653,19653
1111,859,3,17,15:29:22,19.600,19600
1111,840,4,34,15:53:38,19.923,19923
1111,825,3,35,15:54:48,20.510,20510
1111,855,3,37,15:57:19,20.469,20469
1111,832,3,41,16:02:07,19.398,19398
1111,846,3,42,16:03:37,18.878,18878
1111,839,3,43,16:04:50,19.024,19024
1111,848,1,44,16:06:01,19.667,19667
1111,815,3,45,16:06:58,18.789,18789
1111,1,3,45,16:07:26,19.327,19327
1111,842,3,46,16:08:21,25.404,25404
1111,857,2,46,16:08:46,19.120,19120
1111,859,4,46,16:09:09,19.192,19192
1111,822,2,47,16:10:17,20.213,20213
1111,4,3,48,16:10:51,25.147,25147
1111,807,2,48,16:11:31,19.713,19713
1111,830,3,49,16:11:52,18.706,18706
1111,822,3,59,16:25:45,19.735,19735
1111,859,5,59,16:25:48,19.307,19307
1111,815,4,60,16:26:00,27.596,27596
1111,842,4,60,16:26:21,20.417,20417
1111,832,4,60,16:26:22,19.838,19838
1111,1,4,60,16:26:30,20.779,20779
1111,847,4,60,16:26:34,24.019,24019
1111,846,4,60,16:26:35,19.871,19871
1111,857,3,60,16:26:40,22.376,22376
1111,852,3,60,16:26:50,20.602,20602
1111,855,4,60,16:26:53,21.439,21439
1111,840,5,60,16:26:58,21.532,21532
1111,807,3,60,16:26:58,23.582,23582
1111,825,4,60,16:27:09,23.584,23584
1111,830,4,61,16:27:10,19.429,19429
1111,4,4,61,16:27:35,20.655,20655
1111,848,2,61,16:27:57,21.300,21300
1111,839,4,61,16:28:03,22.096,22096
1111,830,5,63,16:30:26,20.402,20402
1111,815,5,63,16:31:04,41:01.612,2461612
1111,846,5,63,16:31:28,40:43.212,2443212
1111,847,5,63,16:31:31,40:46.251,2446251
1111,848,3,63,16:31:37,40:43.475,2443475
1111,857,4,63,16:31:49,40:34.653,2434653
1111,839,5,63,16:31:53,40:32.201,2432201
1111,852,4,63,16:32:13,40:14.895,2414895
1111,840,6,63,16:32:20,40:10.734,2410734
1111,807,4,63,16:32:22,40:10.704,2410704
1111,822,4,63,16:32:29,40:05.113,2405113
1111,859,6,63,16:32:43,39:56.340,2396340
1111,825,5,63,16:32:48,39:54.733,2394733
1111,830,6,64,16:32:50,41:23.382,2483382
1111,4,5,64,16:33:22,40:55.302,2455302
1111,842,5,64,16:33:40,40:43.169,2443169
1111,832,5,64,16:33:44,40:43.147,2443147
1111,1,5,64,16:33:59,40:31.108,2431108
1111,815,6,64,17:13:46,35.592,35592
1111,846,6,64,17:13:49,44.272,44272
1111,847,6,64,17:13:59,39.845,39845
1111,848,4,64,17:14:02,39.234,39234
1111,857,5,64,17:14:06,38.453,38453
1111,839,6,64,17:14:09,37.037,37037
1111,852,5,64,17:14:14,34.901,34901
1111,840,7,64,17:14:17,33.553,33553
1111,807,5,64,17:14:19,32.884,32884
1111,822,5,64,17:14:22,32.518,32518
1111,859,7,64,17:14:27,31.306,31306
1111,825,6,64,17:14:31,30.628,30628
1111,847,7,67,17:20:51,22.379,22379
1112,842,1,10,15:38:07,27.376,27376
1112,855,1,11,15:39:33,24.396,24396
1112,825,1,12,15:41:12,24.660,24660
1112,859,1,13,15:42:27,24.212,24212
1112,807,1,14,15:43:56,26.095,26095
1112,858,1,14,15:43:57,24.779,24779
1112,848,1,15,15:45:13,24.538,24538
1112,832,1,19,15:50:52,25.183,25183
1112,847,1,19,15:50:56,24.215,24215
1112,830,1,20,15:52:13,24.228,24228
1112,844,1,20,15:52:19,23.931,23931
1112,840,1,20,15:52:50,25.667,25667
1112,815,1,21,15:53:46,23.819,23819
1112,4,1,21,15:54:03,24.798,24798
1112,846,1,22,15:55:26,23.727,23727
1112,857,1,23,15:56:53,24.133,24133
1112,839,1,24,15:58:45,24.249,24249
1112,822,1,25,16:00:06,24.658,24658
1112,1,1,27,16:02:46,24.255,24255
1112,842,2,31,16:09:08,24.686,24686
1112,859,2,33,16:11:56,24.281,24281
1112,855,2,33,16:11:58,25.959,25959
1112,825,2,33,16:12:15,24.765,24765
1112,807,2,39,16:20:52,24.328,24328
1112,857,2,41,16:23:21,31.799,31799
1113,855,1,2,20:07:21,30.032,30032
1113,858,1,19,20:36:42,1:03.543,63543
1113,832,1,20,20:37:19,29.499,29499
1113,844,1,20,20:37:28,32.888,32888
1113,847,1,20,20:37:29,29.976,29976
1113,846,1,20,20:37:31,29.485,29485
1113,1,1,20,20:37:33,32.631,32631
1113,4,1,20,20:37:39,30.670,30670
1113,839,1,20,20:37:43,29.755,29755
1113,825,1,20,20:37:50,31.475,31475
1113,807,1,20,20:37:53,35.497,35497
1113,842,1,20,20:37:54,31.802,31802
1113,859,1,20,20:37:55,32.348,32348
1113,857,1,20,20:37:58,29.369,29369
1113,848,1,20,20:37:59,30.138,30138
1113,855,2,20,20:38:30,30.637,30637
1113,815,1,39,21:11:53,28.977,28977
1113,830,1,40,21:13:21,29.698,29698
1113,822,1,40,21:13:47,30.487,30487
1113,848,2,43,21:18:51,29.787,29787
1113,825,2,43,21:19:04,33.078,33078
1113,858,2,43,21:19:17,31.018,31018
1113,847,2,44,21:20:21,30.039,30039
1113,1,2,44,21:20:24,33.581,33581
1113,4,2,44,21:20:59,52.708,52708
1114,848,1,1,14:06:29,50.143,50143
1114,855,1,1,14:06:34,41.041,41041
1114,839,1,1,14:06:45,27.056,27056
1114,822,1,1,14:06:58,55.802,55802
1114,815,1,2,14:08:56,32.450,32450
1114,858,1,2,14:09:11,32.715,32715
1114,858,2,5,14:16:24,43.868,43868
1114,822,2,6,14:18:28,53.512,53512
1114,807,1,8,14:21:18,23.520,23520
1114,852,1,9,14:22:56,22.944,22944
1114,859,1,10,14:24:35,23.136,23136
1114,855,2,10,14:24:44,24.091,24091
1114,4,1,11,14:26:10,24.086,24086
1114,815,2,12,14:28:22,41.499,41499
1114,825,1,12,14:28:23,23.816,23816
1114,857,1,13,14:29:24,24.455,24455
1114,848,2,13,14:29:58,52.165,52165
1114,840,1,14,14:31:37,23.441,23441
1114,815,3,13,14:31:50,41:25.913,2485913
1114,830,1,16,14:34:31,24.382,24382
1114,1,1,16,14:34:49,24.841,24841
1114,846,1,17,14:36:20,23.523,23523
1114,844,1,17,14:36:23,23.197,23197
1114,832,1,18,14:38:04,23.075,23075
1114,842,1,18,14:38:20,24.488,24488
1114,807,2,21,14:43:39,23.660,23660
1114,858,3,21,14:44:16,35.182,35182
1114,847,1,24,14:48:05,24.034,24034
1114,4,2,25,14:50:07,24.294,24294
1114,859,2,25,14:50:20,23.671,23671
1114,839,2,28,14:55:08,23.789,23789
1114,855,3,29,14:57:06,24.116,24116
1114,852,2,30,14:58:41,23.327,23327
1114,825,2,31,15:00:39,23.858,23858
1114,844,2,34,15:04:38,22.926,22926
1114,1,2,34,15:04:43,23.631,23631
1114,842,2,34,15:05:03,24.651,24651
1114,857,2,35,15:06:11,23.198,23198
1114,846,2,36,15:07:43,23.182,23182
1114,830,2,37,15:09:05,23.696,23696
1114,807,3,37,15:10:23,23.338,23338
1114,832,2,38,15:11:15,23.374,23374
1114,815,4,14,15:14:59,30.651,30651
1115,847,1,1,20:05:46,39.686,39686
1115,822,1,3,20:10:22,29.977,29977
1115,825,1,3,20:10:26,28.743,28743
1115,840,1,3,20:10:27,28.886,28886
1115,859,1,3,20:10:28,29.330,29330
1115,852,1,9,20:20:28,27.781,27781
1115,839,1,10,20:21:53,28.961,28961
1115,4,1,11,20:23:19,28.373,28373
1115,842,1,11,20:23:25,28.429,28429
1115,857,1,12,20:24:45,28.875,28875
1115,844,1,12,20:24:49,28.228,28228
1115,846,1,13,20:26:21,28.134,28134
1115,807,1,13,20:26:32,39.879,39879
1115,858,1,13,20:26:35,29.436,29436
1115,847,2,14,20:27:57,28.542,28542
1115,830,1,17,20:32:05,28.233,28233
1115,815,1,17,20:32:32,27.808,27808
1115,848,1,18,20:33:58,29.253,29253
1115,855,1,18,20:34:06,28.984,28984
1115,822,2,21,20:38:42,29.387,29387
1115,840,2,21,20:38:45,28.156,28156
1115,825,2,21,20:38:52,28.948,28948
1115,859,2,21,20:38:54,28.665,28665
1115,852,2,22,20:40:25,27.596,27596
1115,857,2,25,20:44:26,27.868,27868
1115,844,2,25,20:44:40,27.873,27873
1115,839,2,25,20:44:42,28.969,28969
1115,4,2,26,20:46:01,28.432,28432
1115,842,2,26,20:46:12,30.192,30192
1115,858,2,26,20:46:27,29.373,29373
1115,846,2,27,20:47:29,27.611,27611
1115,807,2,27,20:47:58,28.274,28274
1115,815,2,31,20:53:34,33.246,33246
1115,848,2,31,20:53:43,28.747,28747
1115,847,3,32,20:54:52,28.314,28314
1115,830,2,34,20:57:24,28.103,28103
1115,855,2,35,20:59:41,28.854,28854
1115,822,3,39,21:05:42,28.946,28946
1115,840,3,39,21:05:45,29.399,29399
1115,825,3,39,21:05:53,30.331,30331
1115,859,3,39,21:06:05,28.171,28171
1115,807,3,39,21:06:08,28.591,28591
1115,852,3,40,21:07:30,27.809,27809
1115,857,3,43,21:10:55,27.489,27489
1115,844,3,43,21:11:17,27.513,27513
1115,839,3,43,21:11:27,29.169,29169
1115,815,3,43,21:11:35,33.165,33165
1115,846,3,44,21:12:24,27.677,27677
1115,4,3,44,21:12:50,28.393,28393
1115,842,3,44,21:12:58,34.856,34856
1115,848,3,44,21:13:12,28.981,28981
1115,847,4,50,21:21:11,28.191,28191
1115,830,3,51,21:22:13,29.726,29726
1115,855,3,52,21:24:48,28.815,28815
1116,822,2,28,14:52:29,25.020,25020
1116,848,2,29,14:54:08,24.354,24354
1116,825,2,29,14:54:24,24.745,24745
1116,1,1,20,14:37:53,24.916,24916
1116,840,1,20,14:38:28,24.457,24457
1116,847,1,21,14:39:49,24.357,24357
1116,848,1,10,14:21:07,24.563,24563
1116,822,1,10,14:21:09,24.783,24783
1116,825,1,10,14:21:11,25.067,25067
1116,858,1,11,14:22:55,24.990,24990
1116,830,1,16,14:31:06,23.756,23756
1116,846,1,17,14:32:42,24.155,24155
1116,832,1,17,14:32:54,23.668,23668
1116,815,1,17,14:32:58,24.245,24245
1116,852,1,17,14:33:06,24.354,24354
1116,842,1,18,14:34:46,23.900,23900
1116,4,1,19,14:36:41,25.055,25055
1116,807,1,19,14:36:48,26.573,26573
1116,855,1,9,14:19:22,25.636,25636
1116,855,2,27,14:50:48,24.717,24717
1116,832,2,35,15:03:42,23.673,23673
1116,830,2,35,15:03:31,24.974,24974
1116,807,2,34,15:02:47,24.308,24308
1116,858,2,32,14:59:24,25.547,25547
1116,846,2,34,15:01:53,23.361,23361
1116,852,2,34,15:02:26,24.125,24125
1116,817,1,23,14:43:10,23.963,23963
1116,815,2,37,15:07:07,23.747,23747
1116,842,2,37,15:07:28,24.880,24880
1116,1,2,38,15:08:41,24.648,24648
1116,847,2,39,15:10:47,23.969,23969
1116,840,2,40,15:12:45,23.955,23955
1116,4,2,42,15:16:00,24.823,24823
1116,817,2,47,15:25:15,26.513,26513
1116,852,3,54,15:36:35,23.472,23472
1116,844,1,23,14:43:10,23.963,23963
1117,852,1,9,14:16:34,30.121,30121
1117,846,1,11,14:19:23,23.408,23408
1117,830,1,19,14:30:10,22.427,22427
1117,855,1,21,14:33:34,22.817,22817
1117,858,1,22,14:35:03,23.945,23945
1117,807,1,23,14:36:19,23.144,23144
1117,825,1,23,14:36:27,23.642,23642
1117,1,1,24,14:37:21,22.210,22210
1117,857,1,25,14:38:53,23.734,23734
1117,847,1,26,14:40:18,22.311,22311
1117,817,1,27,14:41:39,22.406,22406
1117,842,1,28,14:43:24,22.627,22627
1117,4,1,29,14:45:06,22.844,22844
1117,832,1,30,14:45:46,22.067,22067
1117,840,1,30,14:46:28,22.582,22582
1117,844,1,31,14:47:01,22.248,22248
1117,822,1,31,14:47:48,23.638,23638
1117,830,2,33,14:50:02,22.372,22372
1117,846,2,33,14:50:50,22.563,22563
1117,848,1,33,14:50:54,23.680,23680
1117,830,3,34,14:52:56,20:09.136,1209136
1117,844,2,34,14:52:57,20:10.512,1210512
1117,1,2,34,14:52:59,20:12.908,1212908
1117,832,2,34,14:53:00,20:15.432,1215432
1117,817,2,34,14:53:02,20:17.136,1217136
1117,857,2,34,14:53:04,20:19.064,1219064
1117,847,2,34,14:53:10,20:18.200,1218200
1117,852,2,34,14:53:13,20:18.057,1218057
1117,807,2,34,14:53:15,20:19.826,1219826
1117,846,3,34,14:53:17,20:26.386,1226386
1117,842,2,34,14:53:20,20:25.698,1225698
1117,848,2,34,14:53:22,20:27.980,1227980
1117,855,2,34,14:53:24,20:29.539,1229539
1117,839,1,34,14:53:30,20:26.296,1226296
1117,858,2,34,14:53:33,20:27.718,1227718
1117,822,2,34,14:53:35,20:29.349,1229349
1117,840,2,34,14:53:38,20:29.686,1229686
1117,4,2,34,14:53:42,20:29.837,1229837
1118,830,1,1,14:05:19,18.535,18535
1118,846,1,1,14:05:21,19.386,19386
1118,1,1,1,14:05:24,18.521,18521
1118,4,1,1,14:05:26,18.487,18487
1118,840,1,1,14:05:28,18.504,18504
1118,847,1,1,14:05:30,20.449,20449
1118,815,1,1,14:05:32,20.811,20811
1118,832,1,1,14:05:33,23.030,23030
1118,839,1,1,14:05:35,22.209,22209
1118,857,1,1,14:05:36,26:24.007,1584007
1118,852,1,1,14:05:39,20.969,20969
1118,842,1,1,14:05:40,20.523,20523
1118,822,1,1,14:05:41,20.732,20732
1118,855,1,1,14:05:45,21.256,21256
1118,858,1,1,14:05:46,27.472,27472
1118,817,1,1,14:05:47,26:16.725,1576725
1118,807,1,1,14:05:49,34.261,34261
1118,830,2,2,14:07:42,23:22.632,1402632
1118,846,2,2,14:07:44,23:24.611,1404611
1118,1,2,2,14:07:46,23:26.375,1406375
1118,4,2,2,14:07:47,23:28.154,1408154
1118,840,2,2,14:07:50,23:29.984,1409984
1118,847,2,2,14:07:53,23:30.984,1410984
1118,815,2,2,14:07:55,23:31.712,1411712
1118,832,2,2,14:07:57,23:33.704,1413704
1118,839,2,2,14:07:59,23:34.725,1414725
1118,852,2,2,14:08:02,23:35.420,1415420
1118,842,2,2,14:08:04,23:36.706,1416706
1118,822,2,2,14:08:05,23:38.156,1418156
1118,855,2,2,14:08:09,23:39.945,1419945
1118,858,2,2,14:08:10,23:41.207,1421207
1118,807,2,2,14:08:14,23:41.069,1421069
1118,857,2,2,14:33:41,38.489,38489
1118,817,2,2,14:33:47,32.770,32770
1118,839,3,14,14:48:20,24.037,24037
1118,855,3,15,14:49:40,23.953,23953
1118,858,3,17,14:52:18,24.367,24367
1118,1,3,18,14:53:23,23.571,23571
1118,822,3,18,14:53:31,24.077,24077
1118,847,3,19,14:54:41,23.730,23730
1118,815,3,20,14:55:57,23.164,23164
1118,807,3,21,14:57:33,24.401,24401
1118,840,3,22,14:58:34,23.558,23558
1118,4,3,25,15:02:12,24.204,24204
1118,857,3,24,15:02:38,23.536,23536
1118,832,3,26,15:03:43,23.557,23557
1118,842,3,26,15:03:46,25.295,25295
1118,852,3,26,15:03:48,27.114,27114
1118,830,3,27,15:04:35,22.994,22994
1118,846,3,27,15:04:39,23.806,23806
1118,817,3,26,15:05:07,23.955,23955
1118,839,4,31,15:10:28,24.406,24406
1118,858,4,44,15:27:16,24.137,24137
1118,847,4,45,15:28:17,23.962,23962
1118,815,4,46,15:29:13,23.522,23522
1118,1,4,46,15:29:28,24.074,24074
1118,842,4,46,15:29:32,23.583,23583
1118,807,4,46,15:30:00,23.841,23841
1118,4,4,47,15:30:25,23.830,23830
1118,832,4,51,15:35:44,23.704,23704
1118,839,5,51,15:36:12,23.599,23599
1118,840,4,52,15:36:55,25.294,25294
1118,857,4,52,15:38:37,23.338,23338
1118,852,4,55,15:41:00,23.453,23453
1118,830,4,56,15:41:21,23.397,23397
1118,817,4,55,15:42:16,23.508,23508
1118,846,4,59,15:45:16,23.664,23664
1119,815,1,1,22:06:05,33.599,33599
1119,4,1,1,22:06:26,29.304,29304
1119,822,1,1,22:06:30,43.914,43914
1119,840,1,3,22:10:06,22.222,22222
1119,832,1,3,22:10:19,21.261,21261
1119,852,1,10,22:25:26,20.619,20619
1119,807,1,12,22:28:45,22.154,22154
1119,825,1,14,22:32:02,21.611,21611
1119,847,1,15,22:33:29,21.257,21257
1119,858,1,15,22:33:40,21.367,21367
1119,830,1,16,22:35:04,26.686,26686
1119,848,1,16,22:35:17,21.242,21242
1119,857,1,16,22:35:19,23.269,23269
1119,842,1,17,22:36:53,22.262,22262
1119,1,1,17,22:37:11,25.047,25047
1119,817,1,17,22:37:13,22.242,22242
1119,839,1,20,22:41:58,21.763,21763
1119,844,1,21,22:43:18,22.559,22559
1119,852,2,21,22:44:16,20.894,20894
1119,822,2,24,22:49:10,21.575,21575
1119,815,2,26,22:51:52,21.568,21568
1119,840,2,26,22:52:07,22.570,22570
1119,830,2,26,22:52:08,21.323,21323
1119,847,2,26,22:52:11,21.952,21952
1119,832,2,26,22:52:13,22.630,22630
1119,4,2,26,22:52:17,23.214,23214
1119,855,1,26,22:52:26,22.155,22155
1119,825,2,26,22:52:38,21.868,21868
1119,807,2,26,22:52:42,25.453,25453
1119,1,2,26,22:52:49,22.508,22508
1119,857,2,43,23:22:11,20.535,20535
1120,825,1,5,17:11:16,22.764,22764
1120,817,1,7,17:14:15,21.692,21692
1120,4,1,12,17:21:44,22.462,22462
1120,857,1,13,17:23:13,21.697,21697
1120,807,1,13,17:23:25,21.861,21861
1120,855,1,13,17:23:27,22.867,22867
1120,846,1,14,17:24:40,24.061,24061
1120,847,1,14,17:24:42,21.650,21650
1120,1,1,15,17:26:21,22.195,22195
1120,839,1,15,17:26:22,22.160,22160
1120,858,1,15,17:26:35,22.124,22124
1120,830,1,16,17:27:36,21.662,21662
1120,848,1,16,17:28:04,22.170,22170
1120,844,1,17,17:29:09,21.919,21919
1120,815,1,17,17:29:21,21.446,21446
1120,842,1,17,17:29:26,23.091,23091
1120,852,1,22,17:36:54,21.486,21486
1120,840,1,22,17:36:59,21.866,21866
1120,825,2,22,17:37:30,22.163,22163
1120,832,1,23,17:38:36,21.229,21229
1120,822,1,29,17:48:01,22.665,22665
1120,817,2,31,17:50:51,21.740,21740
1120,842,2,32,17:52:26,23.478,23478
1120,846,2,33,17:53:31,21.432,21432
1120,807,2,33,17:54:04,22.081,22081
1120,847,2,34,17:54:57,22.084,22084
1120,844,2,35,17:56:25,21.246,21246
1120,1,2,35,17:56:42,22.045,22045
1120,857,2,36,17:58:08,21.156,21156
1120,4,2,36,17:58:11,21.841,21841
1120,855,2,37,18:00:12,22.345,22345
1120,858,2,41,18:06:20,21.880,21880
1120,815,2,42,18:06:56,21.274,21274
1120,840,2,42,18:07:20,21.667,21667
1120,830,2,43,18:08:09,21.275,21275
1120,848,2,43,18:09:09,21.919,21919
1120,832,2,56,18:28:24,21.564,21564
1121,807,1,1,18:05:33,36.604,36604
1121,855,1,9,18:18:39,25.208,25208
1121,840,1,9,18:18:42,24.418,24418
1121,839,1,10,18:20:20,24.877,24877
1121,858,1,10,18:21:19,35.729,35729
1121,847,1,11,18:21:38,24.778,24778
1121,844,1,11,18:21:41,24.069,24069
1121,825,1,11,18:21:55,25.951,25951
1121,815,1,12,18:23:16,24.516,24516
1122,830,1,7,20:15:25,20.607,20607
1121,1,1,12,18:23:26,25.087,25087
1121,842,1,12,18:23:38,29.980,29980
1121,822,1,12,18:23:42,26.420,26420
1122,815,1,7,20:15:30,22.196,22196
1121,817,1,13,18:25:17,24.988,24988
1121,832,1,14,18:26:32,24.474,24474
1121,852,1,14,18:26:47,24.724,24724
1121,4,1,15,18:28:24,24.786,24786
1121,848,1,15,18:28:29,24.681,24681
1121,830,1,17,18:31:12,25.064,25064
1121,807,2,20,18:37:08,24.768,24768
1121,840,2,27,18:48:25,24.545,24545
1121,855,2,28,18:49:59,25.094,25094
1121,858,2,28,18:51:33,25.070,25070
1121,839,2,30,18:53:30,25.145,25145
1121,822,2,30,18:53:32,1:14.773,74773
1121,847,2,31,18:54:21,24.866,24866
1121,842,2,31,18:55:10,26.462,26462
1121,825,2,32,18:56:37,24.446,24446
1122,844,1,7,20:15:31,23.419,23419
1121,1,2,33,18:57:45,24.094,24094
1121,844,2,34,18:59:13,24.136,24136
1122,857,1,7,20:15:36,21.427,21427
1121,852,2,34,18:59:47,24.324,24324
1121,832,2,35,19:00:38,23.866,23866
1121,817,2,35,19:01:34,24.856,24856
1121,815,2,36,19:02:12,24.563,24563
1121,848,2,36,19:03:09,24.610,24610
1121,830,2,37,19:03:29,24.209,24209
1121,4,2,41,19:10:58,25.109,25109
1121,858,3,40,19:11:22,25.346,25346
1121,807,3,41,19:11:29,24.387,24387
1121,842,3,43,19:14:55,25.240,25240
1121,857,1,12,18:23:24,25.450,25450
1121,846,1,13,18:25:00,24.205,24205
1121,846,2,33,18:57:39,24.705,24705
1121,857,2,34,18:59:20,24.852,24852
1122,4,1,7,20:15:37,22.129,22129
1122,847,1,7,20:15:42,21.013,21013
1122,852,1,7,20:15:51,21.694,21694
1122,860,1,7,20:15:51,22.457,22457
1122,825,1,7,20:15:53,21.460,21460
1122,848,1,7,20:15:53,21.723,21723
1122,817,1,7,20:15:57,1:03.364,63364
1122,839,1,7,20:15:59,22.502,22502
1122,822,1,7,20:16:00,22.795,22795
1122,858,1,7,20:16:01,23.645,23645
1122,807,1,33,20:59:21,21.035,21035
1122,822,2,35,21:02:58,23.281,23281
1122,1,1,36,21:03:38,20.170,20170
1123,817,1,5,15:10:25,18.265,18265
1122,855,1,41,21:12:03,46.381,46381
1122,846,1,37,21:05:08,22.211,22211
1123,848,1,6,15:11:45,17.755,17755
1123,855,1,6,15:11:49,19.032,19032
1123,1,1,7,15:13:04,17.596,17596
1123,825,1,7,15:13:08,18.301,18301
1123,847,1,8,15:14:23,18.046,18046
1123,840,1,8,15:14:26,17.901,17901
1123,822,1,8,15:14:30,46.969,46969
1123,844,1,9,15:15:42,17.409,17409
1123,857,1,9,15:15:43,17.573,17573
1123,852,1,9,15:15:50,18.523,18523
1123,839,1,9,15:15:55,18.287,18287
1123,846,1,14,15:22:37,17.776,17776
1123,815,1,14,15:22:45,18.112,18112
1123,832,1,16,15:25:14,17.599,17599
1123,839,2,16,15:25:58,30.626,30626
1123,4,1,17,15:27:06,18.160,18160
1123,807,1,17,15:27:28,18.320,18320
1123,842,1,17,15:27:32,20.316,20316
1123,848,2,27,15:41:35,17.745,17745
1123,817,2,29,15:44:29,17.751,17751
1123,825,2,33,15:49:58,18.151,18151
1123,844,2,34,15:50:35,17.308,17308
1123,815,2,35,15:52:18,17.222,17222
1123,807,2,35,15:52:40,18.145,18145
1123,855,2,35,15:52:50,36.866,36866
1123,852,2,36,15:53:59,17.535,17535
1123,822,2,36,15:54:30,18.938,18938
1123,840,2,37,15:55:19,17.977,17977
1123,857,2,39,15:57:32,18.533,18533
1123,846,2,40,15:58:46,17.653,17653
1123,832,2,41,15:59:57,17.740,17740
1123,4,2,41,16:00:37,17.995,17995
1123,842,2,41,16:01:21,17.682,17682
1123,839,3,42,16:02:51,18.007,18007
1123,847,2,45,16:06:07,17.964,17964
1124,830,1,1,14:05:50,26:15.603,1575603
1124,815,1,1,14:05:52,26:17.661,1577661
1124,846,1,1,14:05:54,26:20.116,1580116
1124,832,1,1,14:05:57,26:20.097,1580097
1124,4,1,1,14:06:00,26:20.924,1580924
1124,857,1,1,14:06:03,26:20.204,1580204
1124,1,1,1,14:06:12,26:20.696,1580696
1124,844,1,1,14:06:13,26:23.333,1583333
1124,847,1,1,14:06:18,26:21.238,1581238
1124,807,1,1,14:06:21,26:20.886,1580886
1124,822,1,1,14:06:22,26:22.542,1582542
1124,852,1,1,14:06:25,26:24.553,1584553
1124,839,1,1,14:06:28,26:26.095,1586095
1124,842,1,1,14:06:30,26:26.793,1586793
1124,840,1,1,14:06:35,26:25.911,1585911
1124,825,1,1,14:06:40,26:24.630,1584630
1124,858,1,1,14:06:43,26:25.267,1585267
1124,855,1,1,14:06:50,26:22.912,1582912
1124,807,2,5,14:40:46,23.622,23622
1124,822,2,6,14:42:21,24.824,24824
1124,852,2,7,14:43:59,23.358,23358
1124,855,2,7,14:44:07,23.910,23910
1124,846,2,11,14:50:21,23.049,23049
1124,855,3,11,14:51:01,26.653,26653
1124,857,2,12,14:52:06,23.420,23420
1124,840,2,12,14:52:17,23.358,23358
1124,4,2,13,14:53:43,22.998,22998
1124,815,2,15,14:56:51,22.990,22990
1124,832,2,15,14:56:55,23.136,23136
1124,830,2,16,14:58:23,23.177,23177
1124,842,2,16,14:59:18,23.844,23844
1124,839,2,19,15:04:11,23.394,23394
1124,847,2,22,15:08:39,23.577,23577
1124,825,2,22,15:09:03,26.198,26198
1124,822,3,22,15:09:04,25.946,25946
1124,858,2,22,15:09:04,25.530,25530
1124,852,3,22,15:09:05,23.486,23486
1124,840,3,22,15:09:06,23.238,23238
1124,1,2,23,15:10:21,23.333,23333
1124,844,2,26,15:15:01,23.285,23285
1124,846,3,26,15:15:02,23.232,23232
1124,857,3,32,15:25:00,22.848,22848
1124,842,3,32,15:26:03,23.102,23102
1124,815,3,33,15:26:18,22.956,22956
1124,4,3,33,15:26:33,23.157,23157
1124,807,3,33,15:27:22,23.993,23993
1124,839,3,33,15:27:33,24.181,24181
1124,830,3,34,15:27:43,23.234,23234
1124,840,4,34,15:28:58,22.911,22911
1124,858,3,34,15:29:04,24.220,24220
1124,832,3,36,15:31:14,23.591,23591
1124,847,3,37,15:33:07,22.991,22991
1124,1,3,39,15:36:25,23.956,23956
1124,858,4,41,15:41:24,23.287,23287
1125,807,1,8,15:17:30,23.004,23004
1125,852,1,8,15:17:35,23.160,23160
1125,855,1,8,15:17:39,23.362,23362
1125,840,1,9,15:19:10,23.823,23823
1125,822,1,9,15:19:12,22.949,22949
1125,839,1,9,15:19:14,23.156,23156
1125,848,1,9,15:19:15,23.273,23273
1125,1,1,9,15:19:19,22.518,22518
1125,4,1,11,15:22:28,23.049,23049
1125,847,1,11,15:22:32,22.415,22415
1125,842,1,11,15:22:43,39.712,39712
1125,858,1,12,15:24:34,23.229,23229
1125,830,1,13,15:25:33,22.456,22456
1125,815,1,13,15:25:43,22.027,22027
1125,817,1,14,15:27:53,22.598,22598
1125,857,1,16,15:31:03,22.673,22673
1125,832,1,17,15:32:49,22.629,22629
1125,825,1,17,15:33:13,22.974,22974
1125,844,1,21,15:39:34,22.360,22360
1125,840,2,21,15:40:07,22.911,22911
1125,1,2,21,15:40:23,22.662,22662
1125,846,1,22,15:41:37,22.161,22161
1125,830,2,23,15:43:44,22.270,22270
1125,815,2,23,15:44:03,22.371,22371
1125,4,2,23,15:44:21,22.687,22687
1125,847,2,23,15:44:25,22.707,22707
1125,807,2,23,15:44:41,23.336,23336
1125,839,2,23,15:44:48,23.208,23208
1125,852,2,23,15:44:54,22.387,22387
1125,848,2,23,15:44:57,23.600,23600
1125,855,2,23,15:45:02,25.610,25610
1125,842,2,23,15:45:12,23.987,23987
1125,857,2,24,15:46:41,22.262,22262
1125,858,2,24,15:47:14,22.684,22684
1125,840,3,26,15:51:46,1:33.274,93274
1125,825,2,27,15:54:22,25.727,25727
1125,840,4,35,16:10:09,34.777,34777
1125,842,3,38,16:15:11,22.836,22836
1125,855,3,40,16:18:35,23.252,23252
1125,4,3,43,16:23:18,23.179,23179
1126,848,1,10,16:19:16,22.828,22828
1126,840,1,11,16:20:48,23.038,23038
1126,858,1,11,16:20:52,22.611,22611
1126,822,1,11,16:20:55,23.730,23730
1126,807,1,12,16:22:21,23.055,23055
1126,842,1,12,16:22:22,22.466,22466
1126,815,1,17,16:29:57,21.695,21695
1126,844,1,19,16:32:56,21.825,21825
1126,839,1,22,16:38:08,22.663,22663
1126,4,1,22,16:38:11,22.374,22374
1126,825,1,22,16:38:18,23.265,23265
1126,830,1,23,16:39:17,22.187,22187
1126,847,1,24,16:41:18,22.800,22800
1126,1,1,26,16:44:23,22.107,22107
1126,857,1,27,16:45:31,22.216,22216
1126,832,1,27,16:45:33,22.805,22805
1126,815,2,28,16:47:40,22.396,22396
1126,852,1,28,16:47:44,22.153,22153
1126,855,1,28,16:48:01,23.017,23017
1126,817,1,28,16:48:05,22.540,22540
1126,807,2,28,16:48:13,22.487,22487
1126,840,2,28,16:48:15,22.631,22631
1126,825,2,28,16:48:47,29.727,29727
1126,846,1,29,16:49:15,22.041,22041
1126,822,2,29,16:50:34,22.765,22765
1126,825,3,31,16:54:36,30.732,30732
1126,857,2,40,17:08:34,30.409,30409
1126,848,2,53,17:29:03,22.567,22567
1127,4,1,7,15:13:08,31.368,31368
1127,848,1,8,15:14:25,30.050,30050
1127,842,1,8,15:14:26,30.081,30081
1127,822,1,8,15:14:28,30.240,30240
1127,848,2,9,15:17:08,33.179,33179
1127,817,1,11,15:18:29,30.068,30068
1127,852,1,12,15:19:49,29.628,29628
1127,807,1,13,15:21:11,29.749,29749
1127,847,1,21,15:31:57,29.664,29664
1127,846,1,22,15:33:08,29.956,29956
1127,857,1,23,15:34:37,29.770,29770
1127,830,1,24,15:35:46,30.416,30416
1127,848,3,23,15:36:52,38.413,38413
1127,844,1,25,15:37:15,30.149,30149
1127,839,1,25,15:37:56,30.659,30659
1127,832,1,27,15:40:03,30.508,30508
1127,1,1,27,15:40:14,29.547,29547
1127,848,4,28,15:44:25,31.131,31131
1127,842,2,30,15:45:06,30.654,30654
1127,858,1,31,15:46:28,31.085,31085
1127,855,1,33,15:49:09,30.244,30244
1127,815,1,37,15:54:16,29.669,29669
1127,840,1,37,15:54:22,29.971,29971
1127,825,1,37,15:54:36,31.302,31302
1127,4,2,40,15:59:03,30.483,30483
1127,847,2,52,16:14:22,29.605,29605
1127,4,3,59,16:25:23,29.931,29931
1129,825,1,7,14:14:25,30.472,30472
1129,807,1,12,14:22:33,24.233,24233
1129,855,1,24,14:40:42,25.598,25598
1129,830,1,25,14:40:52,24.306,24306
1129,847,1,25,14:40:52,24.044,24044
1129,857,1,25,14:40:53,23.977,23977
1129,4,1,25,14:41:12,25.788,25788
1129,1,1,25,14:41:13,23.762,23762
1129,840,1,25,14:41:47,24.284,24284
1129,848,1,25,14:41:54,24.753,24753
1129,844,1,25,14:41:58,24.031,24031
1129,832,1,25,14:42:01,27.626,27626
1129,825,2,25,14:42:03,26.794,26794
1129,842,1,25,14:42:06,24.911,24911
1129,815,1,25,14:42:09,33.762,33762
1129,807,2,25,14:42:21,24.668,24668
1129,846,1,26,14:42:44,23.423,23423
1129,817,1,26,14:43:37,30.298,30298
1129,844,2,28,14:47:31,47.186,47186
1129,844,3,31,14:53:31,24.629,24629
1129,842,2,40,15:05:55,24.408,24408
1129,825,3,41,15:07:24,24.833,24833
1129,822,1,42,15:08:45,24.929,24929
1129,1,2,43,15:09:46,24.226,24226
1129,817,2,43,15:10:10,23.860,23860
1129,832,2,43,15:10:12,24.125,24125
1129,815,2,43,15:10:12,24.423,24423
1129,857,2,44,15:11:10,23.476,23476
1129,4,2,44,15:11:23,24.346,24346
1129,852,1,44,15:11:26,25.569,25569
1129,840,2,44,15:11:30,25.025,25025
1129,839,1,44,15:11:32,24.495,24495
1129,848,2,44,15:11:34,24.804,24804
1129,807,3,44,15:11:43,24.751,24751
1129,855,2,44,15:11:53,1:05.564,65564
1129,830,2,45,15:12:29,24.246,24246
1129,847,2,45,15:12:31,25.431,25431
1129,846,2,47,15:15:19,23.983,23983
1129,855,3,52,15:25:02,28.375,28375
1129,847,3,54,15:25:19,28.157,28157
1129,1,3,54,15:25:24,28.817,28817
1129,825,4,54,15:26:25,26.845,26845
1128,844,1,1,15:04:50,39:18.026,2358026
1128,857,1,1,15:04:52,39:17.645,2357645
1128,846,1,1,15:04:54,39:25.538,2365538
1128,847,1,1,15:04:56,39:29.363,2369363
1128,830,1,1,15:04:57,39:32.670,2372670
1128,1,1,1,15:05:00,39:35.369,2375369
1128,852,1,1,15:05:02,39:37.564,2377564
1128,848,1,1,15:05:05,39:41.390,2381390
1128,842,1,1,15:05:07,39:41.893,2381893
1128,840,1,1,15:05:10,39:43.588,2383588
1128,817,1,1,15:05:13,39:45.823,2385823
1128,4,1,1,15:05:15,39:49.467,2389467
1128,858,1,1,15:05:16,39:51.600,2391600
1128,822,1,1,15:05:19,39:54.053,2394053
1128,832,1,1,15:05:27,38:47.072,2327072
1128,855,1,1,15:05:31,39:46.414,2386414
1128,822,2,15,16:04:57,24.239,24239
1128,840,2,42,16:41:05,24.132,24132
1128,840,3,48,16:49:27,28.211,28211
1128,1,2,51,16:52:10,24.232,24232
1128,830,2,52,16:53:26,23.813,23813
1128,858,2,57,17:01:43,24.384,24384
1128,855,2,70,17:19:04,24.367,24367
1130,855,1,9,15:15:47,22.523,22523
1130,852,1,9,15:15:48,22.064,22064
1130,825,1,10,15:17:08,23.360,23360
1130,822,1,11,15:18:28,22.744,22744
1130,807,1,12,15:19:44,22.722,22722
1130,839,1,13,15:21:03,21.834,21834
1130,815,1,13,15:21:05,22.181,22181
1130,842,1,14,15:22:19,26.097,26097
1130,858,1,14,15:22:45,22.401,22401
1130,847,1,15,15:23:33,25.023,25023
1130,832,1,15,15:23:36,22.194,22194
1130,1,1,16,15:24:57,21.840,21840
1130,817,1,16,15:25:24,22.364,22364
1130,830,1,17,15:26:11,21.544,21544
1130,840,1,17,15:26:39,21.880,21880
1130,848,1,18,15:28:15,23.248,23248
1130,4,1,19,15:29:25,21.957,21957
1130,857,1,21,15:31:54,22.224,22224
1130,846,1,23,15:34:21,21.618,21618
1130,844,1,24,15:35:49,22.260,22260
1130,852,2,27,15:40:44,22.084,22084
1130,822,2,28,15:41:58,22.963,22963
1130,825,2,29,15:43:22,28.967,28967
1130,815,2,31,15:45:43,21.464,21464
1130,858,2,34,15:50:28,22.506,22506
1130,847,2,36,15:52:01,22.700,22700
1130,832,2,36,15:52:05,22.249,22249
1130,839,2,37,15:53:54,21.921,21921
1130,840,2,37,15:54:06,23.381,23381
1130,842,2,38,15:55:06,21.687,21687
1130,807,2,38,15:55:17,22.518,22518
1130,855,2,41,15:59:31,24.253,24253
1130,817,2,42,16:01:01,22.108,22108
1130,1,2,43,16:01:21,21.603,21603
1130,830,2,44,16:02:29,22.340,22340
1130,848,2,43,16:02:33,21.892,21892
1130,852,3,44,16:04:06,22.564,22564
1130,4,2,45,16:04:54,22.571,22571
1130,857,2,46,16:05:37,22.420,22420
1130,846,2,47,16:06:31,22.631,22631
1130,844,2,47,16:06:44,21.624,21624
1130,815,3,49,16:09:52,21.472,21472
1131,844,1,1,15:04:20,31.917,31917
1131,858,1,1,15:04:23,31.722,31722
1131,825,1,10,15:15:02,21.518,21518
1131,817,1,10,15:15:04,21.502,21502
1131,807,1,11,15:16:12,22.355,22355
1131,4,1,11,15:16:18,21.483,21483
1131,848,1,12,15:17:30,21.878,21878
1131,844,2,16,15:22:38,21.685,21685
1131,839,1,19,15:25:51,22.291,22291
1131,822,1,19,15:26:01,21.918,21918
1131,842,1,20,15:27:05,21.431,21431
1131,840,1,20,15:27:11,21.399,21399
1131,858,2,20,15:27:51,22.502,22502
1131,1,1,21,15:28:03,21.563,21563
1131,815,1,21,15:28:10,21.291,21291
1131,852,1,21,15:28:21,21.250,21250
1131,847,1,22,15:29:09,21.673,21673
1131,832,1,22,15:29:12,21.226,21226
1131,830,1,23,15:30:10,21.899,21899
1131,846,1,23,15:30:16,21.617,21617
1131,857,1,25,15:32:49,20.978,20978
1131,855,1,28,15:37:09,23.198,23198
1131,844,3,33,15:43:03,22.243,22243
1131,4,2,35,15:45:19,33.947,33947
1131,817,2,37,15:47:39,21.093,21093
1131,825,2,38,15:48:49,21.832,21832
1131,807,2,39,15:49:55,21.814,21814
1131,848,2,39,15:50:11,21.692,21692
1131,842,2,42,15:53:40,22.043,22043
1131,822,2,42,15:53:49,21.991,21991
1131,839,2,43,15:54:52,21.231,21231
1131,840,2,43,15:54:58,21.302,21302
1131,852,2,44,15:56:07,23.444,23444
1131,847,2,46,15:57:41,21.229,21229
1131,832,2,47,15:58:55,21.283,21283
1131,858,3,49,16:03:04,22.093,22093
1131,830,2,51,16:03:13,25.841,25841
1131,846,2,51,16:03:21,21.411,21411
1131,857,2,51,16:03:40,20.775,20775
1131,815,2,51,16:04:03,27.500,27500
1131,844,4,51,16:04:33,20.903,20903
1131,855,2,51,16:05:02,21.594,21594
1131,1,2,53,16:06:06,27.281,27281
1131,830,3,64,16:19:06,22.729,22729
1131,4,3,68,16:25:31,22.487,22487
1132,855,1,12,15:22:07,29.178,29178
1132,844,1,19,15:32:51,28.481,28481
1132,815,1,19,15:32:59,28.391,28391
1132,839,1,19,15:33:21,28.495,28495
1132,855,2,19,15:33:46,29.838,29838
1132,839,2,21,15:37:02,28.276,28276
1132,830,1,26,15:43:41,28.365,28365
1132,832,1,26,15:43:42,29.199,29199
1132,807,1,26,15:43:59,29.412,29412
1132,840,1,26,15:44:01,29.023,29023
1132,817,1,26,15:44:23,28.875,28875
1132,822,1,26,15:44:42,30.628,30628
1132,846,1,27,15:45:13,28.661,28661
1132,1,1,27,15:45:17,28.929,28929
1132,847,1,27,15:45:20,32.045,32045
1132,4,1,27,15:45:51,29.341,29341
1132,852,1,27,15:45:52,30.000,30000
1132,848,1,27,15:45:53,34.742,34742
1132,839,3,26,15:45:57,29.289,29289
1132,825,1,27,15:45:59,30.308,30308
1132,858,1,27,15:46:01,32.801,32801
1132,855,3,26,15:46:39,29.125,29125
1132,857,1,28,15:47:12,29.541,29541
1132,844,2,27,15:47:17,29.233,29233
1132,815,2,28,15:49:13,32.313,32313
1132,825,2,37,16:03:41,29.884,29884
1132,817,2,37,16:03:44,29.873,29873
1132,822,2,37,16:04:05,31.527,31527
1132,1,2,38,16:04:09,30.038,30038
1132,830,2,38,16:04:14,29.076,29076
1132,857,2,38,16:04:29,29.200,29200
1132,844,3,37,16:04:40,29.166,29166
1132,815,3,37,16:04:59,29.300,29300
1132,4,2,38,16:05:03,29.686,29686
1132,852,2,38,16:05:07,29.658,29658
1132,848,2,38,16:05:11,29.410,29410
1132,858,2,38,16:05:23,29.444,29444
1132,846,2,39,16:05:44,30.387,30387
1132,855,4,37,16:06:00,33.083,33083
1132,832,2,39,16:06:06,29.097,29097
1132,807,2,39,16:06:28,30.265,30265
1132,840,2,39,16:06:33,29.469,29469
1132,839,4,38,16:06:52,29.086,29086
1132,815,4,47,16:20:38,28.871,28871
1132,832,3,50,16:22:59,28.706,28706
1133,807,1,2,15:06:01,22.287,22287
1133,848,1,6,15:11:43,22.091,22091
1133,825,1,6,15:11:43,21.871,21871
1133,839,1,6,15:11:47,21.829,21829
1133,4,1,7,15:13:05,22.542,22542
1133,817,1,7,15:13:08,21.084,21084
1133,855,1,7,15:13:15,21.993,21993
1133,858,1,8,15:14:38,21.757,21757
1133,840,1,14,15:23:01,23.237,23237
1133,1,1,16,15:25:36,21.306,21306
1133,822,1,16,15:25:58,22.146,22146
1133,846,1,17,15:26:55,21.861,21861
1133,857,1,18,15:28:15,21.641,21641
1133,830,1,21,15:32:38,22.101,22101
1133,832,1,21,15:32:46,21.655,21655
1133,844,1,23,15:35:30,21.894,21894
1133,815,1,28,15:43:04,21.395,21395
1133,842,1,28,15:43:16,21.405,21405
1133,817,2,28,15:43:23,21.378,21378
1133,852,1,29,15:44:27,21.467,21467
1133,807,2,29,15:44:45,22.472,22472
1133,848,2,29,15:44:46,23.410,23410
1133,839,2,30,15:46:17,21.444,21444
1133,847,1,33,15:50:09,21.369,21369
1133,858,2,33,15:50:34,21.398,21398
1133,825,2,34,15:51:57,22.531,22531
1133,855,2,36,15:55:03,22.183,22183
1133,4,2,37,15:55:57,21.800,21800
1133,1,2,40,15:59:28,21.910,21910
1133,844,2,40,15:59:29,21.723,21723
1133,846,2,45,16:06:18,21.249,21249
1133,840,2,45,16:07:17,22.276,22276
1133,822,2,45,16:07:35,21.981,21981
1133,857,2,47,16:09:05,21.823,21823
1133,832,2,47,16:09:23,21.439,21439
1133,815,2,47,16:09:46,21.056,21056
1133,830,2,49,16:12:02,21.344,21344
1133,847,2,53,16:18:05,21.328,21328
1133,858,3,63,16:33:22,21.908,21908
1133,839,3,64,16:34:46,21.330,21330
1134,807,1,7,15:17:00,23.562,23562
1134,848,1,8,15:18:45,23.606,23606
1134,817,1,8,15:18:49,22.643,22643
1134,858,1,8,15:18:55,23.338,23338
1134,842,1,9,15:20:39,22.900,22900
1134,847,1,10,15:22:19,22.686,22686
1134,830,1,10,15:22:21,23.214,23214
1134,1,1,11,15:24:02,23.188,23188
1134,815,1,11,15:24:06,22.692,22692
1134,857,1,11,15:24:08,22.623,22623
1134,822,1,11,15:24:22,23.147,23147
1134,844,1,12,15:25:53,22.942,22942
1134,839,1,12,15:26:11,23.366,23366
1134,840,1,12,15:26:15,23.010,23010
1134,4,1,13,15:27:58,23.075,23075
1134,846,1,15,15:31:29,22.682,22682
1134,852,1,15,15:31:55,23.452,23452
1134,825,1,17,15:35:32,23.619,23619
1134,832,1,20,15:40:33,23.080,23080
1134,807,2,20,15:41:12,23.268,23268
1134,815,2,21,15:42:34,22.648,22648
1134,817,2,21,15:42:55,22.328,22328
1134,848,2,23,15:46:34,23.146,23146
1134,858,2,24,15:48:46,23.692,23692
1134,844,2,25,15:49:39,23.330,23330
1134,1,2,26,15:51:24,22.704,22704
1134,830,2,28,15:55:10,22.943,22943
1134,832,2,28,15:55:17,23.089,23089
1134,842,2,28,15:55:46,22.844,22844
1134,846,2,29,15:56:59,22.610,22610
1134,857,2,30,15:58:38,24.125,24125
1134,839,2,30,15:59:14,23.546,23546
1134,822,2,35,16:08:31,22.949,22949
1134,815,3,42,16:20:40,22.632,22632
1135,848,1,12,15:18:56,21.258,21258
1135,807,1,14,15:21:26,21.619,21619
1135,852,1,14,15:21:27,21.249,21249
1135,822,1,15,15:22:50,21.095,21095
1135,855,1,18,15:26:53,21.214,21214
1135,858,1,22,15:32:00,22.030,22030
1135,1,1,23,15:32:56,21.168,21168
1135,844,1,24,15:33:57,20.841,20841
1135,847,1,25,15:35:11,21.846,21846
1135,830,1,27,15:37:39,20.785,20785
1135,846,1,28,15:38:48,21.536,21536
1135,815,1,29,15:40:23,22.934,22934
1135,817,1,29,15:40:51,20.942,20942
1135,832,1,30,15:41:41,20.840,20840
1135,840,1,30,15:42:05,21.385,21385
1135,839,1,30,15:42:17,21.015,21015
1135,4,1,31,15:43:19,21.348,21348
1135,842,1,32,15:44:31,22.646,22646
1135,852,2,32,15:44:50,20.880,20880
1135,857,1,33,15:45:22,20.969,20969
1135,825,1,40,15:55:10,21.403,21403
1135,822,2,43,15:59:12,21.273,21273
1135,1,2,48,16:04:40,21.026,21026
1135,855,2,51,16:09:57,22.044,22044
1135,847,2,54,16:12:03,21.159,21159
1135,848,2,54,16:13:00,21.016,21016
1136,807,1,5,15:10:58,38.875,38875
1136,842,1,10,15:18:08,24.335,24335
1136,847,1,11,15:19:22,32.696,32696
1136,817,1,11,15:19:31,30.317,30317
1136,4,1,12,15:20:54,24.866,24866
1136,846,1,14,15:23:26,24.169,24169
1136,825,1,14,15:23:48,25.672,25672
1136,844,1,15,15:24:52,24.551,24551
1136,1,1,15,15:24:58,24.469,24469
1136,855,1,15,15:25:28,27.138,27138
1136,857,1,16,15:26:13,23.793,23793
1136,861,1,16,15:26:50,25.147,25147
1136,848,1,17,15:28:04,24.801,24801
1136,832,1,19,15:30:37,24.313,24313
1136,840,1,19,15:31:07,24.980,24980
1136,830,1,22,15:34:56,28.198,28198
1136,815,1,23,15:36:25,24.728,24728
1136,842,2,30,15:47:05,24.203,24203
1136,839,1,31,15:48:20,24.146,24146
1136,846,2,32,15:48:59,24.870,24870
1136,807,2,32,15:50:05,36.576,36576
1136,847,2,33,15:50:51,26.297,26297
1136,822,1,33,15:51:24,24.410,24410
1136,815,2,35,15:53:38,24.030,24030
1136,4,2,35,15:53:55,24.501,24501
1136,840,2,36,15:55:36,24.209,24209
1136,1,2,37,15:56:11,24.155,24155
1136,857,2,38,15:57:15,24.670,24670
1136,830,2,41,16:01:54,24.150,24150
1136,840,3,50,16:15:41,25.269,25269
1137,840,1,1,15:06:20,21.123,21123
1137,861,1,10,15:22:39,20.596,20596
1137,4,1,11,15:24:27,20.073,20073
1137,822,1,11,15:25:01,20.045,20045
1137,830,1,12,15:26:10,21.145,21145
1137,847,1,12,15:26:14,19.954,19954
1137,1,1,12,15:26:34,21.289,21289
1137,852,1,12,15:26:54,20.922,20922
1137,815,1,13,15:27:51,20.630,20630
1137,860,1,14,15:30:09,21.276,21276
1137,857,1,15,15:31:28,20.181,20181
1137,807,1,15,15:31:57,21.617,21617
1137,844,1,16,15:33:13,20.671,20671
1137,832,1,17,15:35:11,21.483,21483
1137,840,2,22,15:45:17,20.214,20214
1137,848,1,31,16:00:54,20.287,20287
1137,855,1,34,16:07:12,20.520,20520
1137,846,1,37,16:11:41,19.712,19712
1137,830,2,49,16:33:13,20.725,20725
1137,817,1,49,16:34:12,21.984,21984
1137,839,1,49,16:34:42,20.634,20634
1137,842,1,50,16:36:20,20.257,20257
1138,817,1,10,20:20:46,30.316,30316
1138,848,1,11,20:22:22,29.126,29126
1138,832,1,13,20:25:37,29.385,29385
1138,1,1,17,20:31:54,29.272,29272
1138,4,1,25,20:45:21,29.251,29251
1138,840,1,26,20:47:31,29.816,29816
1138,847,1,27,20:48:22,28.739,28739
1138,815,1,28,20:50:26,28.990,28990
1138,825,1,28,20:50:47,29.707,29707
1138,830,1,29,20:51:28,29.655,29655
1138,807,1,29,20:52:00,29.808,29808
1138,861,1,29,20:52:02,29.772,29772
1138,839,1,29,20:52:22,29.601,29601
1138,846,1,30,20:52:44,29.091,29091
1138,852,1,33,20:58:54,29.662,29662
1138,822,1,33,20:59:22,30.423,30423
1138,855,1,34,21:01:01,29.360,29360
1138,844,1,36,21:03:29,29.042,29042
1138,842,1,37,21:06:04,31.509,31509
1138,857,1,38,21:06:22,29.152,29152
1138,817,2,46,21:20:58,29.066,29066
1138,825,2,49,21:26:52,31.291,31291
1138,817,3,58,21:40:58,29.653,29653
1139,848,1,3,14:09:39,34.983,34983
1139,855,1,13,14:28:22,24.433,24433
1139,822,1,15,14:31:39,24.439,24439
1139,825,1,17,14:34:50,23.966,23966
1139,842,1,18,14:36:29,28.228,28228
1139,852,1,18,14:36:35,24.193,24193
1139,832,1,21,14:41:13,23.963,23963
1139,830,1,25,14:47:52,24.228,24228
1139,844,1,26,14:49:20,23.817,23817
1139,815,1,26,14:49:57,23.580,23580
1139,4,1,26,14:50:15,24.247,24247
1139,807,1,27,14:51:40,24.500,24500
1139,840,1,27,14:52:06,26.399,26399
1139,846,1,31,14:57:52,23.731,23731
1139,839,1,31,14:58:47,24.156,24156
1139,857,1,32,14:59:38,24.107,24107
1139,848,2,33,15:02:17,24.391,24391
1139,855,2,35,15:05:59,24.890,24890
1139,859,1,36,15:06:52,23.839,23839
1139,825,2,38,15:10:18,24.087,24087
1139,861,1,39,15:11:56,23.971,23971
1139,847,1,40,15:13:16,29.327,29327
1139,839,2,51,15:32:32,26.175,26175
1140,815,1,20,14:35:55,27.730,27730
1140,830,1,26,14:43:43,43.730,43730
1140,840,1,26,14:44:17,22.592,22592
1140,1,1,28,14:46:42,22.538,22538
1140,842,1,28,14:46:56,23.204,23204
1140,807,1,29,14:48:15,23.077,23077
1140,846,1,30,14:49:15,22.111,22111
1140,825,1,30,14:49:36,23.332,23332
1140,844,1,31,14:50:30,22.860,22860
1140,847,1,31,14:50:44,22.462,22462
1140,832,1,32,14:51:43,22.249,22249
1140,857,1,39,15:02:09,21.825,21825
1140,859,1,39,15:02:15,22.586,22586
1140,855,1,43,15:08:09,22.935,22935
1140,815,2,43,15:08:13,22.174,22174
1140,861,1,47,15:13:22,23.895,23895
1140,839,1,48,15:14:59,23.245,23245
1140,822,1,49,15:16:16,22.505,22505
1140,859,2,65,15:38:15,30.299,30299
1140,844,2,69,15:42:04,22.690,22690
1140,815,3,68,15:42:41,21.920,21920
1141,844,1,24,13:24:06,24.573,24573
1141,807,1,25,13:25:44,25.369,25369
1141,861,1,26,13:27:23,25.287,25287
1141,857,1,27,13:28:37,26.050,26050
1141,4,1,27,13:28:41,25.107,25107
1141,860,1,27,13:28:52,35.755,35755
1141,1,1,27,13:28:55,25.205,25205
1141,832,1,27,13:29:01,25.920,25920
1141,815,1,27,13:29:04,26.692,26692
1141,855,1,27,13:29:32,25.248,25248
1141,847,1,28,13:29:59,25.698,25698
1141,846,1,28,13:30:01,24.764,24764
1141,852,1,28,13:30:16,25.431,25431
1141,859,1,28,13:30:35,28.167,28167
1141,807,2,27,13:31:21,58.984,58984
1141,855,2,28,13:31:38,27.067,27067
1141,861,2,30,13:35:02,25.239,25239
1141,807,3,29,13:36:17,28.590,28590
1141,839,1,32,13:38:37,23:28.695,1408695
1141,830,1,32,13:38:39,23:29.303,1409303
1141,855,3,31,13:38:42,21:23.154,1283154
1141,842,1,32,13:38:45,23:27.586,1407586
1141,846,2,32,13:38:46,23:35.363,1415363
1141,847,2,32,13:38:51,23:35.838,1415838
1141,852,2,32,13:38:53,23:39.030,1419030
1141,844,2,32,13:38:55,23:40.260,1420260
1141,857,2,32,13:38:58,23:40.270,1420270
1141,4,2,32,13:39:00,23:42.872,1422872
1141,859,2,32,13:39:03,23:42.722,1422722
1141,1,2,32,13:39:05,23:45.703,1425703
1141,822,1,32,13:39:10,23:42.094,1422094
1141,832,2,32,13:39:11,23:44.659,1424659
1141,815,2,32,13:39:13,23:45.215,1425215
1141,860,2,32,13:39:16,23:44.737,1424737
1141,855,4,32,14:01:55,1:08.542,68542
1142,4,1,4,22:10:35,21.407,21407
1142,844,1,9,22:18:44,21.329,21329
1142,846,1,9,22:18:45,21.194,21194
1142,848,1,9,22:18:56,22.012,22012
1142,840,1,9,22:18:57,34.863,34863
1142,832,1,10,22:20:21,21.048,21048
1142,842,1,10,22:20:28,22.179,22179
1142,852,1,10,22:20:29,21.168,21168
1142,857,1,10,22:20:30,27.732,27732
1142,830,1,11,22:21:59,20.697,20697
1142,839,1,11,22:22:13,15.790,15790
1142,855,1,11,22:22:14,22.960,22960
1142,859,1,11,22:22:17,21.049,21049
1142,847,1,12,22:23:29,21.072,21072
1142,839,2,12,22:24:07,21.142,21142
1142,1,1,13,22:25:24,21.067,21067
1142,807,1,14,22:27:15,21.511,21511
1142,861,1,16,22:30:50,21.170,21170
1142,815,1,17,22:32:20,21.294,21294
1142,825,1,17,22:32:31,21.963,21963
1142,822,1,17,22:32:34,21.623,21623
1142,4,2,24,22:44:09,21.407,21407
1142,857,2,25,22:45:37,21.082,21082
1142,861,2,26,22:47:34,21.221,21221
1142,830,2,27,22:48:30,22.254,22254
1142,1,2,27,22:48:34,21.355,21355
1142,832,2,28,22:50:14,20.879,20879
1142,840,2,28,22:50:55,21.588,21588
1142,852,2,29,22:52:13,21.208,21208
1142,846,2,30,22:53:40,20.668,20668
1142,844,2,31,22:55:05,21.585,21585
1142,847,2,32,22:56:26,20.975,20975
1142,815,2,32,22:57:18,21.034,21034
1142,807,2,33,22:58:49,21.702,21702
1142,855,2,34,23:00:44,21.761,21761
1142,822,2,35,23:02:48,22.821,22821
1142,859,2,38,23:07:28,20.642,20642
1142,839,3,45,23:18:59,21.858,21858
1142,846,3,48,23:22:59,21.059,21059
1143,840,1,1,19:05:45,29.783,29783
1143,807,1,1,19:06:14,32.957,32957
1143,840,2,7,19:17:19,41.674,41674
1143,847,1,23,19:39:53,32.309,32309
1143,822,1,24,19:41:56,29.034,29034
1143,825,1,27,19:46:04,28.543,28543
1143,807,2,31,19:52:08,28.343,28343
1143,857,1,34,19:55:28,27.818,27818
1143,832,1,34,19:55:52,36.143,36143
1143,1,1,34,19:56:36,37.915,37915
1143,830,1,35,19:56:43,28.303,28303
1143,846,1,35,19:56:47,28.024,28024
1143,844,1,35,19:57:03,28.460,28460
1143,815,1,35,19:57:29,28.088,28088
1143,842,1,35,19:57:50,28.792,28792
1143,847,2,35,19:57:59,27.870,27870
1143,4,1,35,19:58:01,28.628,28628
1143,855,1,35,19:58:03,29.085,29085
1143,852,1,35,19:58:23,29.024,29024
1143,848,1,35,19:58:26,29.179,29179
1143,859,1,35,19:58:28,45.049,45049
1143,830,2,36,19:59:32,23.884,23884
1143,1,2,35,19:59:34,23.412,23412
1143,822,2,35,19:59:35,28.968,28968
1143,846,2,36,19:59:37,25.592,25592
1143,844,2,36,19:59:40,25.675,25675
1143,857,2,36,19:59:44,22.867,22867
1143,815,2,36,19:59:53,22.705,22705
1143,842,2,36,20:00:12,22.717,22717
1143,847,3,36,20:00:22,22.763,22763
1143,832,2,36,20:00:24,22.776,22776
1143,4,2,36,20:00:27,28.592,28592
1143,855,2,36,20:00:29,23.228,23228
1143,825,2,36,20:00:33,22.696,22696
1143,852,2,36,20:00:47,22.714,22714
1143,848,2,36,20:00:48,22.710,22710
1143,807,3,36,20:00:50,23.810,23810
1143,859,2,36,20:01:08,22.737,22737
1143,830,3,37,20:02:21,22.703,22703
1143,1,3,36,20:02:23,26.815,26815
1143,846,3,37,20:02:24,28.746,28746
1143,822,3,36,20:02:25,28.140,28140
1143,844,3,37,20:02:26,28.983,28983
1143,857,3,37,20:02:28,29.326,29326
1143,815,3,37,20:02:30,29.459,29459
1143,842,3,37,20:02:33,30.488,30488
1143,847,4,37,20:02:34,34.037,34037
1143,832,3,37,20:02:35,34.356,34356
1143,855,3,37,20:02:37,34.818,34818
1143,4,3,37,20:02:41,32.811,32811
1143,825,3,37,20:02:42,33.363,33363
1143,852,3,37,20:02:45,35.849,35849
1143,848,3,37,20:02:46,36.548,36548
1143,807,4,37,20:02:48,37.692,37692
1143,859,3,37,20:03:03,26.790,26790
1143,852,4,40,20:09:21,29.271,29271
1143,859,4,40,20:09:24,34.655,34655
1143,846,4,45,20:17:59,36.069,36069
1143,1,4,47,20:21:04,22.705,22705
1143,848,4,55,20:32:43,39.687,39687
1144,861,1,3,17:09:29,24.941,24941
1144,857,1,4,17:10:26,23.582,23582
1144,822,1,6,17:13:23,41.144,41144
1144,840,1,11,17:20:50,23.266,23266
1144,825,1,12,17:22:19,26.363,26363
1144,855,1,12,17:22:26,23.024,23024
1144,848,1,12,17:22:27,22.065,22065
1144,807,1,13,17:23:45,21.530,21530
1144,4,1,13,17:23:49,23.326,23326
1144,842,1,14,17:25:11,22.059,22059
1144,844,1,20,17:34:12,21.869,21869
1144,852,1,22,17:37:40,21.869,21869
1144,862,1,22,17:37:42,22.080,22080
1144,859,1,23,17:39:04,23.415,23415
1144,859,2,24,17:41:00,22.565,22565
1144,832,1,25,17:41:22,21.280,21280
1144,846,1,26,17:42:49,21.276,21276
1144,847,1,26,17:43:11,21.656,21656
1144,830,1,29,17:47:46,32.652,32652
1144,825,2,29,17:48:18,21.678,21678
1144,859,3,29,17:48:52,32.317,32317
1144,825,3,30,17:50:20,22.815,22815
1144,857,2,32,17:52:42,32.774,32774
1144,840,2,32,17:52:48,22.053,22053
1144,1,1,34,17:55:17,21.694,21694
1144,4,2,37,18:00:10,22.437,22437
1144,855,2,39,18:03:21,28.765,28765
1144,825,4,55,18:28:06,22.090,22090
1145,846,1,2,15:22:58,13.341,13341
1145,830,1,2,15:23:00,13.416,13416
1145,857,1,2,15:23:02,13.078,13078
1145,847,1,2,15:23:03,13.672,13672
1145,844,1,2,15:23:06,14.182,14182
1145,852,1,2,15:23:08,14.957,14957
1145,848,1,2,15:23:10,15.02,15020
1145,1,1,2,15:23:13,15.002,15002
1145,842,1,2,15:23:15,15.104,15104
1145,4,1,2,15:23:16,15.535,15535
1145,840,1,2,15:23:19,15.505,15505
1145,807,1,2,15:23:21,15.13,15130
1145,863,1,2,15:23:23,14.658,14658
1145,864,1,2,15:23:25,14.432,14432
1145,839,1,2,15:23:27,14.395,14395
1145,859,1,2,15:23:29,14.79,14790
1145,860,1,2,15:23:30,14.605,14605
1145,846,2,3,15:25:40,12.91,12910
1145,830,2,3,15:25:42,13.74,13740
1145,857,2,3,15:25:43,13.838,13838
1145,847,2,3,15:25:45,14.104,14104
1145,844,2,3,15:25:48,14.621,14621
1145,852,2,3,15:25:51,15.223,15223
1145,848,2,3,15:25:53,16.993,16993
1145,1,2,3,15:25:56,16.191,16191
1145,842,2,3,15:25:58,15.744,15744
1145,4,2,3,15:25:59,16.241,16241
1145,840,2,3,15:26:02,16.014,16014
1145,807,2,3,15:26:03,15.971,15971
1145,863,2,3,15:26:05,16.374,16374
1145,864,2,3,15:26:07,16.363,16363
1145,839,2,3,15:26:09,16.477,16477
1145,859,2,3,15:26:12,16.309,16309
1145,860,2,3,15:26:13,16.347,16347
1145,846,3,4,15:28:16,12.804,12804
1145,830,3,4,15:28:18,12.938,12938
1145,857,3,4,15:28:20,12.816,12816
1145,847,3,4,15:28:22,13.696,13696
1145,844,3,4,15:28:24,14.129,14129
1145,852,3,4,15:28:28,13.605,13605
1145,848,3,4,15:28:29,14.285,14285
1145,1,3,4,15:28:31,14.789,14789
1145,842,3,4,15:28:34,14.71,14710
1145,4,3,4,15:28:36,15.034,15034
1145,840,3,4,15:28:39,14.451,14451
1145,807,3,4,15:28:41,14.198,14198
1145,863,3,4,15:28:43,13.975,13975
1145,864,3,4,15:28:45,14.206,14206
1145,839,3,4,15:28:48,19.649,19649
1145,859,3,4,15:28:49,18.88,18880
1145,860,3,4,15:28:52,22.494,22494
1145,852,4,33,16:15:35,18.997,18997
1145,848,4,33,16:15:36,18.573,18573
1145,1,4,33,16:15:38,18.526,18526
1145,842,4,33,16:15:40,19.589,19589
1145,863,4,33,16:15:45,18.912,18912
1145,840,4,33,16:16:06,18.802,18802
1145,807,4,33,16:16:15,21.123,21123
1145,864,4,33,16:16:21,24.073,24073
1145,846,4,34,16:16:22,18.464,18464
1145,857,4,34,16:16:29,19.719,19719
1145,859,4,33,16:16:32,20.067,20067
1145,830,4,34,16:16:46,18.7,18700
1145,847,4,34,16:17:08,19.125,19125
1145,844,4,34,16:17:17,18.154,18154
1145,839,4,39,16:29:59,18.778,18778
1145,860,4,39,16:30:04,22.441,22441
1145,846,5,44,16:36:55,18.031,18031
1145,847,5,44,16:37:02,19.378,19378
1145,848,5,44,16:37:03,18.952,18952
1145,863,5,44,16:37:06,21.946,21946
1145,840,5,44,16:37:07,18.901,18901
1145,807,5,44,16:37:08,20.209,20209
1145,864,5,44,16:37:17,26.214,26214
1145,857,5,44,16:38:21,19.85,19850
1145,860,5,44,16:38:32,19.37,19370
1145,830,5,46,16:40:05,18.721,18721
1145,842,5,46,16:40:17,19.482,19482
1145,839,5,46,16:41:36,19.858,19858
1145,1,5,47,16:42:26,20.802,20802
1145,844,5,47,16:42:28,24.528,24528
1145,852,5,47,16:42:35,19.312,19312
1146,864,1,1,15:05:40,23.385,23385
1146,842,1,10,15:20:20,23.138,23138
1146,852,1,11,15:21:55,22.519,22519
1146,839,1,11,15:21:57,23.114,23114
1146,862,1,11,15:22:03,22.793,22793
1146,863,1,12,15:23:33,22.675,22675
1146,865,1,12,15:23:35,22.896,22896
1146,1,1,13,15:25:02,22.388,22388
1146,830,1,13,15:25:08,22.454,22454
1146,857,1,14,15:26:32,23.938,23938
1146,847,1,14,15:26:38,22.324,22324
1146,846,1,15,15:28:14,22.213,22213
1146,844,1,15,15:28:19,22.151,22151
1146,832,1,17,15:31:57,22.721,22721
1146,859,1,18,15:33:41,22.536,22536
1146,848,1,20,15:36:47,23.362,23362
1146,807,1,20,15:37:16,22.959,22959
1146,860,1,26,15:46:48,22.808,22808
1146,864,2,26,15:47:23,22.79,22790
1146,859,2,30,15:53:39,22.355,22355
1146,865,2,33,15:58:23,22.234,22234
1146,852,2,35,16:01:33,22.583,22583
1146,840,1,36,16:03:08,22.995,22995
1146,1,2,37,16:04:25,22.364,22364
1146,852,3,46,16:19:46,38.102,38102
1147,840,1,9,14:18:18,23.724,23724
1147,862,1,15,14:27:46,23.382,23382
1147,847,1,19,14:33:35,23.184,23184
1147,857,1,20,14:35:03,23.037,23037
1147,830,1,21,14:36:32,24.397,24397
1147,846,1,21,14:36:33,23.222,23222
1147,844,1,21,14:36:40,23.346,23346
1147,807,1,22,14:38:44,23.515,23515
1147,860,1,23,14:40:07,24.834,24834
1147,852,1,23,14:40:13,24.181,24181
1147,848,1,24,14:41:36,23.093,23093
1147,4,1,24,14:41:45,25.708,25708
1147,842,1,24,14:41:48,26.041,26041
1147,865,1,25,14:43:05,23.333,23333
1147,1,1,30,14:50:48,22.937,22937
1147,840,2,30,14:51:42,23.608,23608
1147,863,1,31,14:52:16,24.38,24380
1147,864,1,31,14:52:58,23.419,23419
1147,839,1,32,14:54:29,24.464,24464
1147,859,1,33,14:56:01,23.662,23662
1147,832,1,33,14:56:03,23.337,23337
1148,807,1,5,18:12:19,24.229,24229
1148,865,1,6,18:13:56,25.265,25265
1148,839,1,8,18:17:10,24.876,24876
1148,862,1,9,18:18:50,24.791,24791
1148,846,1,10,18:20:17,29.822,29822
1148,842,1,10,18:20:24,25.033,25033
1148,830,1,10,18:20:25,26.518,26518
1148,852,1,11,18:22:08,26.493,26493
1148,863,1,12,18:23:41,24.807,24807
1148,840,1,12,18:23:59,24.611,24611
1148,847,1,13,18:25:13,24.044,24044
1148,864,1,13,18:25:42,24.143,24143
1148,857,1,14,18:26:48,24.498,24498
1148,832,1,14,18:27:10,24.6,24600
1148,860,1,14,18:27:13,24.562,24562
1148,859,1,14,18:27:19,25.242,25242
1148,848,1,16,18:30:32,25.394,25394
1148,4,1,16,18:30:38,24.826,24826
1148,844,1,17,18:31:51,24.802,24802
1148,1,1,17,18:32:01,24.34,24340
1148,830,2,26,18:47:10,28.067,28067
1148,839,2,27,18:48:45,24.832,24832
1148,863,2,27,18:48:46,24.506,24506
1148,807,2,27,18:49:07,24.291,24291
1148,842,2,28,18:50:18,24.958,24958
1148,862,2,28,18:50:30,25.093,25093
1148,865,2,28,18:50:42,24.64,24640
1148,857,2,32,18:56:38,24.9,24900
1148,847,2,32,18:56:48,24.1,24100
1148,844,2,32,18:56:49,24.241,24241
1148,846,2,32,18:56:52,24.035,24035
1148,1,2,32,18:57:05,24.35,24350
1148,832,2,32,18:57:31,24.315,24315
1148,852,2,32,18:57:32,24.771,24771
1148,848,2,32,18:57:37,25.99,25990
1148,860,2,32,18:57:37,24.895,24895
1148,863,3,32,18:57:41,24.693,24693
1148,4,2,32,18:57:44,24.846,24846
1148,859,2,32,18:57:56,24.191,24191
1148,840,2,32,18:57:57,24.592,24592
1148,864,2,32,18:58:04,25.396,25396
1148,832,3,44,19:19:11,37.116,37116
1149,862,1,1,20:06:22,20.571,20571
1149,839,1,1,20:06:23,21.512,21512
1149,864,1,1,20:06:24,21.854,21854
1149,860,1,18,20:35:43,22.095,22095
1149,857,1,19,20:36:44,21.388,21388
1149,863,1,19,20:36:59,20.399,20399
1149,4,1,19,20:37:16,21.891,21891
1149,847,1,20,20:38:24,20.329,20329
1149,859,1,20,20:38:49,20.534,20534
1149,830,1,21,20:39:49,26.03,26030
1149,832,1,21,20:40:17,24.148,24148
1149,848,1,22,20:41:56,22.135,22135
1149,1,1,23,20:43:22,20.144,20144
1149,844,1,29,20:52:29,20.131,20131
1149,862,2,32,20:58:15,21.521,21521
1149,807,1,33,20:59:42,20.441,20441
1149,846,1,34,21:00:17,20.427,20427
1149,865,1,34,21:00:52,20.827,20827
1149,840,1,39,21:09:12,20.487,20487
1150,864,1,19,16:34:21,22.188,22188
1150,840,1,20,16:35:58,22.317,22317
1150,865,1,22,16:38:57,22.115,22115
1150,839,1,23,16:40:29,23.162,23162
1150,863,1,25,16:43:18,24.383,24383
1150,832,1,25,16:43:24,22.415,22415
1150,830,1,26,16:44:48,22.501,22501
1150,848,1,26,16:44:52,21.906,21906
1150,852,1,27,16:46:33,22.56,22560
1150,1,1,28,16:48:14,23.104,23104
1150,4,1,28,16:48:38,23.602,23602
1150,859,1,28,16:49:13,22.439,22439
1150,857,1,29,16:49:28,22.106,22106
1150,846,1,29,16:49:39,22.044,22044
1150,847,1,29,16:49:59,24.257,24257
1150,844,1,29,16:50:09,22.183,22183
1150,842,1,32,16:55:15,22.06,22060
1150,807,1,36,17:01:48,22.108,22108
1151,839,1,1,15:05:04,30.506,30506
1151,842,1,9,15:16:01,31.488,31488
1151,844,1,10,15:17:18,29.634,29634
1151,859,1,10,15:17:24,29.695,29695
1151,847,1,11,15:18:39,29.784,29784
1151,832,1,11,15:18:40,30.08,30080
1151,4,1,12,15:20:01,30.163,30163
1151,864,1,12,15:20:08,30.906,30906
1151,857,1,13,15:21:14,30.973,30973
1151,840,1,14,15:22:49,31.218,31218
1151,861,1,22,15:34:00,30.317,30317
1151,846,1,28,15:41:39,29.513,29513
1151,830,1,29,15:42:57,29.991,29991
1151,848,1,29,15:43:33,30.471,30471
1151,865,1,29,15:43:45,30.123,30123
1151,863,1,29,15:43:46,30.051,30051
1151,1,1,29,15:43:46,29.949,29949
1151,844,2,29,15:43:51,31.898,31898
1151,807,1,29,15:43:56,30.184,30184
1151,860,1,29,15:43:58,31.414,31414
1151,847,2,29,15:43:59,30.754,30754
1151,852,1,29,15:44:05,29.807,29807
1151,832,2,29,15:44:06,30.635,30635
1151,842,2,29,15:44:19,32.003,32003
1151,859,2,29,15:44:23,30.291,30291
1151,864,2,29,15:44:25,30.605,30605
1151,857,2,30,15:45:35,30.609,30609
1151,860,2,31,15:47:40,56.757,56757
1151,830,2,46,16:07:01,29.657,29657
1151,846,2,46,16:07:27,31.675,31675
1151,1,2,46,16:08:01,29.95,29950
1151,865,2,46,16:08:11,30.096,30096
1151,4,2,46,16:08:46,30.886,30886
1151,840,2,46,16:08:49,34.496,34496
1151,861,2,46,16:08:56,31.107,31107
1151,864,3,46,16:09:00,29.917,29917
1151,848,2,47,16:09:46,29.786,29786
1152,852,1,1,15:04:35,24.525,24525
1152,842,1,1,15:04:37,24.376,24376
1152,860,1,1,15:04:39,50.191,50191
1152,864,1,1,15:04:58,37.243,37243
1152,807,1,12,15:20:40,24.065,24065
1152,861,1,13,15:22:01,24.355,24355
1152,865,1,14,15:22:54,24.311,24311
1152,4,1,16,15:25:28,25.375,25375
1152,839,1,16,15:25:33,25.575,25575
1152,840,1,17,15:27:21,23.978,23978
1152,860,2,17,15:27:23,24.58,24580
1152,1,1,18,15:28:01,23.565,23565
1152,846,1,19,15:29:00,24.545,24545
1152,865,2,19,15:29:37,24.031,24031
1152,857,1,20,15:30:22,25.756,25756
1152,844,1,22,15:32:50,23.576,23576
1152,864,2,26,15:39:08,24.483,24483
1152,861,2,26,15:39:09,24.497,24497
1152,830,1,28,15:40:29,24.114,24114
1152,839,2,28,15:41:19,24.773,24773
1152,859,1,31,15:45:22,24.206,24206
1152,848,1,32,15:46:40,23.927,23927
1152,864,3,35,15:51:07,24.246,24246
1152,859,2,40,15:57:12,24.32,24320
1152,848,2,40,15:57:14,24.19,24190
1152,807,2,44,16:02:51,24.397,24397
1152,857,2,48,16:05:45,23.908,23908
1152,844,2,49,16:06:52,23.678,23678
1152,832,1,48,16:07:45,24.498,24498
1152,846,2,50,16:08:02,23.704,23704
1152,832,2,53,16:14:21,24.049,24049
1152,847,1,53,16:14:27,19.482,19482
1152,1,2,56,16:16:16,24.256,24256
1152,847,2,62,16:26:12,25.063,25063
1152,840,2,64,16:29:13,25.916,25916
1152,847,3,68,16:33:57,24.025,24025
1152,863,1,69,16:35:35,24.457,24457
1152,863,2,71,16:38:26,24.837,24837
1152,852,2,73,16:40:41,24.086,24086
1152,830,2,77,16:42:22,23.95,23950
1153,848,1,6,15:11:42,30.823,30823
1153,860,1,8,15:14:27,22.009,22009
1153,852,1,8,15:14:32,21.868,21868
1153,807,1,9,15:15:44,22.233,22233
1153,832,1,9,15:15:53,30.547,30547
1153,842,1,10,15:17:04,22.224,22224
1153,830,1,13,15:20:54,21.869,21869
1153,861,1,14,15:22:49,22.491,22491
1153,4,1,15,15:24:11,22.782,22782
1153,1,1,16,15:25:09,21.957,21957
1153,844,1,17,15:26:25,21.863,21863
1153,859,1,18,15:28:12,22.039,22039
1153,865,1,19,15:29:26,21.769,21769
1153,864,1,19,15:29:42,22.041,22041
1153,847,1,20,15:30:38,21.739,21739
1153,839,1,20,15:31:09,22.554,22554
1153,846,1,21,15:31:41,22.454,22454
1153,863,1,21,15:32:05,22.234,22234
1153,857,1,22,15:32:57,21.858,21858
1153,852,2,24,15:36:42,22.056,22056
1153,848,2,26,15:39:35,37.674,37674
1153,830,2,29,15:42:36,21.933,21933
1153,842,2,31,15:46:11,22.006,22006
1153,832,2,34,15:50:30,22.346,22346
1153,860,2,35,15:51:44,22.27,22270
1153,844,2,40,15:57:36,21.893,21893
1153,861,2,39,15:57:43,22.119,22119
1153,847,2,41,15:59:07,21.752,21752
1153,4,2,42,16:01:17,22.242,22242
1153,839,2,43,16:02:48,22.468,22468
1153,859,2,44,16:03:53,22.127,22127
1153,852,3,44,16:04:10,21.822,21822
1153,807,2,45,16:05:07,21.849,21849
1153,1,2,46,16:05:51,24.416,24416
1153,830,3,47,16:06:47,21.802,21802
1153,846,2,48,16:08:03,21.863,21863
1153,865,2,48,16:08:57,22.019,22019
1153,857,2,49,16:09:17,21.838,21838
1153,863,2,49,16:10:08,23.457,23457
1153,864,2,49,16:10:54,22.953,22953
1153,857,3,55,16:17:39,22.748,22748
1153,846,3,55,16:17:44,23.562,23562
1153,830,4,55,16:17:48,22.197,22197
1153,4,3,54,16:17:56,22.216,22216
1153,860,3,54,16:18:00,22.765,22765
1153,852,4,54,16:18:04,22.283,22283
1153,844,3,55,16:18:11,22.383,22383
1153,847,3,55,16:18:15,23.167,23167
1153,1,3,55,16:18:27,22.83,22830
1153,861,3,54,16:18:38,21.874,21874
1153,865,3,55,16:19:13,21.841,21841
1153,842,3,55,16:19:42,22.818,22818
1153,832,3,55,16:20:10,21.984,21984
1153,807,3,56,16:21:05,21.904,21904
1154,830,1,12,14:18:22,23.604,23604
1154,847,1,13,14:19:36,23.231,23231
1154,865,1,13,14:20:03,24.13,24130
1154,863,1,14,14:20:58,23.32,23320
1154,861,1,14,14:21:17,24.735,24735
1154,1,1,15,14:22:21,23.604,23604
1154,4,1,15,14:22:29,24.021,24021
1154,857,1,16,14:23:33,23.245,23245
1154,860,1,18,14:26:36,23.562,23562
1154,807,1,19,14:27:44,23.476,23476
1154,848,1,23,14:33:09,23.898,23898
1154,840,1,24,14:34:26,23.742,23742
1154,844,1,28,14:38:55,23.36,23360
1154,846,1,29,14:40:08,23.223,23223
1154,830,2,37,14:50:20,23.121,23121
1154,863,2,38,14:51:36,23.416,23416
1154,859,1,38,14:52:35,23.28,23280
1154,847,2,42,14:56:32,24.262,24262
1154,857,2,45,15:00:27,23.174,23174
1154,1,2,45,15:00:52,23.338,23338
1154,846,2,47,15:03:01,23.471,23471
1154,864,1,49,15:06:43,23.715,23715
1154,4,2,50,15:07:35,23.409,23409
1154,840,2,51,15:09:20,34.742,34742
1154,844,2,53,15:10:38,23.859,23859
1154,842,1,53,15:11:54,23.987,23987
1154,852,1,56,15:15:31,25.178,25178
1154,839,1,57,15:16:38,24.452,24452
1154,832,1,57,15:16:43,23.269,23269
1154,4,3,66,15:28:14,18.2,18200
1154,807,2,66,15:28:18,18.298,18298
1154,847,3,67,15:28:22,18.265,18265
1154,830,3,67,15:28:24,18.294,18294
1154,863,3,67,15:28:28,18.275,18275
1154,857,3,67,15:28:29,26.385,26385
1154,839,2,66,15:28:35,18.244,18244
1154,832,2,66,15:28:36,18.288,18288
1154,860,2,66,15:28:48,27.985,27985
1154,844,3,67,15:28:55,18.331,18331
1154,852,2,66,15:29:00,18.251,18251
1154,861,2,66,15:29:03,18.19,18190
1154,864,2,66,15:29:03,18.23,18230
1154,842,2,66,15:29:07,18.211,18211
1154,865,2,66,15:29:08,23.693,23693
1154,840,3,66,15:29:10,23.772,23772
1154,1,3,67,15:29:27,18.24,18240
1154,4,4,67,15:30:08,18.199,18199
1154,807,3,67,15:30:11,18.299,18299
1154,847,4,68,15:30:28,19.449,19449
1154,830,4,68,15:30:29,19.204,19204
1154,863,4,68,15:30:30,18.991,18991
1154,839,3,67,15:30:33,18.24,18240
1154,832,3,67,15:30:34,18.195,18195
1154,857,4,68,15:30:35,18.25,18250
1154,844,4,68,15:30:50,18.265,18265
1154,860,3,67,15:30:54,18.255,18255
1154,852,3,67,15:30:57,18.26,18260
1154,861,3,67,15:30:59,18.193,18193
1154,864,3,67,15:31:01,18.249,18249
1154,842,3,67,15:31:02,18.217,18217
1154,865,3,67,15:31:09,18.284,18284
1154,840,4,67,15:31:12,18.237,18237
1154,1,4,68,15:31:17,18.246,18246
1154,4,5,68,15:31:47,18.226,18226
1154,807,4,68,15:31:50,18.306,18306
1154,847,5,69,15:32:32,18.288,18288
1154,830,5,69,15:32:33,18.309,18309
1154,863,5,69,15:32:35,18.284,18284
1154,839,4,68,15:32:36,18.245,18245
1154,832,4,68,15:32:37,18.196,18196
1154,857,5,69,15:32:39,18.276,18276
1154,844,5,69,15:32:40,18.284,18284
1154,860,4,68,15:32:41,18.257,18257
1154,852,4,68,15:32:44,18.24,18240
1154,861,4,68,15:32:45,18.195,18195
1154,864,4,68,15:32:47,18.243,18243
1154,842,4,68,15:32:49,18.212,18212
1154,865,4,68,15:32:52,18.273,18273
1154,840,5,68,15:32:54,18.225,18225
1154,1,5,69,15:32:55,18.244,18244
1154,4,6,69,15:33:24,18.228,18228
1154,807,5,69,15:33:27,18.306,18306
1155,865,1,2,15:21:36,21.297,21297
1155,860,1,11,15:32:52,21.91,21910
1155,842,1,12,15:34:03,21.959,21959
1155,807,1,12,15:34:08,21.236,21236
1155,848,1,13,15:35:11,21.21,21210
1155,861,1,13,15:35:19,23.038,23038
1155,847,1,18,15:41:08,21.344,21344
1155,852,1,18,15:41:20,21.492,21492
1155,839,1,19,15:42:29,23.188,23188
1155,846,1,20,15:43:12,22.131,22131
1155,864,1,21,15:44:46,21.676,21676
1155,857,1,24,15:47:58,22.599,22599
1155,844,1,25,15:49:16,21.308,21308
1155,1,1,26,15:50:30,21.287,21287
1155,840,1,26,15:51:04,22.907,22907
1155,865,2,28,15:53:23,21.68,21680
1155,852,2,30,15:55:58,30.0,30000
1155,859,1,32,15:57:59,21.434,21434
1155,4,1,33,15:59:13,21.865,21865
1155,842,2,38,16:05:25,22.105,22105
1155,860,2,39,16:06:33,21.771,21771
1155,861,2,39,16:06:47,21.087,21087
1155,807,2,42,16:09:58,21.045,21045
1155,847,2,45,16:13:22,21.854,21854
1155,844,2,49,16:17:34,21.536,21536
1155,864,2,49,16:18:10,21.286,21286
1155,1,2,50,16:18:54,21.158,21158
1155,839,2,50,16:19:27,22.284,22284
1155,846,2,52,16:20:48,21.427,21427
1155,857,2,53,16:22:01,21.033,21033
1155,840,2,53,16:23:25,21.763,21763
1155,852,3,60,16:31:51,32.643,32643
1156,863,1,2,15:07:48,28.721,28721
1156,840,1,6,15:16:03,29.125,29125
1156,807,1,9,15:21:40,29.736,29736
1156,863,2,9,15:21:54,28.707,28707
1156,840,2,10,15:23:24,28.853,28853
1156,847,1,10,15:23:30,28.647,28647
1156,844,1,10,15:23:36,29.089,29089
1156,865,1,10,15:23:42,28.523,28523
1156,860,1,10,15:23:44,29.201,29201
1156,857,1,11,15:24:55,29.491,29491
1156,846,1,11,15:25:02,30.63,30630
1156,830,1,11,15:25:04,28.182,28182
1156,1,1,11,15:25:12,28.917,28917
1156,842,1,11,15:25:14,28.912,28912
1156,4,1,11,15:25:15,28.707,28707
1156,832,1,11,15:25:16,29.554,29554
1156,852,1,11,15:25:24,28.544,28544
1156,848,1,12,15:27:11,29.251,29251
1156,839,1,18,15:41:45,29.562,29562
1156,863,3,20,15:47:05,29.728,29728
1156,4,2,37,16:17:34,28.534,28534
1156,847,2,38,16:19:16,28.205,28205
1156,1,2,41,16:24:05,29.127,29127
1156,840,3,41,16:24:17,28.553,28553
1156,830,2,41,16:24:21,29.689,29689
1156,842,2,41,16:24:23,28.469,28469
1156,832,2,41,16:24:32,28.655,28655
1156,860,2,41,16:24:34,29.09,29090
1156,852,2,41,16:24:58,40.145,40145
1156,807,2,42,16:25:42,29.952,29952
1156,844,2,42,16:26:10,28.84,28840
1156,848,2,42,16:26:14,29.292,29292
1156,839,2,42,16:26:16,28.646,28646
1156,857,2,43,16:26:46,40.28,40280
1156,846,2,44,16:28:28,28.214,28214
1157,1,1,11,16:46:27,23.284,23284
1157,842,1,11,16:46:30,26.825,26825
1157,807,1,11,16:46:31,23.599,23599
1157,4,1,11,16:46:34,23.404,23404
1157,857,1,12,16:47:59,23.844,23844
1157,844,1,12,16:48:09,23.806,23806
1157,830,1,12,16:48:10,25.913,25913
1157,847,1,12,16:48:14,23.635,23635
1157,848,1,12,16:48:15,24.029,24029
1157,859,1,12,16:48:22,23.269,23269
1157,864,1,12,16:48:24,23.274,23274
1157,860,1,12,16:48:25,24.13,24130
1157,861,1,12,16:48:34,23.665,23665
1157,832,1,12,16:48:35,27.528,27528
1157,863,1,12,16:48:37,23.609,23609
1157,840,1,12,16:48:37,23.787,23787
1157,846,1,13,16:49:58,24.376,24376
1157,852,1,13,16:50:22,23.33,23330
1157,865,1,13,16:50:24,23.58,23580
1157,839,1,13,16:50:34,23.802,23802
1157,865,2,20,17:03:41,23.376,23376
1157,832,2,26,17:14:31,23.77,23770
1157,861,2,28,17:18:07,23.449,23449
1157,4,2,29,17:19:46,23.692,23692
1157,863,2,30,17:21:33,23.059,23059
1157,807,2,32,17:25:01,23.89,23890
1158,807,1,5,15:10:20,21.594,21594
1158,861,1,13,15:21:30,30.248,30248
1158,839,1,14,15:22:52,22.444,22444
1158,848,1,14,15:22:52,21.345,21345
1158,832,1,15,15:24:13,21.67,21670
1158,830,1,17,15:26:53,21.433,21433
1158,857,1,18,15:27:53,21.145,21145
1158,844,1,19,15:29:12,21.13,21130
1158,847,1,19,15:29:19,21.703,21703
1158,852,1,20,15:31:19,21.295,21295
1158,863,1,21,15:32:35,22.328,22328
1158,860,1,30,15:45:09,21.754,21754
1158,846,1,31,15:45:46,20.94,20940
1158,842,1,32,15:48:01,21.699,21699
1158,865,1,33,15:49:21,21.096,21096
1158,861,2,35,15:52:16,26.28,26280
1158,840,1,36,15:53:16,21.464,21464
1158,852,2,37,15:55:04,21.541,21541
1158,848,2,38,15:56:23,22.726,22726
1158,4,1,39,15:57:13,22.204,22204
1158,844,2,40,15:58:00,21.136,21136
1158,864,1,40,15:58:41,21.773,21773
1158,859,1,40,15:58:47,22.136,22136
1158,807,2,41,16:00:27,28.777,28777
1158,1,1,42,16:01:45,21.15,21150
1158,847,2,43,16:02:16,21.45,21450
1158,857,2,45,16:04:49,20.94,20940
1158,830,2,48,16:09:43,21.258,21258
1158,832,2,51,16:14:18,21.423,21423
1159,840,1,8,15:13:50,17.561,17561
1159,4,1,18,15:26:36,17.417,17417
1159,852,1,19,15:27:52,18.348,18348
1159,861,1,19,15:27:56,17.986,17986
1159,807,1,19,15:27:57,17.602,17602
1159,844,1,22,15:31:24,17.081,17081
1159,864,1,22,15:31:53,17.908,17908
1159,857,1,23,15:32:24,17.375,17375
1159,846,1,23,15:32:30,20.042,20042
1159,830,1,23,15:32:49,18.74,18740
1159,865,1,23,15:32:52,17.414,17414
1159,847,1,23,15:32:56,18.832,18832
1159,859,1,23,15:33:08,17.549,17549
1159,832,1,23,15:33:09,17.67,17670
1159,848,1,23,15:33:16,19.692,19692
1159,863,1,23,15:33:20,17.476,17476
1159,842,1,23,15:33:26,19.223,19223
1159,832,2,27,15:40:40,29.443,29443
1159,859,2,27,15:40:41,22.209,22209
1159,4,2,40,15:56:55,17.949,17949
1159,863,2,51,16:10:23,17.365,17365
1159,844,2,52,16:11:36,17.042,17042
1159,832,3,51,16:11:56,30.34,30340
1159,840,2,52,16:12:10,17.598,17598
1159,839,1,52,16:12:12,18.27,18270
1159,857,2,53,16:12:38,18.589,18589
1159,846,2,53,16:12:42,22.608,22608
1159,830,2,53,16:12:55,18.261,18261
1159,865,2,53,16:12:59,18.535,18535
1159,847,2,53,16:13:18,17.344,17344
1159,848,2,53,16:13:22,17.84,17840
1159,863,3,53,16:13:37,21.36,21360
1159,859,3,52,16:13:38,18.552,18552
1159,860,1,53,16:13:53,18.622,18622
1159,852,2,53,16:13:54,18.147,18147
1159,861,2,53,16:14:04,17.586,17586
1159,807,2,53,16:14:05,17.944,17944
1159,864,2,60,16:24:57,17.491,17491
1159,861,3,65,16:31:30,18.077,18077
1159,832,4,65,16:31:49,18.043,18043
1160,859,1,9,15:16:28,24.156,24156
1160,860,1,18,15:29:07,25.372,25372
1160,852,1,19,15:30:30,24.372,24372
1160,864,1,20,15:31:51,26.143,26143
1160,4,1,20,15:31:51,25.16,25160
1160,847,1,27,15:41:27,25.021,25021
1160,863,1,28,15:43:02,24.916,24916
1160,832,1,30,15:45:54,24.605,24605
1160,865,1,32,15:48:45,24.326,24326
1160,844,1,33,15:49:40,24.235,24235
1160,861,1,33,15:50:20,24.971,24971
1160,830,1,37,15:54:52,24.545,24545
1160,1,1,38,15:56:43,23.971,23971
1160,848,1,41,16:01:01,24.717,24717
1160,857,1,45,16:06:02,23.602,23602
1160,846,1,46,16:07:22,27.498,27498
1160,840,1,49,16:12:23,38.418,38418
1160,842,1,49,16:12:32,25.012,25012
1160,839,1,51,16:15:06,30.754,30754
1161,839,1,1,15:06:25,20.691,20691
1161,848,1,1,15:06:28,20.758,20758
1161,839,2,2,15:09:12,20.759,20759
1161,848,2,15,15:34:40,20.489,20489
1161,861,1,16,15:36:25,21.088,21088
1161,863,1,18,15:39:36,20.669,20669
1161,844,1,19,15:41:27,20.542,20542
1161,859,1,20,15:43:09,20.283,20283
1161,4,1,21,15:45:13,25.768,25768
1161,864,1,26,15:54:05,20.845,20845
1161,832,1,27,15:55:25,20.508,20508
1161,860,1,28,15:57:54,21.194,21194
1161,865,1,29,15:59:19,20.294,20294
1161,842,1,35,16:10:30,21.5,21500
1161,1,1,36,16:11:29,20.062,20062
1161,807,1,36,16:12:10,19.97,19970
1161,846,1,37,16:13:07,21.975,21975
1161,840,1,37,16:13:54,21.82,21820
1161,852,1,38,16:14:50,20.323,20323
1161,847,1,39,16:16:26,19.809,19809
1161,830,1,40,16:17:58,20.221,20221
1162,864,1,13,20:25:18,32.856,32856
1162,852,1,13,20:25:21,24.61,24610
1162,861,1,14,20:26:53,24.04,24040
1162,830,1,19,20:34:32,24.008,24008
1162,865,1,20,20:36:38,23.827,23827
1162,844,1,21,20:37:58,23.63,23630
1162,860,1,23,20:41:33,23.979,23979
1162,1,1,24,20:42:55,24.794,24794
1162,842,1,24,20:43:30,25.583,25583
1162,847,1,25,20:44:06,23.966,23966
1162,863,1,25,20:44:27,23.806,23806
1162,807,1,25,20:44:54,24.193,24193
1162,846,1,26,20:45:51,23.314,23314
1162,857,1,27,20:47:33,26.637,26637
1162,4,1,27,20:48:02,30.749,30749
1162,839,1,30,20:53:14,25.078,25078
1162,840,1,38,21:06:26,24.012,24012
1162,848,1,42,21:13:06,25.732,25732
1162,807,2,44,21:16:50,31.894,31894
1162,1,2,46,21:18:37,23.344,23344
1162,859,1,48,21:22:53,24.027,24027
1162,832,1,50,21:26:10,24.075,24075
1162,842,2,51,21:28:14,25.188,25188
1163,848,1,7,14:16:15,23.763,23763
1163,864,1,14,14:28:26,25.567,25567
1163,844,1,22,14:41:28,23.718,23718
1163,839,1,24,14:45:28,25.06,25060
1163,842,1,27,14:50:26,26.631,26631
1163,840,1,28,14:52:04,24.192,24192
1163,865,1,28,14:52:17,23.831,23831
1163,852,1,29,14:53:25,24.539,24539
1163,857,1,30,14:54:56,23.452,23452
1163,860,1,30,14:55:07,24.11,24110
1163,4,1,30,14:55:19,24.054,24054
1163,859,1,30,14:55:22,23.681,23681
1163,1,1,31,14:56:32,23.937,23937
1163,863,1,31,14:57:10,23.949,23949
1163,846,1,32,14:58:04,24.58,24580
1163,861,1,32,14:58:59,24.045,24045
1163,830,1,33,14:59:34,23.987,23987
1163,847,1,33,15:00:00,23.555,23555
1163,807,1,33,15:00:10,23.753,23753
1163,848,2,36,15:05:34,24.582,24582
1163,864,2,36,15:05:47,24.007,24007
1164,859,1,2,14:06:17,34.212,34212
1164,832,1,17,14:27:14,22.502,22502
1164,4,1,20,14:31:29,26.816,26816
1164,863,1,22,14:33:56,22.476,22476
1164,1,1,23,14:35:15,33.308,33308
1164,860,1,24,14:36:39,22.647,22647
1164,857,1,24,14:36:46,23.211,23211
1164,847,1,25,14:38:08,22.347,22347
1164,840,1,26,14:39:51,22.071,22071
1164,839,1,27,14:41:07,23.203,23203
1164,844,1,31,14:46:14,22.215,22215
1164,842,1,33,14:50:02,22.834,22834
1164,846,1,34,14:50:05,22.567,22567
1164,865,1,34,14:51:00,22.196,22196
1164,852,1,36,14:53:42,31.63,31630
1164,830,1,37,14:54:47,22.762,22762
1164,864,1,37,14:55:13,22.41,22410
1164,848,1,41,15:00:56,22.04,22040
1164,840,2,43,15:03:36,23.713,23713
1164,832,2,46,15:07:34,30.546,30546
1164,863,2,47,15:08:41,24.523,24523
1164,857,2,47,15:08:42,22.159,22159
1164,1,2,47,15:08:45,23.342,23342
1164,860,2,48,15:09:59,22.174,22174
1164,847,2,48,15:10:01,22.47,22470
1164,861,1,48,15:11:05,22.789,22789
1164,832,3,56,15:21:35,17.969,17969
1165,852,1,2,14:06:36,22.974,22974
1165,1,1,2,14:06:43,40.076,40076
1165,830,1,7,14:15:08,23.197,23197
1165,839,1,8,14:16:48,24.204,24204
1165,1,2,14,14:24:23,23.426,23426
1165,860,1,17,14:28:03,23.748,23748
1165,832,1,17,14:28:07,26.064,26064
1165,865,1,18,14:29:18,23.708,23708
1165,842,1,18,14:29:21,23.673,23673
1165,859,1,19,14:30:36,22.899,22899
1165,863,1,21,14:32:56,23.356,23356
1165,852,2,24,14:37:02,34.185,34185
1165,4,1,28,14:42:06,23.942,23942
1165,861,1,29,14:43:24,23.71,23710
1165,840,1,29,14:43:24,23.76,23760
1165,846,1,30,14:44:02,23.49,23490
1165,1,3,32,14:47:24,30.752,30752
1165,847,1,34,14:49:18,23.358,23358
1165,830,2,34,14:49:25,23.058,23058
1165,848,1,35,14:50:54,23.061,23061
1165,807,1,36,14:52:06,23.086,23086
1165,865,2,37,14:53:26,23.46,23460
1165,857,1,38,14:54:12,34.644,34644
1165,832,2,38,14:54:46,23.234,23234
1165,842,2,39,14:55:57,23.648,23648
1165,860,2,42,14:59:34,24.654,24654
1165,861,2,43,15:01:14,26.124,26124
1165,4,2,46,15:04:57,23.563,23563
1165,863,2,47,15:05:36,23.401,23401
1165,839,2,47,15:06:07,24.177,24177
1165,852,3,47,15:06:20,33.841,33841
1165,847,2,48,15:06:54,23.128,23128
1165,846,2,50,15:09:11,23.238,23238
1165,857,2,51,15:10:43,23.113,23113
1165,830,3,54,15:14:21,23.311,23311
1165,840,2,54,15:14:59,22.968,22968
1165,848,2,55,15:16:08,23.112,23112
1166,852,1,1,20:06:03,21.383,21383
1166,864,1,1,20:06:15,33.23,33230
1166,863,1,2,20:07:58,21.968,21968
1166,859,1,2,20:08:08,32.736,32736
1166,842,1,2,20:08:09,23.903,23903
1166,848,1,13,20:26:29,23.361,23361
1166,848,2,14,20:28:31,30.065,30065
1166,4,1,16,20:31:38,21.068,21068
1166,847,1,17,20:32:52,20.929,20929
1166,860,1,17,20:33:15,21.491,21491
1166,865,1,20,20:38:00,21.324,21324
1166,857,1,21,20:39:32,21.371,21371
1166,846,1,22,20:40:53,21.049,21049
1166,832,1,22,20:41:08,21.164,21164
1166,844,1,24,20:44:22,21.351,21351
1166,830,1,25,20:45:37,21.708,21708
1166,861,1,25,20:46:33,22.842,22842
1166,839,1,27,20:49:26,22.389,22389
1166,852,2,27,20:49:47,20.68,20680
1166,859,2,28,20:51:28,21.287,21287
1166,1,1,29,20:52:31,21.638,21638
1166,807,1,30,20:54:06,22.333,22333
1166,848,3,34,21:01:22,29.308,29308
1167,830,1,7,19:13:50,29.97,29970
1167,863,1,7,19:13:55,32.002,32002
1167,832,1,7,19:13:58,28.56,28560
1167,4,1,7,19:14:00,28.288,28288
1167,847,1,7,19:14:01,33.241,33241
1167,865,1,7,19:14:03,28.815,28815
1167,844,1,7,19:14:07,30.395,30395
1167,860,1,7,19:14:09,28.837,28837
1167,859,1,7,19:14:11,28.993,28993
1167,1,1,7,19:14:11,32.166,32166
1167,852,1,7,19:14:13,29.188,29188
1167,848,1,7,19:14:14,28.89,28890
1167,864,1,7,19:14:16,28.471,28471
1167,840,1,7,19:14:17,28.124,28124
1167,861,1,7,19:14:17,29.538,29538
1167,842,1,7,19:14:40,31.343,31343
1167,839,1,8,19:16:16,34.006,34006
1167,839,2,9,19:18:56,34.54,34540
1167,857,1,24,19:40:58,29.047,29047
1167,840,2,24,19:41:37,28.064,28064
1167,846,1,25,19:42:27,27.938,27938
1167,830,2,32,19:52:29,28.168,28168
1167,832,2,32,19:52:47,28.181,28181
1167,863,2,32,19:52:51,28.544,28544
1167,4,2,32,19:52:57,28.935,28935
1167,865,2,32,19:53:01,27.931,27931
1167,847,2,32,19:53:03,29.077,29077
1167,844,2,32,19:53:06,28.999,28999
1167,860,2,32,19:53:08,45.232,45232
1167,859,2,32,19:53:09,28.078,28078
1167,852,2,32,19:53:11,28.33,28330
1167,848,2,32,19:53:12,29.457,29457
1167,1,2,32,19:53:13,28.541,28541
1167,864,2,32,19:53:16,28.234,28234
1167,861,2,32,19:53:17,28.942,28942
1167,842,2,32,19:53:23,30.559,30559
1167,839,3,34,19:56:13,30.469,30469
1167,860,3,40,20:05:15,37.513,37513
1167,857,2,42,20:06:54,27.853,27853
1167,846,2,44,20:09:51,28.243,28243
1167,840,3,49,20:17:51,35.671,35671
1168,807,1,7,17:14:13,21.619,21619
1168,1,1,8,17:15:40,21.601,21601
1168,848,1,8,17:15:41,21.551,21551
1168,842,1,13,17:23:21,22.585,22585
1168,847,1,14,17:24:34,21.979,21979
1168,865,1,14,17:24:41,21.932,21932
1168,860,1,14,17:24:45,22.263,22263
1168,864,1,15,17:26:07,22.121,22121
1168,861,1,15,17:26:25,21.953,21953
1168,846,1,16,17:27:28,21.323,21323
1168,844,1,16,17:27:30,21.692,21692
1168,4,1,16,17:27:35,23.267,23267
1168,832,1,18,17:30:51,21.799,21799
1168,839,1,19,17:32:16,22.254,22254
1168,859,1,21,17:35:27,28.369,28369
1168,830,1,23,17:37:49,21.703,21703
1168,1,2,31,17:50:26,21.417,21417
1168,852,1,32,17:51:52,27.041,27041
1168,863,1,32,17:52:04,22.155,22155
1168,848,2,33,17:53:36,21.495,21495
1168,844,2,39,18:01:53,20.902,20902
1168,846,2,40,18:03:15,21.407,21407
1168,842,2,40,18:04:14,22.234,22234
1168,861,2,40,18:04:20,22.955,22955
1168,857,1,41,18:04:39,21.565,21565
1168,840,1,42,18:06:56,21.535,21535
1168,807,2,42,18:07:04,21.468,21468
1169,861,1,9,15:16:40,27.733,27733
1169,846,1,11,15:19:21,18.266,18266
1169,839,1,11,15:19:26,18.570,18570
1169,842,1,11,15:19:27,18.672,18672
1169,832,1,11,15:19:35,19.859,19859
1169,859,1,11,15:19:42,19.112,19112
1169,4,1,11,15:19:50,25.895,25895
1169,840,1,11,15:20:00,36.686,36686
1169,847,1,12,15:20:57,17.794,17794
1169,863,1,12,15:20:59,20.985,20985
1169,848,1,12,15:21:28,18.118,18118
1169,822,1,12,15:22:42,30.387,30387
1169,4,2,13,15:23:55,16:12.356,972356
1169,866,1,18,15:30:28,18.506,18506
1169,830,1,18,15:30:29,19.070,19070
1169,860,1,18,15:30:30,18.774,18774
1169,864,1,18,15:30:35,18.916,18916
1169,815,1,18,15:31:24,21.371,21371
1169,844,1,25,15:40:29,17.664,17664
1169,840,2,26,15:43:52,33.182,33182
1169,1,1,28,15:44:45,17.741,17741
1169,864,2,33,15:52:30,22.619,22619
1169,848,2,33,15:53:04,18.404,18404
1169,832,2,33,15:53:09,25.939,25939
1169,859,2,33,15:53:16,18.190,18190
1169,846,2,34,15:53:48,17.649,17649
1169,840,3,34,15:56:24,18:01.553,1081553
1169,830,2,41,16:03:37,18.078,18078
1169,815,2,43,16:08:53,18.951,18951
1169,832,3,45,16:10:48,34.615,34615
1169,861,2,46,16:12:15,18.561,18561
1169,840,4,39,16:21:43,22.469,22469
1170,865,1,1,15:06:01,23.062,23062
1170,859,1,9,15:19:07,22.721,22721
1170,830,1,9,15:19:07,23.678,23678
1170,832,1,9,15:19:10,23.106,23106
1170,863,1,10,15:20:25,23.005,23005
1170,847,1,10,15:20:32,23.39,23390
1170,1,1,10,15:20:33,22.433,22433
1170,844,1,10,15:20:36,25.633,25633
1170,842,1,10,15:20:42,23.539,23539
1170,860,1,10,15:20:59,22.967,22967
1170,822,1,10,15:21:20,27.795,27795
1170,865,2,10,15:21:40,25.748,25748
1170,815,1,11,15:23:41,26.213,26213
1170,839,1,29,15:54:41,25.997,25997
1170,4,1,31,15:58:29,23.291,23291
1170,861,1,32,15:59:34,23.195,23195
1170,807,1,35,16:04:32,37.358,37358
1170,866,1,42,16:16:19,23.29,23290
1170,839,2,46,16:23:06,47.067,47067
1171,846,1,16,14:39:31,23.316,23316
1171,860,1,16,14:39:59,25.081,25081
1171,844,1,17,14:41:04,22.992,22992
1171,861,1,17,14:41:34,23.649,23649
1171,857,1,18,14:42:34,23.444,23444
1171,866,1,18,14:43:08,26.335,26335
1171,839,1,19,14:44:42,24.629,24629
1171,865,1,19,14:44:44,23.698,23698
1171,822,1,19,14:45:33,25.129,25129
1171,847,1,21,14:47:19,22.937,22937
1171,815,1,21,14:48:37,27.307,27307
1171,840,1,21,14:48:49,25.083,25083
1171,4,1,21,14:48:57,26.458,26458
1171,863,1,22,14:49:12,23.288,23288
1171,1,1,22,14:49:21,22.891,22891
1171,842,1,22,14:49:37,24.304,24304
1171,830,1,22,14:49:41,24.49,24490
1171,859,1,22,14:50:03,24.165,24165
1171,864,1,22,14:50:04,24.63,24630
1171,832,1,22,14:50:11,24.396,24396
1171,848,1,22,14:50:19,24.6,24600
1171,807,1,23,14:52:12,23.999,23999
1171,4,2,23,14:53:15,24.014,24014
1171,840,2,24,14:54:49,23.501,23501
1171,848,2,45,15:30:35,23.072,23072
1171,848,3,46,15:32:32,24.103,24103
1171,848,4,47,15:34:30,26.053,26053
1171,848,5,48,15:36:29,32.736,32736
1171,848,6,49,15:38:36,24.337,24337
1172,807,1,1,13:05:50,33.71,33710
1172,830,1,6,13:14:17,22.547,22547
1172,822,1,6,13:14:37,23.529,23529
1172,847,1,20,13:40:08,22.042,22042
1172,844,1,21,13:41:39,23.386,23386
1172,822,2,21,13:42:17,23.827,23827
1172,840,1,21,13:42:19,22.63,22630
1172,863,1,26,13:49:18,22.128,22128
1172,860,1,26,13:49:52,23.474,23474
1172,846,1,27,13:50:50,22.565,22565
1172,1,1,27,13:51:09,23.779,23779
1172,848,1,27,13:51:26,23.016,23016
1172,857,1,28,13:52:37,23.024,23024
1172,832,1,28,13:52:57,23.595,23595
1172,866,1,28,13:53:19,22.731,22731
1172,815,1,29,13:55:05,23.228,23228
1172,822,3,30,13:57:08,17.173,17173
1172,861,1,31,13:57:31,23.093,23093
1172,839,1,31,13:57:51,24.027,24027
1172,864,1,32,13:59:31,23.986,23986
1172,840,2,37,14:08:15,22.09,22090
1172,4,1,41,14:14:24,23.16,23160
1173,857,1,1,16:11:10,24.121,24121
1173,846,1,2,16:12:29,23.418,23418
1173,807,1,2,16:12:41,24.952,24952
1173,864,1,2,16:12:43,28.178,28178
1173,832,1,2,16:12:44,24.751,24751
1173,815,1,2,16:12:46,25.737,25737
1173,822,1,3,16:14:15,28.257,28257
1173,822,2,9,16:22:48,24.847,24847
1173,857,2,12,16:26:00,36.627,36627
1173,840,1,14,16:29:04,24.249,24249
1173,846,2,15,16:29:45,28.859,28859
1173,815,2,15,16:30:22,25.153,25153
1173,839,1,16,16:31:27,24.833,24833
1173,864,2,18,16:34:08,24.766,24766
1173,807,2,20,16:36:38,31.024,31024
1173,4,1,20,16:36:49,24.709,24709
1173,861,1,30,16:49:08,25.64,25640
1173,815,3,29,16:49:21,24.984,24984
1173,859,1,30,16:49:23,24.177,24177
1173,842,1,30,16:49:29,25.644,25644
1173,860,1,30,16:49:34,44.957,44957
1173,832,2,30,16:49:43,25.636,25636
1173,863,1,31,16:49:51,25.153,25153
1173,830,1,31,16:49:57,25.199,25199
1173,1,1,31,16:50:08,25.936,25936
1173,844,1,31,16:50:10,30.114,30114
1173,865,1,31,16:50:12,24.902,24902
1173,822,3,29,16:50:37,24.413,24413
1173,839,2,30,16:50:53,35.351,35351
1173,840,2,49,17:17:26,24.146,24146
1173,865,2,52,17:17:49,34.713,34713
1173,857,3,51,17:18:13,36.103,36103
1173,822,4,49,17:18:16,31.102,31102
1173,865,3,62,17:31:14,34.809,34809
1174,860,1,1,15:04:43,32.127,32127
1174,822,1,1,15:04:43,26.759,26759
1174,864,1,1,15:04:45,25.927,25927
1174,4,1,3,15:07:26,24.975,24975
1174,815,1,4,15:08:42,27.138,27138
1174,840,1,4,15:08:49,24.803,24803
1174,839,1,9,15:15:21,25.482,25482
1174,815,2,9,15:15:39,19.777,19777
1174,807,1,12,15:19:14,24.810,24810
1174,1,1,28,15:39:15,24.138,24138
1174,847,1,31,15:43:44,24.029,24029
1174,865,1,32,15:45:03,24.784,24784
1174,844,1,35,15:48:22,25.377,25377
1174,861,1,35,15:49:39,25.797,25797
1174,863,1,37,15:50:33,24.136,24136
1174,848,1,43,16:00:11,25.553,25553
1174,864,2,43,16:01:08,24.690,24690
1174,859,1,44,16:01:16,25.622,25622
1174,842,1,45,16:02:15,25.547,25547
1174,857,1,48,16:06:06,24.244,24244
1174,832,1,52,16:12:20,25.662,25662
1174,857,2,59,16:20:53,31.421,31421
1174,1,2,60,16:20:54,31.227,31227
1174,807,2,58,16:20:56,20.508,20508
1174,844,2,60,16:20:59,34.907,34907
1174,4,2,58,16:21:07,26.334,26334
1174,864,3,58,16:21:49,20.324,20324
1174,863,2,61,16:22:12,26.878,26878
1174,847,2,60,16:22:14,35.258,35258
1174,865,2,60,16:22:25,19.675,19675
1174,866,1,59,16:22:30,20.211,20211
1174,848,2,59,16:22:32,19.743,19743
1174,832,2,59,16:22:33,19.889,19889
1174,839,2,59,16:22:48,19.905,19905
1174,807,3,59,16:22:50,19.988,19988
1174,861,2,59,16:22:52,21.973,21973
1174,842,2,60,16:22:55,19.819,19819
1174,857,3,60,16:22:59,20.139,20139
1174,1,3,61,16:23:01,24.264,24264
1174,4,3,59,16:23:06,20.227,20227
1174,844,3,61,16:23:09,20.019,20019
1174,859,2,60,16:23:20,19.911,19911
1174,815,3,59,16:23:24,26.005,26005
1174,864,4,59,16:23:41,24.824,24824
1174,863,3,66,16:32:22,20.717,20717
1174,1,4,66,16:32:24,22.540,22540
1174,865,3,66,16:32:25,22.305,22305
1174,847,3,66,16:32:27,22.530,22530
1174,866,2,65,16:32:28,22.798,22798
1174,848,3,65,16:32:30,22.728,22728
1174,832,3,65,16:32:31,22.177,22177
1174,839,3,65,16:32:33,21.488,21488
1174,807,4,65,16:32:34,22.389,22389
1174,842,3,66,16:32:37,23.375,23375
1174,861,3,65,16:32:38,23.357,23357
1174,857,4,66,16:32:39,23.486,23486
1174,4,4,65,16:32:40,24.099,24099
1174,815,4,65,16:32:42,23.824,23824
1174,864,5,65,16:32:44,22.785,22785
1174,859,3,66,16:32:50,20.392,20392
1174,863,4,68,16:36:17,35:54.149,2154149
1174,1,5,68,16:36:18,35:56.259,2156259
1174,865,4,68,16:36:20,35:56.620,2156620
1174,847,4,68,16:36:22,35:58.116,2158116
1174,866,3,67,16:36:23,33:43.036,2023036
1174,848,4,67,16:36:24,33:44.189,2024189
1174,832,4,67,16:36:26,33:45.722,2025722
1174,839,4,67,16:36:28,33:45.991,2025991
1174,807,5,67,16:36:29,33:47.049,2027049
1174,842,4,68,16:36:31,35:51.596,2151596
1174,861,4,67,16:36:32,33:45.881,2025881
1174,857,5,68,16:36:34,35:51.478,2151478
1174,4,5,67,16:36:36,33:44.741,2024741
1174,815,5,67,16:36:37,33:46.890,2026890
1174,864,6,67,16:36:39,33:49.911,2029911
1174,859,4,68,16:36:42,35:46.050,2146050
1174,866,4,68,17:11:29,1:02.596,62596
1174,848,5,68,17:11:31,1:02.226,62226
1174,832,5,68,17:11:35,1:01.968,61968
1174,839,5,68,17:11:36,1:02.669,62669
1174,807,6,68,17:11:40,1:01.930,61930
1174,861,5,68,17:11:43,1:04.453,64453
1174,4,6,68,17:11:46,1:04.941,64941
1174,815,6,68,17:11:48,1:05.820,65820
1174,864,7,68,17:11:51,1:03.996,63996
1174,847,5,72,17:19:17,19.776,19776
1175,1,1,11,15:18:43,22.480,22480
1175,859,1,11,15:19:05,25.983,25983
1175,847,1,12,15:20:03,22.080,22080
1175,830,1,12,15:20:15,22.273,22273
1175,861,1,12,15:20:38,22.983,22983
1175,815,1,12,15:20:52,24.805,24805
1175,846,1,13,15:21:34,21.791,21791
1175,807,1,13,15:21:58,22.869,22869
1175,839,1,13,15:22:13,23.256,23256
1175,848,1,13,15:22:15,24.005,24005
1175,863,1,14,15:22:55,22.038,22038
1175,857,1,14,15:23:07,21.776,21776
1175,842,1,14,15:23:31,22.682,22682
1175,832,1,14,15:23:35,22.977,22977
1175,822,1,14,15:23:59,23.280,23280
1175,865,1,15,15:24:48,22.444,22444
1175,864,1,15,15:25:07,22.783,22783
1175,844,1,16,15:25:51,22.249,22249
1175,860,1,18,15:29:25,23.118,23118
1175,4,1,21,15:34:11,22.220,22220
1175,866,1,22,15:34:58,22.476,22476
1175,1,2,27,15:41:05,22.477,22477
1175,830,2,29,15:44:04,24.189,24189
1175,848,2,29,15:45:34,22.027,22027
1175,832,2,30,15:46:35,22.595,22595
1175,815,2,31,15:48:37,24.432,24432
1175,865,2,32,15:48:46,22.528,22528
1175,864,2,33,15:50:58,22.285,22285
1175,861,2,34,15:52:02,22.290,22290
1175,846,2,35,15:52:14,22.041,22041
1175,839,2,34,15:52:35,26.449,26449
1175,848,3,34,15:52:59,12:57.770,777770
1175,859,2,35,15:53:25,23.172,23172
1175,847,2,36,15:53:32,21.677,21677
1175,857,2,36,15:53:56,22.661,22661
1175,863,2,37,15:54:54,22.210,22210
1175,866,2,37,15:56:31,24.010,24010
1175,844,2,39,15:57:58,22.125,22125
1175,830,3,40,15:59:35,22.786,22786
1175,860,2,39,15:59:42,23.901,23901
1175,815,3,39,16:00:43,23.912,23912
1175,1,3,41,16:00:50,22.837,22837
1175,842,2,40,16:00:55,23.310,23310
1175,864,3,53,16:19:54,25.915,25915
1175,832,3,55,16:22:41,22.772,22772
1175,865,3,58,16:25:31,21.949,21949
1175,839,3,58,16:27:21,22.965,22965
1175,848,4,50,16:28:24,22.703,22703
1176,1,1,12,15:17:52,21.369,21369
1176,844,1,13,15:19:10,21.731,21731
1176,842,1,13,15:19:33,21.6,21600
1176,832,1,14,15:20:51,21.371,21371
1176,864,1,17,15:24:22,22.605,22605
1176,830,1,18,15:25:08,21.317,21317
1176,865,1,18,15:25:21,21.77,21770
1176,866,1,18,15:25:32,21.408,21408
1176,839,1,18,15:25:50,21.878,21878
1176,848,1,18,15:25:53,21.249,21249
1176,847,1,19,15:26:16,21.204,21204
1176,857,1,19,15:26:31,22.077,22077
1176,859,1,19,15:26:44,22.022,22022
1176,861,1,20,15:28:24,21.561,21561
1176,846,1,21,15:29:01,21.578,21578
1176,807,1,21,15:29:31,21.585,21585
1176,863,1,24,15:32:30,21.413,21413
1176,860,1,24,15:33:29,21.593,21593
1176,4,1,24,15:33:56,22.358,22358
1176,840,1,24,15:34:04,23.522,23522
1176,1,2,25,15:34:17,21.25,21250
1176,839,2,33,15:45:18,25.455,25455
1176,844,2,37,15:49:12,21.02,21020
1176,848,2,37,15:50:22,21.27,21270
1176,842,2,38,15:51:10,21.212,21212
1176,865,2,40,15:52:52,21.268,21268
1176,857,2,42,15:55:11,21.209,21209
1176,1,3,42,15:55:13,21.267,21267
1176,847,2,43,15:56:07,21.221,21221
1176,864,2,44,15:58:22,21.877,21877
1176,859,2,45,15:59:29,21.545,21545
1176,807,2,45,15:59:44,22.591,22591
1176,860,2,45,16:00:03,22.044,22044
1176,866,2,46,16:00:41,21.551,21551
1176,846,2,47,16:01:19,21.816,21816
1176,861,2,46,16:01:25,21.446,21446
1176,830,2,49,16:03:24,21.252,21252
1176,863,2,51,16:05:50,21.502,21502
1176,4,2,49,16:05:57,28.713,28713
1176,842,3,51,16:07:16,21.58,21580
1176,844,3,59,16:16:08,22.738,22738
1177,848,1,1,15:06:09,44.179,44179
1177,857,1,2,15:07:34,40.553,40553
1177,848,2,14,15:28:00,41.291,41291
1177,830,1,17,15:30:43,28.738,28738
1177,807,1,17,15:31:25,28.979,28979
1177,840,1,18,15:33:41,28.734,28734
1177,865,1,19,15:33:59,29.972,29972
1177,832,1,20,15:36:11,28.894,28894
1177,4,1,20,15:37:01,28.732,28732
1177,839,1,21,15:37:56,43.253,43253
1177,815,1,21,15:38:09,29.374,29374
1177,861,1,22,15:39:27,29.36,29360
1177,1,1,23,15:40:18,34.864,34864
1177,847,1,23,15:40:22,28.663,28663
1177,842,1,23,15:41:02,33.608,33608
1177,848,3,23,15:43:15,39.601,39601
1177,844,1,25,15:43:16,28.444,28444
1177,864,1,26,15:45:41,28.662,28662
1177,866,1,27,15:47:14,28.974,28974
1177,846,1,28,15:48:24,28.833,28833
1177,859,1,28,15:48:46,28.746,28746
1177,860,1,29,15:51:04,29.971,29971
1177,822,1,29,15:51:29,31.599,31599
1177,847,2,34,15:57:52,28.337,28337
1177,807,2,34,15:58:52,35.858,35858
1177,863,1,35,15:58:55,28.948,28948
1177,857,2,36,16:02:14,29.515,29515
1177,848,4,35,16:03:00,31.474,31474
1177,830,2,38,16:04:09,28.95,28950
1177,846,2,38,16:04:25,29.818,29818
1177,865,2,38,16:04:37,36.408,36408
1177,863,2,41,16:08:59,41.215,41215
1177,848,5,40,16:11:43,32.582,32582
1177,863,3,43,16:12:57,33.65,33650
1177,865,3,47,16:19:06,29.672,29672
1177,815,2,46,16:19:12,29.866,29866
1177,859,2,47,16:19:28,28.577,28577
1177,866,2,47,16:19:30,32.143,32143
1177,864,2,47,16:19:38,29.926,29926
1177,822,2,46,16:19:56,29.584,29584
1177,861,2,47,16:20:01,29.461,29461
1177,844,2,48,16:20:05,28.887,28887
1177,1,2,48,16:20:32,28.732,28732
1177,857,3,47,16:20:34,29.081,29081
1177,4,2,46,16:20:47,29.964,29964
1177,840,2,46,16:20:53,46.234,46234
1177,860,2,47,16:20:55,30.274,30274
1177,839,2,47,16:21:01,31.212,31212
1177,846,3,48,16:21:02,28.475,28475
1177,842,2,48,16:22:11,28.737,28737
1177,832,2,48,16:22:49,29.219,29219
1178,860,1,1,15:06:21,26.554,26554
1178,865,1,1,15:06:22,24.156,24156
1178,815,1,1,15:06:23,25.372,25372
1178,822,1,1,15:06:26,30.594,30594
1178,839,1,1,15:06:32,33.74,33740
1178,865,2,2,15:09:02,22.997,22997
1178,815,2,12,15:29:41,27.617,27617
1178,842,1,14,15:32:55,24.177,24177
1178,832,1,14,15:33:07,34.841,34841
1178,859,1,15,15:34:46,23.722,23722
1178,861,1,15,15:34:49,24.146,24146
1178,866,1,16,15:36:37,24.81,24810
1178,839,2,16,15:37:01,24.124,24124
1178,830,1,17,15:38:12,23.128,23128
1178,840,1,17,15:39:28,31.649,31649
1178,863,1,18,15:40:12,23.093,23093
1178,848,1,18,15:40:49,22.638,22638
1178,4,1,19,15:43:29,23.19,23190
1178,844,1,20,15:44:12,23.164,23164
1178,1,1,20,15:44:17,32.201,32201
1178,857,1,20,15:44:22,23.292,23292
1178,865,3,20,15:44:37,24.727,24727
1178,864,1,20,15:44:42,23.127,23127
1178,807,1,20,15:44:45,26.098,26098
1178,860,2,20,15:44:59,28.982,28982
1178,846,1,30,16:03:05,28.314,28314
1178,4,2,31,16:07:18,24.746,24746
1178,822,2,32,16:08:30,25.91,25910
1179,840,1,8,15:15:19,21.789,21789
1179,1,1,13,15:21:59,21.748,21748
1179,830,1,14,15:23:24,21.625,21625
1179,861,1,15,15:25:31,22.995,22995
1179,857,1,16,15:26:11,21.765,21765
1179,844,1,16,15:26:19,21.931,21931
1179,842,1,16,15:26:52,21.458,21458
1179,846,1,17,15:27:37,22.147,22147
1179,839,1,17,15:28:26,22.505,22505
1179,832,1,18,15:30:00,21.614,21614
1179,865,1,19,15:30:54,21.822,21822
1179,807,1,19,15:31:08,21.42,21420
1179,866,1,20,15:32:33,21.395,21395
1179,859,1,21,15:33:58,21.923,21923
1179,815,1,21,15:34:51,23.212,23212
1179,863,1,22,15:34:54,21.326,21326
1179,860,1,22,15:35:53,22.504,22504
1179,848,1,26,15:41:57,22.105,22105
1179,847,1,27,15:42:33,22.247,22247
1179,864,1,29,15:45:49,21.749,21749
1179,1,2,30,15:46:33,21.693,21693
1179,857,2,33,15:50:42,21.72,21720
1179,4,1,34,15:53:26,22.175,22175
1179,839,2,35,15:55:06,22.399,22399
1179,844,2,36,15:55:09,21.763,21763
1179,840,2,37,15:57:53,24.241,24241
1179,861,2,37,15:57:57,22.206,22206
1179,846,2,39,15:59:10,22.112,22112
1179,807,2,39,16:00:18,22.186,22186
1179,842,2,39,16:00:34,21.574,21574
1179,830,2,41,16:02:11,22.015,22015
1179,865,2,42,16:04:09,22.211,22211
1179,859,2,42,16:04:32,21.598,21598
1179,860,2,42,16:05:42,22.336,22336
1179,832,2,43,16:07:01,28.658,28658
1179,815,2,46,16:12:05,24.261,24261
1179,863,2,53,16:19:12,21.358,21358
1179,847,2,54,16:21:13,22.019,22019
1179,848,2,54,16:23:16,22.757,22757
1179,846,3,56,16:23:22,21.878,21878
1179,832,3,54,16:23:24,22.082,22082
1179,1,3,56,16:23:40,22.42,22420
1179,844,3,56,16:23:55,21.945,21945
1179,842,3,55,16:24:06,21.74,21740
1179,4,2,55,16:24:15,22.613,22613
1180,846,1,2,15:06:53,26:11.504,1571504
1180,863,1,2,15:06:54,26:12.514,1572514
1180,847,1,2,15:06:58,26:13.693,1573693
1180,844,1,2,15:07:01,26:13.710,1573710
1180,857,1,2,15:07:04,26:14.840,1574840
1180,1,1,2,15:07:07,26:16.669,1576669
1180,859,1,2,15:07:10,26:16.876,1576876
1180,866,1,2,15:07:14,26:18.208,1578208
1180,842,1,2,15:07:18,26:17.299,1577299
1180,861,1,2,15:07:20,26:18.808,1578808
1180,852,1,2,15:07:24,26:21.147,1581147
1180,807,1,2,15:07:25,26:22.964,1582964
1180,839,1,2,15:07:29,26:24.823,1584823
1180,848,1,2,15:07:31,26:19.260,1579260
1180,4,1,2,15:07:32,26:27.131,1587131
1180,860,1,2,15:07:37,26:24.691,1584691
1180,840,1,2,15:07:39,26:59.974,1619974
1180,864,1,2,15:07:41,26:23.720,1583720
1180,832,1,2,15:07:43,26:57.479,1617479
1180,815,1,2,15:07:47,26:58.090,1618090
1180,822,1,2,15:07:51,26:52.131,1612131
1180,866,2,5,15:41:07,12.338,12338
1180,861,2,8,15:45:06,12.092,12092
1180,864,2,11,15:49:06,18.074,18074
1180,840,2,15,15:54:26,17.645,17645
1180,839,2,16,15:55:42,18.662,18662
1180,847,2,17,15:56:35,18.010,18010
1180,857,2,18,15:57:50,20.267,20267
1180,842,2,18,15:58:11,18.003,18003
1180,852,2,18,15:58:16,18.019,18019
1180,807,2,19,15:59:32,17.082,17082
1180,863,2,21,16:01:36,18.797,18797
1180,846,2,21,16:01:38,18.074,18074
1180,844,2,21,16:01:46,19.770,19770
1180,859,2,21,16:01:59,18.668,18668
1180,861,3,21,16:02:40,19.477,19477
1180,1,2,25,16:06:59,17.872,17872
1180,848,2,26,16:08:53,17.592,17592
1180,822,2,28,16:12:01,20.045,20045
1180,815,2,29,16:13:23,18.424,18424
1180,832,2,30,16:14:24,17.814,17814
1180,4,2,34,16:19:27,17.606,17606
1180,864,3,34,16:19:41,17.519,17519
1180,840,3,35,16:21:11,17.200,17200
1180,866,3,36,16:22:22,18.578,18578
1180,839,3,36,16:22:26,17.965,17965
1180,863,3,40,16:26:09,17.767,17767
1180,847,3,40,16:26:19,17.451,17451
1180,844,3,43,16:30:11,18.746,18746
1180,857,3,44,16:31:39,18.100,18100
1180,852,3,44,16:32:40,17.824,17824
1180,861,4,45,16:34:31,18.355,18355
1180,846,3,47,16:35:06,17.552,17552
1180,842,3,46,16:35:16,18.116,18116
1180,859,3,47,16:35:52,18.256,18256
1180,807,3,48,16:37:36,17.771,17771
1180,848,3,49,16:39:35,17.482,17482
1180,822,3,51,16:42:59,19.658,19658
1180,815,3,52,16:43:56,18.564,18564
1180,864,4,53,16:44:43,19.215,19215
1180,1,3,55,16:45:51,18.710,18710
1180,844,4,55,16:45:59,18.730,18730
1180,857,4,55,16:46:20,17.851,17851
1180,863,4,56,16:47:32,19.142,19142
1180,832,3,65,17:02:09,18.047,18047
1181,847,1,3,15:08:21,30:46.248,1846248
1181,842,1,3,15:08:25,30:44.663,1844663
1181,830,1,3,15:08:28,30:44.146,1844146
1181,861,1,3,15:08:30,30:44.996,1844996
1181,857,1,3,15:08:38,30:40.438,1840438
1181,846,1,3,15:08:40,30:40.768,1840768
1181,866,1,3,15:08:42,30:42.620,1842620
1181,1,1,3,15:08:43,30:45.216,1845216
1181,860,1,3,15:08:47,30:43.448,1843448
1181,839,1,3,15:08:49,30:42.646,1842646
1181,864,1,3,15:08:51,30:42.781,1842781
1181,863,1,3,15:08:53,30:42.698,1842698
1181,807,1,3,15:08:54,30:44.112,1844112
1181,852,1,3,15:09:01,30:40.008,1840008
1181,859,1,3,15:09:03,30:41.521,1841521
1181,832,1,3,15:09:05,30:42.742,1842742
1181,815,1,3,15:09:08,30:42.569,1842569
1181,848,1,3,15:09:10,30:42.520,1842520
1181,822,1,3,15:09:12,30:41.819,1841819
1181,840,1,3,15:09:15,30:42.026,1842026
1181,4,1,3,15:09:20,30:39.472,1839472
1181,859,2,12,15:56:05,31.197,31197
1181,807,2,27,16:17:55,24.246,24246
1181,839,2,27,16:17:59,27.286,27286
1181,832,2,27,16:17:59,24.570,24570
1181,815,2,27,16:18:36,28.458,28458
1181,822,2,27,16:18:39,35.251,35251
1181,863,2,28,16:19:02,24.963,24963
1181,830,2,28,16:19:04,24.933,24933
1181,848,2,46,16:46:00,26.394,26394
1182,863,1,14,15:27:29,31.843,31843
1182,830,1,14,15:27:37,31.067,31067
1182,847,1,14,15:27:44,30.74,30740
1182,861,1,14,15:28:23,31.671,31671
1182,866,1,14,15:28:25,31.848,31848
1182,839,1,14,15:28:27,32.173,32173
1182,807,1,14,15:28:28,31.04,31040
1182,848,1,14,15:28:47,31.158,31158
1182,815,1,14,15:28:54,32.217,32217
1182,4,1,14,15:28:58,43.845,43845
1182,846,1,15,15:29:45,35.134,35134
1182,832,1,23,15:44:29,46.367,46367
1182,847,2,28,15:51:33,30.622,30622
1182,822,1,29,15:55:17,31.71,31710
1182,832,2,31,15:58:56,31.428,31428
1182,860,1,33,16:01:05,33.312,33312
1182,852,1,36,16:06:00,31.414,31414
1182,4,2,37,16:08:29,32.002,32002
1182,857,1,42,16:15:01,31.408,31408
1182,860,2,43,16:18:11,31.441,31441
1182,859,1,44,16:18:17,30.972,30972
1182,822,2,43,16:19:49,31.667,31667
1182,864,1,47,16:23:45,30.836,30836
1182,844,1,48,16:23:59,31.319,31319
1182,842,1,55,16:36:47,31.483,31483
1183,832,1,20,15:40:50,20.662,20662
1183,822,1,26,15:52:42,23.024,23024
1183,842,1,30,15:58:29,20.737,20737
1183,863,1,30,15:58:34,20.771,20771
1183,846,1,30,15:58:45,20.801,20801
1183,861,1,30,15:58:48,20.725,20725
1183,860,1,30,15:58:54,21.282,21282
1183,839,1,30,15:59:04,21.419,21419
1183,866,1,30,15:59:13,22.175,22175
1183,864,1,30,15:59:24,20.385,20385
1183,815,1,30,15:59:35,22.265,22265
1183,832,2,30,15:59:51,21.428,21428
1183,847,1,31,16:00:12,20.682,20682
1183,857,1,31,16:00:28,20.544,20544
1183,830,1,31,16:00:29,20.802,20802
1183,865,1,31,16:00:34,21.935,21935
1183,844,1,31,16:00:37,22.037,22037
1183,1,1,31,16:00:49,22.111,22111
1183,859,1,31,16:01:31,21.718,21718
1183,807,1,32,16:04:03,20.105,20105
1183,847,2,36,16:13:33,15.102,15102
1183,830,2,36,16:13:34,15.212,15212
1183,857,2,36,16:13:38,15.143,15143
1183,865,2,36,16:13:41,15.214,15214
1183,844,2,36,16:13:43,15.546,15546
1183,1,2,36,16:13:44,16.512,16512
1183,863,2,36,16:13:45,16.39,16390
1183,839,2,36,16:13:47,16.161,16161
1183,860,2,36,16:13:48,16.312,16312
1183,866,2,36,16:13:49,16.042,16042
1183,807,2,36,16:13:51,15.306,15306
1183,832,3,36,16:13:51,15.989,15989
1183,864,2,36,16:13:53,15.275,15275
1183,815,2,36,16:13:54,15.381,15381
1183,859,2,36,16:13:57,23.698,23698
1183,822,2,36,16:14:33,15.093,15093
